0	0	0	1	0	0	0	0	1	0	0	0	0	0	0	0	0	0	0	0	0	0	0	WeMoInsightSwitch
0	0	0	1	0	0	0	0	1	0	0	0	0	0	0	0	0	0	0	0	0	0	0	WeMoInsightSwitch
0	0	0	0	0	0	0	0	1	0	0	0	0	0	0	0	0	0	0	0	0	0	0	WeMoInsightSwitch
0	0	0	1	0	0	0	0	1	0	0	0	0	0	0	0	0	0	0	0	0	0	0	WeMoInsightSwitch
0	0	0	1	0	0	0	0	1	0	0	0	0	0	0	0	0	0	0	0	0	0	0	WeMoInsightSwitch
0	0	0	0	0	0	0	0	1	0	0	0	0	0	0	0	0	0	0	0	0	0	0	WeMoInsightSwitch
0	0	0	0	556	0	0	0	2	1	1	0	0	0	1	0	0	1	1	0	0	0	0	WeMoInsightSwitch
0	0	0	0	556	0	0	0	2	1	1	0	0	0	1	0	0	1	1	0	0	0	0	WeMoInsightSwitch
0	0	0	0	556	0	0	0	2	1	1	0	0	0	1	0	0	1	1	0	0	0	0	WeMoInsightSwitch
0	0	0	0	556	0	0	0	2	1	1	0	0	0	1	0	0	1	1	0	0	0	0	WeMoInsightSwitch
0	0	0	0	556	0	0	0	2	1	1	0	0	0	1	0	0	1	1	0	0	0	0	WeMoInsightSwitch
0	0	0	0	556	0	0	0	2	1	1	0	0	0	1	0	0	1	1	0	0	0	0	WeMoInsightSwitch
0	0	0	0	556	0	0	0	2	1	1	0	0	0	1	0	0	1	1	0	0	0	0	WeMoInsightSwitch
0	0	0	0	0	0	0	0	2	0	0	0	0	0	0	0	0	0	0	0	0	0	0	WeMoInsightSwitch
0	1	0	0	0	0	0	0	2	0	0	0	0	0	0	0	0	0	0	0	0	0	0	WeMoInsightSwitch
0	1	0	0	0	0	0	0	2	0	0	0	0	0	0	0	0	0	0	0	0	0	0	WeMoInsightSwitch
0	1	0	0	0	0	0	0	2	0	0	0	0	0	0	0	0	0	0	0	0	0	0	WeMoInsightSwitch
0	1	0	0	0	0	0	0	2	0	0	0	0	0	0	0	0	0	0	0	0	0	0	WeMoInsightSwitch
0	0	0	0	40	0	0	0	3	2	1	0	0	0	1	0	0	0	0	0	1	0	0	WeMoInsightSwitch
0	0	0	0	409	0	0	0	4	1	2	0	0	0	1	0	0	0	0	0	1	0	0	WeMoInsightSwitch
0	0	0	0	55	0	0	0	4	2	1	0	0	0	1	0	0	0	0	0	1	0	0	WeMoInsightSwitch
0	0	0	0	183	0	0	0	4	1	2	0	0	0	1	0	0	0	0	0	1	0	0	WeMoInsightSwitch
0	0	0	0	0	0	0	0	4	0	0	0	0	0	0	0	0	0	0	0	0	0	0	WeMoInsightSwitch
0	0	0	0	0	0	0	0	4	0	0	0	0	0	0	0	0	0	0	0	0	0	0	WeMoInsightSwitch
0	1	0	0	0	0	0	0	4	0	0	0	0	0	0	0	0	0	0	0	0	0	0	WeMoInsightSwitch
0	1	0	0	0	0	0	0	4	0	0	0	0	0	0	0	0	0	0	0	0	0	0	WeMoInsightSwitch
0	0	0	0	38	0	0	0	4	2	1	0	0	0	1	0	0	0	0	0	1	0	0	WeMoInsightSwitch
0	0	0	0	434	0	0	0	4	1	2	0	0	0	1	0	0	0	0	0	1	0	0	WeMoInsightSwitch
0	0	0	0	38	0	0	0	4	2	1	0	0	0	1	0	0	0	0	0	1	0	0	WeMoInsightSwitch
0	0	0	0	434	0	0	0	4	1	2	0	0	0	1	0	0	0	0	0	1	0	0	WeMoInsightSwitch
0	0	0	0	47	0	0	0	4	2	1	0	0	0	1	0	0	0	0	0	1	0	0	WeMoInsightSwitch
0	0	0	0	233	0	0	0	4	1	2	0	0	0	1	0	0	0	0	0	1	0	0	WeMoInsightSwitch
0	0	0	0	44	0	0	0	4	2	1	0	0	0	1	0	0	0	0	0	1	0	0	WeMoInsightSwitch
0	0	0	0	446	0	0	0	4	1	2	0	0	0	1	0	0	0	0	0	1	0	0	WeMoInsightSwitch
0	0	0	0	58	0	0	0	4	2	1	0	0	0	1	0	0	0	0	0	1	0	0	WeMoInsightSwitch
0	0	0	0	58	0	0	0	4	1	2	0	0	0	1	0	0	0	0	0	1	0	0	WeMoInsightSwitch
0	0	0	0	28	0	0	0	4	2	1	0	0	0	1	0	0	0	0	0	1	0	0	WeMoInsightSwitch
0	0	0	0	84	0	0	0	4	1	2	0	0	0	1	0	0	0	0	0	1	0	0	WeMoInsightSwitch
0	0	0	0	28	0	0	0	4	2	1	0	0	0	1	0	0	0	0	0	1	0	0	WeMoInsightSwitch
0	0	0	0	28	0	0	0	4	1	2	0	0	0	1	0	0	0	0	0	1	0	0	WeMoInsightSwitch
0	0	0	0	28	0	0	0	4	2	1	0	0	0	1	0	0	0	0	0	1	0	0	WeMoInsightSwitch
0	0	0	0	28	0	0	0	4	1	2	0	0	0	1	0	0	0	0	0	1	0	0	WeMoInsightSwitch
0	0	0	0	28	0	0	0	4	2	1	0	0	0	1	0	0	0	0	0	1	0	0	WeMoInsightSwitch
0	0	0	0	28	0	0	0	4	1	2	0	0	0	1	0	0	0	0	0	1	0	0	WeMoInsightSwitch
0	0	0	0	28	0	0	0	4	2	1	0	0	0	1	0	0	0	0	0	1	0	0	WeMoInsightSwitch
0	0	0	0	28	0	0	0	4	1	2	0	0	0	1	0	0	0	0	0	1	0	0	WeMoInsightSwitch
0	0	0	0	40	0	0	0	5	3	2	0	0	1	0	0	0	0	0	0	0	0	0	WeMoInsightSwitch
0	0	0	0	56	0	0	0	6	2	1	0	0	0	1	0	0	0	0	0	0	0	1	WeMoInsightSwitch
0	0	0	0	56	0	0	0	7	2	1	0	0	0	1	0	0	0	0	0	0	0	1	WeMoInsightSwitch
0	0	0	0	56	0	0	0	7	1	2	0	0	0	1	0	0	0	0	0	0	0	1	WeMoInsightSwitch
0	0	0	0	56	0	0	0	8	2	1	0	0	0	1	0	0	0	0	0	0	0	1	WeMoInsightSwitch
0	0	0	0	56	0	0	0	8	1	2	0	0	0	1	0	0	0	0	0	0	0	1	WeMoInsightSwitch
0	0	0	0	0	0	0	0	8	0	0	0	0	0	0	0	0	0	0	0	0	0	0	WeMoInsightSwitch
0	0	0	0	40	0	0	0	9	2	1	0	0	1	0	1	0	0	0	0	0	0	0	WeMoInsightSwitch
0	0	0	0	40	0	0	0	9	3	2	0	0	1	0	0	0	0	0	0	0	0	0	WeMoInsightSwitch
0	0	0	0	0	0	0	0	9	0	0	0	0	0	0	0	0	0	0	0	0	0	0	WeMoInsightSwitch
0	0	0	0	50	0	0	0	9	2	1	0	0	0	1	0	0	0	0	0	1	0	0	WeMoInsightSwitch
0	0	0	0	412	0	0	0	9	1	2	0	0	0	1	0	0	0	0	0	1	0	0	WeMoInsightSwitch
0	0	0	0	40	0	0	0	10	3	1	0	0	1	0	1	0	0	0	0	0	0	0	WeMoInsightSwitch
0	0	0	0	40	0	0	0	10	2	1	0	0	1	0	1	0	0	0	0	0	0	0	WeMoInsightSwitch
0	0	0	0	40	0	0	0	10	3	1	0	0	1	0	1	0	0	0	0	0	0	0	WeMoInsightSwitch
0	0	0	0	51	0	0	0	10	2	1	0	0	0	1	0	0	0	0	0	1	0	0	WeMoInsightSwitch
0	0	0	0	83	0	0	0	10	1	2	0	0	0	1	0	0	0	0	0	1	0	0	WeMoInsightSwitch
0	0	0	0	40	0	0	0	11	3	1	0	0	1	0	1	0	0	0	0	0	0	0	WeMoInsightSwitch
0	0	0	0	40	0	0	0	11	3	1	0	0	1	0	1	0	0	0	0	0	0	0	WeMoInsightSwitch
0	0	0	0	40	0	0	0	11	3	1	0	0	1	0	1	0	0	0	0	0	0	0	WeMoInsightSwitch
0	0	0	0	40	0	0	0	11	3	2	0	0	1	0	0	0	0	0	0	0	0	0	WeMoInsightSwitch
0	0	0	0	40	0	0	0	11	2	1	0	0	1	0	1	0	0	0	0	0	0	0	WeMoInsightSwitch
0	0	0	0	56	0	0	0	11	2	1	0	0	0	1	0	0	0	0	0	0	0	1	WeMoInsightSwitch
0	0	0	0	56	0	0	0	11	2	1	0	0	0	1	0	0	0	0	0	0	0	1	WeMoInsightSwitch
0	0	0	0	56	0	0	0	11	1	2	0	0	0	1	0	0	0	0	0	0	0	1	WeMoInsightSwitch
0	0	0	0	56	0	0	0	11	2	1	0	0	0	1	0	0	0	0	0	0	0	1	WeMoInsightSwitch
0	0	0	0	56	0	0	0	11	1	2	0	0	0	1	0	0	0	0	0	0	0	1	WeMoInsightSwitch
0	0	0	0	40	0	0	0	11	3	1	0	0	1	0	1	0	0	0	0	0	0	0	WeMoInsightSwitch
0	0	0	0	40	0	0	0	11	3	1	0	0	1	0	1	0	0	0	0	0	0	0	WeMoInsightSwitch
0	0	0	0	40	0	0	0	11	3	1	0	0	1	0	1	0	0	0	0	0	0	0	WeMoInsightSwitch
0	0	0	0	40	0	0	0	11	3	2	0	0	1	0	0	0	0	0	0	0	0	0	WeMoInsightSwitch
0	0	0	0	40	0	0	0	11	2	1	0	0	1	0	1	0	0	0	0	0	0	0	WeMoInsightSwitch
0	0	0	0	16	0	0	1	12	0	0	0	0	0	0	0	0	0	0	0	0	0	0	WeMoInsightSwitch
0	0	0	0	390	0	0	0	13	2	2	0	0	0	1	0	0	0	0	1	0	0	0	WeMoInsightSwitch
0	0	0	0	389	0	0	0	13	2	2	0	0	0	1	0	0	0	0	1	0	0	0	WeMoInsightSwitch
0	0	0	0	414	0	0	0	13	2	2	0	0	0	1	0	0	0	0	1	0	0	0	WeMoInsightSwitch
0	0	0	0	420	0	0	0	13	2	2	0	0	0	1	0	0	0	0	1	0	0	0	WeMoInsightSwitch
0	0	0	0	418	0	0	0	13	2	2	0	0	0	1	0	0	0	0	1	0	0	0	WeMoInsightSwitch
0	0	0	0	422	0	0	0	13	2	2	0	0	0	1	0	0	0	0	1	0	0	0	WeMoInsightSwitch
0	0	0	0	430	0	0	0	13	2	2	0	0	0	1	0	0	0	0	1	0	0	0	WeMoInsightSwitch
0	0	0	0	412	0	0	0	13	2	2	0	0	0	1	0	0	0	0	1	0	0	0	WeMoInsightSwitch
0	0	0	0	418	0	0	0	13	2	2	0	0	0	1	0	0	0	0	1	0	0	0	WeMoInsightSwitch
0	0	0	0	426	0	0	0	13	2	2	0	0	0	1	0	0	0	0	1	0	0	0	WeMoInsightSwitch
0	0	0	0	422	0	0	0	13	2	2	0	0	0	1	0	0	0	0	1	0	0	0	WeMoInsightSwitch
0	0	0	0	416	0	0	0	13	2	2	0	0	0	1	0	0	0	0	1	0	0	0	WeMoInsightSwitch
0	0	0	0	109	0	0	0	13	2	2	0	0	0	1	0	0	0	0	1	0	0	0	WeMoInsightSwitch
0	0	0	0	38	0	0	0	13	2	1	0	0	0	1	0	0	0	0	0	1	0	0	WeMoInsightSwitch
0	0	0	0	434	0	0	0	13	1	2	0	0	0	1	0	0	0	0	0	1	0	0	WeMoInsightSwitch
0	0	0	0	40	0	0	0	14	2	2	0	0	1	0	0	0	0	0	0	0	0	0	WeMoInsightSwitch
0	0	0	0	38	0	0	0	14	2	1	0	0	0	1	0	0	0	0	0	1	0	0	WeMoInsightSwitch
0	0	0	0	434	0	0	0	14	1	2	0	0	0	1	0	0	0	0	0	1	0	0	WeMoInsightSwitch
0	0	0	0	40	0	0	0	14	2	2	0	0	1	0	0	0	0	0	0	0	0	0	WeMoInsightSwitch
0	0	0	0	32	0	0	0	14	2	2	0	0	1	0	0	0	0	0	0	0	0	0	WeMoInsightSwitch
0	0	0	0	259	0	0	0	14	2	2	0	0	1	0	0	0	0	0	0	0	0	0	WeMoInsightSwitch
0	0	0	0	32	0	0	0	14	2	2	0	0	1	0	0	0	0	0	0	0	0	0	WeMoInsightSwitch
0	0	0	0	1400	0	0	0	14	2	2	0	0	1	0	0	0	0	0	0	0	0	0	WeMoInsightSwitch
0	0	0	0	1400	0	0	0	14	2	2	0	0	1	0	0	0	0	0	0	0	0	0	WeMoInsightSwitch
0	0	0	0	1392	0	0	0	14	2	2	0	0	1	0	0	0	0	0	0	0	0	0	WeMoInsightSwitch
0	0	0	0	835	0	0	0	14	2	2	0	0	1	0	0	0	0	0	0	0	0	0	WeMoInsightSwitch
0	0	0	0	32	0	0	0	14	2	2	0	0	1	0	0	0	0	0	0	0	0	0	WeMoInsightSwitch
0	0	0	0	32	0	0	0	14	2	2	0	0	1	0	0	0	0	0	0	0	0	0	WeMoInsightSwitch
0	0	0	0	32	0	0	0	14	2	2	0	0	1	0	0	0	0	0	0	0	0	0	WeMoInsightSwitch
0	0	0	0	32	0	0	0	14	2	2	0	0	1	0	0	0	0	0	0	0	0	0	WeMoInsightSwitch
0	0	0	0	358	0	0	0	14	2	2	0	0	1	0	0	0	0	0	0	0	0	0	WeMoInsightSwitch
0	0	0	0	91	0	0	0	14	2	2	0	0	1	0	0	0	0	0	0	0	0	0	WeMoInsightSwitch
0	0	0	0	32	0	0	0	14	2	2	0	0	1	0	0	0	0	0	0	0	0	0	WeMoInsightSwitch
0	0	0	0	293	0	0	0	14	2	2	0	0	1	0	0	0	0	0	0	0	0	0	WeMoInsightSwitch
0	0	0	0	1400	0	0	0	14	2	2	0	0	1	0	0	0	0	0	0	0	0	0	WeMoInsightSwitch
0	0	0	0	32	0	0	0	14	2	2	0	0	1	0	0	0	0	0	0	0	0	0	WeMoInsightSwitch
0	0	0	0	1400	0	0	0	14	2	2	0	0	1	0	0	0	0	0	0	0	0	0	WeMoInsightSwitch
0	0	0	0	1400	0	0	0	14	2	2	0	0	1	0	0	0	0	0	0	0	0	0	WeMoInsightSwitch
0	0	0	0	1400	0	0	0	14	2	2	0	0	1	0	0	0	0	0	0	0	0	0	WeMoInsightSwitch
0	0	0	0	32	0	0	0	14	2	2	0	0	1	0	0	0	0	0	0	0	0	0	WeMoInsightSwitch
0	0	0	0	1400	0	0	0	14	2	2	0	0	1	0	0	0	0	0	0	0	0	0	WeMoInsightSwitch
0	0	0	0	1400	0	0	0	14	2	2	0	0	1	0	0	0	0	0	0	0	0	0	WeMoInsightSwitch
0	0	0	0	1400	0	0	0	14	2	2	0	0	1	0	0	0	0	0	0	0	0	0	WeMoInsightSwitch
0	0	0	0	32	0	0	0	14	2	2	0	0	1	0	0	0	0	0	0	0	0	0	WeMoInsightSwitch
0	0	0	0	1400	0	0	0	14	2	2	0	0	1	0	0	0	0	0	0	0	0	0	WeMoInsightSwitch
0	0	0	0	373	0	0	0	14	2	2	0	0	1	0	0	0	0	0	0	0	0	0	WeMoInsightSwitch
0	0	0	0	32	0	0	0	14	2	2	0	0	1	0	0	0	0	0	0	0	0	0	WeMoInsightSwitch
0	0	0	0	32	0	0	0	14	2	2	0	0	1	0	0	0	0	0	0	0	0	0	WeMoInsightSwitch
0	0	0	0	32	0	0	0	14	2	2	0	0	1	0	0	0	0	0	0	0	0	0	WeMoInsightSwitch
0	0	0	0	1400	0	0	0	14	2	2	0	0	1	0	0	0	0	0	0	0	0	0	WeMoInsightSwitch
0	0	0	0	1400	0	0	0	14	2	2	0	0	1	0	0	0	0	0	0	0	0	0	WeMoInsightSwitch
0	0	0	0	32	0	0	0	14	2	2	0	0	1	0	0	0	0	0	0	0	0	0	WeMoInsightSwitch
0	0	0	0	32	0	0	0	14	2	2	0	0	1	0	0	0	0	0	0	0	0	0	WeMoInsightSwitch
0	0	0	0	293	0	0	0	14	2	2	0	0	1	0	0	0	0	0	0	0	0	0	WeMoInsightSwitch
0	0	0	0	1400	0	0	0	14	2	2	0	0	1	0	0	0	0	0	0	0	0	0	WeMoInsightSwitch
0	0	0	0	1400	0	0	0	14	2	2	0	0	1	0	0	0	0	0	0	0	0	0	WeMoInsightSwitch
0	0	0	0	32	0	0	0	14	2	2	0	0	1	0	0	0	0	0	0	0	0	0	WeMoInsightSwitch
0	0	0	0	32	0	0	0	14	2	2	0	0	1	0	0	0	0	0	0	0	0	0	WeMoInsightSwitch
0	0	0	0	32	0	0	0	14	2	2	0	0	1	0	0	0	0	0	0	0	0	0	WeMoInsightSwitch
0	0	0	0	1255	0	0	0	14	2	2	0	0	1	0	0	0	0	0	0	0	0	0	WeMoInsightSwitch
0	0	0	0	32	0	0	0	14	2	2	0	0	1	0	0	0	0	0	0	0	0	0	WeMoInsightSwitch
0	0	0	0	32	0	0	0	14	2	2	0	0	1	0	0	0	0	0	0	0	0	0	WeMoInsightSwitch
0	0	0	0	32	0	0	0	14	2	2	0	0	1	0	0	0	0	0	0	0	0	0	WeMoInsightSwitch
0	0	0	0	1400	0	0	0	14	2	2	0	0	1	0	0	0	0	0	0	0	0	0	WeMoInsightSwitch
0	0	0	0	285	0	0	0	14	2	2	0	0	1	0	0	0	0	0	0	0	0	0	WeMoInsightSwitch
0	0	0	0	32	0	0	0	14	2	2	0	0	1	0	0	0	0	0	0	0	0	0	WeMoInsightSwitch
0	0	0	0	69	0	0	0	14	2	2	0	0	1	0	0	0	0	0	0	0	0	0	WeMoInsightSwitch
0	0	0	0	32	0	0	0	14	2	2	0	0	1	0	0	0	0	0	0	0	0	0	WeMoInsightSwitch
0	0	0	0	69	0	0	0	14	2	2	0	0	1	0	0	0	0	0	0	0	0	0	WeMoInsightSwitch
0	0	0	0	32	0	0	0	14	2	2	0	0	1	0	0	0	0	0	0	0	0	0	WeMoInsightSwitch
0	0	0	0	32	0	0	0	14	2	2	0	0	1	0	0	0	0	0	0	0	0	0	WeMoInsightSwitch
0	0	0	0	20	0	0	0	14	2	2	0	0	1	0	0	0	0	0	0	0	0	0	WeMoInsightSwitch
0	0	0	0	20	0	0	0	14	2	2	0	0	1	0	0	0	0	0	0	0	0	0	WeMoInsightSwitch
0	0	0	0	20	0	0	0	14	2	2	0	0	1	0	0	0	0	0	0	0	0	0	WeMoInsightSwitch
0	0	0	0	16	0	0	1	14	0	0	0	0	0	0	0	0	0	0	0	0	0	0	WeMoInsightSwitch
0	0	0	0	390	0	0	0	14	2	2	0	0	0	1	0	0	0	0	1	0	0	0	WeMoInsightSwitch
0	0	0	0	389	0	0	0	14	2	2	0	0	0	1	0	0	0	0	1	0	0	0	WeMoInsightSwitch
0	0	0	0	414	0	0	0	14	2	2	0	0	0	1	0	0	0	0	1	0	0	0	WeMoInsightSwitch
0	0	0	0	420	0	0	0	14	2	2	0	0	0	1	0	0	0	0	1	0	0	0	WeMoInsightSwitch
0	0	0	0	418	0	0	0	14	2	2	0	0	0	1	0	0	0	0	1	0	0	0	WeMoInsightSwitch
0	0	0	0	422	0	0	0	14	2	2	0	0	0	1	0	0	0	0	1	0	0	0	WeMoInsightSwitch
0	0	0	0	430	0	0	0	14	2	2	0	0	0	1	0	0	0	0	1	0	0	0	WeMoInsightSwitch
0	0	0	0	412	0	0	0	14	2	2	0	0	0	1	0	0	0	0	1	0	0	0	WeMoInsightSwitch
0	0	0	0	418	0	0	0	14	2	2	0	0	0	1	0	0	0	0	1	0	0	0	WeMoInsightSwitch
0	0	0	0	426	0	0	0	14	2	2	0	0	0	1	0	0	0	0	1	0	0	0	WeMoInsightSwitch
0	0	0	0	422	0	0	0	14	2	2	0	0	0	1	0	0	0	0	1	0	0	0	WeMoInsightSwitch
0	0	0	0	416	0	0	0	14	2	2	0	0	0	1	0	0	0	0	1	0	0	0	WeMoInsightSwitch
0	0	0	0	38	0	0	0	14	2	1	0	0	0	1	0	0	0	0	0	1	0	0	WeMoInsightSwitch
0	0	0	0	339	0	0	0	14	1	2	0	0	0	1	0	0	0	0	0	1	0	0	WeMoInsightSwitch
0	0	0	0	83	0	0	0	14	2	1	0	0	0	1	0	0	0	0	0	1	0	0	WeMoInsightSwitch
0	0	0	0	115	0	0	0	14	1	2	0	0	0	1	0	0	0	0	0	1	0	0	WeMoInsightSwitch
0	0	0	0	56	0	0	0	14	2	1	0	0	0	1	0	0	0	0	0	0	0	1	WeMoInsightSwitch
0	0	0	0	56	0	0	0	14	2	1	0	0	0	1	0	0	0	0	0	0	0	1	WeMoInsightSwitch
0	0	0	0	56	0	0	0	14	1	2	0	0	0	1	0	0	0	0	0	0	0	1	WeMoInsightSwitch
0	0	0	0	56	0	0	0	14	2	1	0	0	0	1	0	0	0	0	0	0	0	1	WeMoInsightSwitch
0	0	0	0	56	0	0	0	14	1	2	0	0	0	1	0	0	0	0	0	0	0	1	WeMoInsightSwitch
0	0	0	0	38	0	0	0	14	2	1	0	0	0	1	0	0	0	0	0	1	0	0	WeMoInsightSwitch
0	0	0	0	434	0	0	0	14	1	2	0	0	0	1	0	0	0	0	0	1	0	0	WeMoInsightSwitch
0	0	0	0	40	0	0	0	15	2	2	0	0	1	0	0	0	0	0	0	0	0	0	WeMoInsightSwitch
0	1	0	0	0	0	0	0	15	0	0	0	0	0	0	0	0	0	0	0	0	0	0	WeMoInsightSwitch
0	1	0	0	0	0	0	0	15	0	0	0	0	0	0	0	0	0	0	0	0	0	0	WeMoInsightSwitch
0	0	0	0	40	0	0	0	15	2	2	0	0	1	0	0	0	0	0	0	0	0	0	WeMoInsightSwitch
0	0	0	0	32	0	0	0	15	2	2	0	0	1	0	0	0	0	0	0	0	0	0	WeMoInsightSwitch
0	0	0	0	259	0	0	0	15	2	2	0	0	1	0	0	0	0	0	0	0	0	0	WeMoInsightSwitch
0	0	0	0	32	0	0	0	15	2	2	0	0	1	0	0	0	0	0	0	0	0	0	WeMoInsightSwitch
0	0	0	0	1400	0	0	0	15	2	2	0	0	1	0	0	0	0	0	0	0	0	0	WeMoInsightSwitch
0	0	0	0	1400	0	0	0	15	2	2	0	0	1	0	0	0	0	0	0	0	0	0	WeMoInsightSwitch
0	0	0	0	1392	0	0	0	15	2	2	0	0	1	0	0	0	0	0	0	0	0	0	WeMoInsightSwitch
0	0	0	0	835	0	0	0	15	2	2	0	0	1	0	0	0	0	0	0	0	0	0	WeMoInsightSwitch
0	0	0	0	32	0	0	0	15	2	2	0	0	1	0	0	0	0	0	0	0	0	0	WeMoInsightSwitch
0	0	0	0	32	0	0	0	15	2	2	0	0	1	0	0	0	0	0	0	0	0	0	WeMoInsightSwitch
0	0	0	0	32	0	0	0	15	2	2	0	0	1	0	0	0	0	0	0	0	0	0	WeMoInsightSwitch
0	0	0	0	32	0	0	0	15	2	2	0	0	1	0	0	0	0	0	0	0	0	0	WeMoInsightSwitch
0	0	0	0	358	0	0	0	15	2	2	0	0	1	0	0	0	0	0	0	0	0	0	WeMoInsightSwitch
0	0	0	0	91	0	0	0	15	2	2	0	0	1	0	0	0	0	0	0	0	0	0	WeMoInsightSwitch
0	0	0	0	32	0	0	0	15	2	2	0	0	1	0	0	0	0	0	0	0	0	0	WeMoInsightSwitch
0	0	0	0	293	0	0	0	15	2	2	0	0	1	0	0	0	0	0	0	0	0	0	WeMoInsightSwitch
0	0	0	0	1400	0	0	0	15	2	2	0	0	1	0	0	0	0	0	0	0	0	0	WeMoInsightSwitch
0	0	0	0	32	0	0	0	15	2	2	0	0	1	0	0	0	0	0	0	0	0	0	WeMoInsightSwitch
0	0	0	0	662	0	0	0	15	2	2	0	0	1	0	0	0	0	0	0	0	0	0	WeMoInsightSwitch
0	0	0	0	1400	0	0	0	15	2	2	0	0	1	0	0	0	0	0	0	0	0	0	WeMoInsightSwitch
0	0	0	0	40	0	0	0	16	2	2	0	0	1	0	0	0	0	0	0	0	0	0	WeMoInsightSwitch
0	0	0	0	1400	0	0	0	16	2	2	0	0	1	0	0	0	0	0	0	0	0	0	WeMoInsightSwitch
0	0	0	0	32	0	0	0	16	2	2	0	0	1	0	0	0	0	0	0	0	0	0	WeMoInsightSwitch
0	0	0	0	737	0	0	0	16	2	2	0	0	1	0	0	0	0	0	0	0	0	0	WeMoInsightSwitch
0	0	0	0	32	0	0	0	16	2	2	0	0	1	0	0	0	0	0	0	0	0	0	WeMoInsightSwitch
0	0	0	0	40	0	0	0	16	2	2	0	0	1	0	0	0	0	0	0	0	0	0	WeMoInsightSwitch
0	0	0	0	32	0	0	0	16	2	2	0	0	1	0	0	0	0	0	0	0	0	0	WeMoInsightSwitch
0	0	0	0	381	0	0	0	16	2	2	0	0	1	0	0	0	0	0	0	0	0	0	WeMoInsightSwitch
0	0	0	0	1400	0	0	0	16	2	2	0	0	1	0	0	0	0	0	0	0	0	0	WeMoInsightSwitch
0	0	0	0	32	0	0	0	16	2	2	0	0	1	0	0	0	0	0	0	0	0	0	WeMoInsightSwitch
0	0	0	0	32	0	0	0	16	2	2	0	0	1	0	0	0	0	0	0	0	0	0	WeMoInsightSwitch
0	0	0	0	884	0	0	0	16	2	2	0	0	1	0	0	0	0	0	0	0	0	0	WeMoInsightSwitch
0	0	0	0	32	0	0	0	16	2	2	0	0	1	0	0	0	0	0	0	0	0	0	WeMoInsightSwitch
0	0	0	0	45	0	0	0	16	2	2	0	0	1	0	0	0	0	0	0	0	0	0	WeMoInsightSwitch
0	0	0	0	32	0	0	0	16	2	2	0	0	1	0	0	0	0	0	0	0	0	0	WeMoInsightSwitch
0	0	0	0	32	0	0	0	16	2	2	0	0	1	0	0	0	0	0	0	0	0	0	WeMoInsightSwitch
0	0	0	0	1400	0	0	0	16	2	2	0	0	1	0	0	0	0	0	0	0	0	0	WeMoInsightSwitch
0	0	0	0	32	0	0	0	16	2	2	0	0	1	0	0	0	0	0	0	0	0	0	WeMoInsightSwitch
0	0	0	0	32	0	0	0	16	2	2	0	0	1	0	0	0	0	0	0	0	0	0	WeMoInsightSwitch
0	0	0	0	1069	0	0	0	16	2	2	0	0	1	0	0	0	0	0	0	0	0	0	WeMoInsightSwitch
0	0	0	0	32	0	0	0	16	2	2	0	0	1	0	0	0	0	0	0	0	0	0	WeMoInsightSwitch
0	0	0	0	32	0	0	0	16	2	2	0	0	1	0	0	0	0	0	0	0	0	0	WeMoInsightSwitch
0	0	0	0	32	0	0	0	16	2	2	0	0	1	0	0	0	0	0	0	0	0	0	WeMoInsightSwitch
0	0	0	0	1400	0	0	0	16	2	2	0	0	1	0	0	0	0	0	0	0	0	0	WeMoInsightSwitch
0	0	0	0	32	0	0	0	16	2	2	0	0	1	0	0	0	0	0	0	0	0	0	WeMoInsightSwitch
0	0	0	0	810	0	0	0	16	2	2	0	0	1	0	0	0	0	0	0	0	0	0	WeMoInsightSwitch
0	0	0	0	1400	0	0	0	16	2	2	0	0	1	0	0	0	0	0	0	0	0	0	WeMoInsightSwitch
0	0	0	0	32	0	0	0	16	2	2	0	0	1	0	0	0	0	0	0	0	0	0	WeMoInsightSwitch
0	0	0	0	32	0	0	0	16	2	2	0	0	1	0	0	0	0	0	0	0	0	0	WeMoInsightSwitch
0	0	0	0	1217	0	0	0	16	2	2	0	0	1	0	0	0	0	0	0	0	0	0	WeMoInsightSwitch
0	0	0	0	32	0	0	0	16	2	2	0	0	1	0	0	0	0	0	0	0	0	0	WeMoInsightSwitch
0	0	0	0	1400	0	0	0	16	2	2	0	0	1	0	0	0	0	0	0	0	0	0	WeMoInsightSwitch
0	0	0	0	32	0	0	0	16	2	2	0	0	1	0	0	0	0	0	0	0	0	0	WeMoInsightSwitch
0	0	0	0	995	0	0	0	16	2	2	0	0	1	0	0	0	0	0	0	0	0	0	WeMoInsightSwitch
0	0	0	0	32	0	0	0	16	2	2	0	0	1	0	0	0	0	0	0	0	0	0	WeMoInsightSwitch
0	0	0	0	32	0	0	0	16	2	2	0	0	1	0	0	0	0	0	0	0	0	0	WeMoInsightSwitch
0	0	0	0	143	0	0	0	16	2	2	0	0	1	0	0	0	0	0	0	0	0	0	WeMoInsightSwitch
0	0	0	0	32	0	0	0	16	2	2	0	0	1	0	0	0	0	0	0	0	0	0	WeMoInsightSwitch
0	0	0	0	437	0	0	0	16	2	2	0	0	1	0	0	0	0	0	0	0	0	0	WeMoInsightSwitch
0	0	0	0	32	0	0	0	16	2	2	0	0	1	0	0	0	0	0	0	0	0	0	WeMoInsightSwitch
0	0	0	0	69	0	0	0	16	2	2	0	0	1	0	0	0	0	0	0	0	0	0	WeMoInsightSwitch
0	0	0	0	69	0	0	0	16	2	2	0	0	1	0	0	0	0	0	0	0	0	0	WeMoInsightSwitch
0	0	0	0	32	0	0	0	16	2	2	0	0	1	0	0	0	0	0	0	0	0	0	WeMoInsightSwitch
0	0	0	0	32	0	0	0	16	2	2	0	0	1	0	0	0	0	0	0	0	0	0	WeMoInsightSwitch
0	0	0	0	32	0	0	0	16	2	2	0	0	1	0	0	0	0	0	0	0	0	0	WeMoInsightSwitch
0	0	0	0	38	0	0	0	16	2	1	0	0	0	1	0	0	0	0	0	1	0	0	WeMoInsightSwitch
0	0	0	0	434	0	0	0	16	1	2	0	0	0	1	0	0	0	0	0	1	0	0	WeMoInsightSwitch
0	0	0	0	40	0	0	0	17	2	2	0	0	1	0	0	0	0	0	0	0	0	0	WeMoInsightSwitch
0	0	0	0	40	0	0	0	17	2	2	0	0	1	0	0	0	0	0	0	0	0	0	WeMoInsightSwitch
0	0	0	0	32	0	0	0	17	2	2	0	0	1	0	0	0	0	0	0	0	0	0	WeMoInsightSwitch
0	0	0	0	259	0	0	0	17	2	2	0	0	1	0	0	0	0	0	0	0	0	0	WeMoInsightSwitch
0	0	0	0	32	0	0	0	17	2	2	0	0	1	0	0	0	0	0	0	0	0	0	WeMoInsightSwitch
0	0	0	0	1400	0	0	0	17	2	2	0	0	1	0	0	0	0	0	0	0	0	0	WeMoInsightSwitch
0	0	0	0	1400	0	0	0	17	2	2	0	0	1	0	0	0	0	0	0	0	0	0	WeMoInsightSwitch
0	0	0	0	1392	0	0	0	17	2	2	0	0	1	0	0	0	0	0	0	0	0	0	WeMoInsightSwitch
0	0	0	0	835	0	0	0	17	2	2	0	0	1	0	0	0	0	0	0	0	0	0	WeMoInsightSwitch
0	0	0	0	32	0	0	0	17	2	2	0	0	1	0	0	0	0	0	0	0	0	0	WeMoInsightSwitch
0	0	0	0	32	0	0	0	17	2	2	0	0	1	0	0	0	0	0	0	0	0	0	WeMoInsightSwitch
0	0	0	0	32	0	0	0	17	2	2	0	0	1	0	0	0	0	0	0	0	0	0	WeMoInsightSwitch
0	0	0	0	32	0	0	0	17	2	2	0	0	1	0	0	0	0	0	0	0	0	0	WeMoInsightSwitch
0	0	0	0	358	0	0	0	17	2	2	0	0	1	0	0	0	0	0	0	0	0	0	WeMoInsightSwitch
0	0	0	0	91	0	0	0	17	2	2	0	0	1	0	0	0	0	0	0	0	0	0	WeMoInsightSwitch
0	0	0	0	32	0	0	0	17	2	2	0	0	1	0	0	0	0	0	0	0	0	0	WeMoInsightSwitch
0	0	0	0	293	0	0	0	17	2	2	0	0	1	0	0	0	0	0	0	0	0	0	WeMoInsightSwitch
0	0	0	0	1400	0	0	0	17	2	2	0	0	1	0	0	0	0	0	0	0	0	0	WeMoInsightSwitch
0	0	0	0	32	0	0	0	17	2	2	0	0	1	0	0	0	0	0	0	0	0	0	WeMoInsightSwitch
0	0	0	0	1400	0	0	0	17	2	2	0	0	1	0	0	0	0	0	0	0	0	0	WeMoInsightSwitch
0	0	0	0	1400	0	0	0	17	2	2	0	0	1	0	0	0	0	0	0	0	0	0	WeMoInsightSwitch
0	0	0	0	1400	0	0	0	17	2	2	0	0	1	0	0	0	0	0	0	0	0	0	WeMoInsightSwitch
0	0	0	0	32	0	0	0	17	2	2	0	0	1	0	0	0	0	0	0	0	0	0	WeMoInsightSwitch
0	0	0	0	1400	0	0	0	17	2	2	0	0	1	0	0	0	0	0	0	0	0	0	WeMoInsightSwitch
0	0	0	0	1184	0	0	0	17	2	2	0	0	1	0	0	0	0	0	0	0	0	0	WeMoInsightSwitch
0	0	0	0	32	0	0	0	17	2	2	0	0	1	0	0	0	0	0	0	0	0	0	WeMoInsightSwitch
0	0	0	0	32	0	0	0	17	2	2	0	0	1	0	0	0	0	0	0	0	0	0	WeMoInsightSwitch
0	0	0	0	32	0	0	0	17	2	2	0	0	1	0	0	0	0	0	0	0	0	0	WeMoInsightSwitch
0	0	0	0	533	0	0	0	17	2	2	0	0	1	0	0	0	0	0	0	0	0	0	WeMoInsightSwitch
0	0	0	0	69	0	0	0	17	2	2	0	0	1	0	0	0	0	0	0	0	0	0	WeMoInsightSwitch
0	0	0	0	32	0	0	0	17	2	2	0	0	1	0	0	0	0	0	0	0	0	0	WeMoInsightSwitch
0	0	0	0	69	0	0	0	17	2	2	0	0	1	0	0	0	0	0	0	0	0	0	WeMoInsightSwitch
0	0	0	0	32	0	0	0	17	2	2	0	0	1	0	0	0	0	0	0	0	0	0	WeMoInsightSwitch
0	0	0	0	20	0	0	0	17	2	2	0	0	1	0	0	0	0	0	0	0	0	0	WeMoInsightSwitch
0	0	0	0	32	0	0	0	17	2	2	0	0	1	0	0	0	0	0	0	0	0	0	WeMoInsightSwitch
0	0	0	0	20	0	0	0	17	2	2	0	0	1	0	0	0	0	0	0	0	0	0	WeMoInsightSwitch
0	0	0	0	20	0	0	0	17	2	2	0	0	1	0	0	0	0	0	0	0	0	0	WeMoInsightSwitch
0	0	0	1	0	0	0	0	17	0	0	0	0	0	0	0	0	0	0	0	0	0	0	WeMoInsightSwitch
0	0	0	0	84	0	0	0	17	0	0	1	0	0	0	0	0	0	0	0	0	0	0	WeMoInsightSwitch
0	0	0	0	84	0	0	0	17	0	0	1	0	0	0	0	0	0	0	0	0	0	0	WeMoInsightSwitch
0	0	0	0	84	0	0	0	17	0	0	1	0	0	0	0	0	0	0	0	0	0	0	WeMoInsightSwitch
0	0	0	0	84	0	0	0	17	0	0	1	0	0	0	0	0	0	0	0	0	0	0	WeMoInsightSwitch
0	0	0	0	84	0	0	0	17	0	0	1	0	0	0	0	0	0	0	0	0	0	0	WeMoInsightSwitch
0	0	0	0	84	0	0	0	17	0	0	1	0	0	0	0	0	0	0	0	0	0	0	WeMoInsightSwitch
