0	0	0	1	0	0	0	0	1	0	0	0	0	0	0	0	0	0	0	0	0	0	0	WeMoLink
0	0	0	1	0	0	0	0	1	0	0	0	0	0	0	0	0	0	0	0	0	0	0	WeMoLink
0	0	0	0	368	0	0	0	2	1	1	0	0	0	1	0	0	1	1	0	0	0	0	WeMoLink
0	0	0	0	308	0	0	0	3	1	1	0	0	0	1	0	0	1	1	0	0	0	0	WeMoLink
0	0	0	0	376	0	0	0	3	1	1	0	0	0	1	0	0	1	1	0	0	0	0	WeMoLink
0	0	0	0	308	0	0	0	3	1	1	0	0	0	1	0	0	1	1	0	0	0	0	WeMoLink
0	1	0	0	0	0	0	0	3	0	0	0	0	0	0	0	0	0	0	0	0	0	0	WeMoLink
0	1	0	0	0	0	0	0	3	0	0	0	0	0	0	0	0	0	0	0	0	0	0	WeMoLink
0	1	0	0	0	0	0	0	3	0	0	0	0	0	0	0	0	0	0	0	0	0	0	WeMoLink
0	1	0	0	0	0	0	0	3	0	0	0	0	0	0	0	0	0	0	0	0	0	0	WeMoLink
0	0	0	0	52	0	0	0	4	2	1	0	0	0	1	0	0	0	0	0	1	0	0	WeMoLink
0	0	0	0	228	0	0	0	4	1	2	0	0	0	1	0	0	0	0	0	1	0	0	WeMoLink
0	0	0	0	40	0	0	0	5	3	1	0	0	1	0	1	0	0	0	0	0	0	0	WeMoLink
0	0	0	0	47	0	0	0	5	2	1	0	0	0	1	0	0	0	0	0	1	0	0	WeMoLink
0	0	0	0	375	0	0	0	5	1	2	0	0	0	1	0	0	0	0	0	1	0	0	WeMoLink
0	0	0	0	40	0	0	0	6	2	1	0	0	1	0	1	0	0	0	0	0	0	0	WeMoLink
0	0	0	0	40	0	0	0	6	3	1	0	0	1	0	1	0	0	0	0	0	0	0	WeMoLink
0	0	0	0	40	0	0	0	6	2	1	0	0	1	0	1	0	0	0	0	0	0	0	WeMoLink
0	0	0	0	40	0	0	0	6	3	1	0	0	1	0	1	0	0	0	0	0	0	0	WeMoLink
0	0	0	0	56	0	0	0	7	2	1	0	0	0	1	0	0	0	0	0	0	0	1	WeMoLink
0	0	0	0	64	0	0	0	8	0	0	1	0	0	0	0	0	0	0	0	0	0	0	WeMoLink
0	0	0	0	64	0	0	0	8	0	0	1	0	0	0	0	0	0	0	0	0	0	0	WeMoLink
0	0	0	0	43	0	0	0	8	2	1	0	0	0	1	0	0	0	0	0	1	0	0	WeMoLink
0	0	0	0	225	0	0	0	8	1	2	0	0	0	1	0	0	0	0	0	1	0	0	WeMoLink
0	0	0	0	40	0	0	0	9	3	2	0	0	1	0	0	0	0	0	0	0	0	0	WeMoLink
0	0	0	0	40	0	0	0	9	3	1	0	0	1	0	1	0	0	0	0	0	0	0	WeMoLink
0	0	0	0	40	0	0	0	9	2	1	0	0	1	0	1	0	0	0	0	0	0	0	WeMoLink
0	0	0	0	40	0	0	0	9	2	1	0	0	1	0	1	0	0	0	0	0	0	0	WeMoLink
0	0	0	0	56	0	0	0	10	2	1	0	0	0	1	0	0	0	0	0	0	0	1	WeMoLink
0	0	0	0	64	0	0	0	10	0	0	1	0	0	0	0	0	0	0	0	0	0	0	WeMoLink
0	0	0	0	64	0	0	0	10	0	0	1	0	0	0	0	0	0	0	0	0	0	0	WeMoLink
0	0	0	0	56	0	0	0	10	1	2	0	0	0	1	0	0	0	0	0	0	0	1	WeMoLink
0	0	0	0	40	0	0	0	10	3	2	0	0	1	0	0	0	0	0	0	0	0	0	WeMoLink
0	0	0	0	40	0	0	0	10	3	1	0	0	1	0	1	0	0	0	0	0	0	0	WeMoLink
0	0	0	0	40	0	0	0	11	2	1	0	0	1	0	1	0	0	0	0	0	0	0	WeMoLink
0	0	0	0	40	0	0	0	11	3	1	0	0	1	0	1	0	0	0	0	0	0	0	WeMoLink
0	0	0	0	40	0	0	0	11	3	1	0	0	1	0	1	0	0	0	0	0	0	0	WeMoLink
0	0	0	0	64	0	0	0	11	0	0	1	0	0	0	0	0	0	0	0	0	0	0	WeMoLink
0	0	0	0	64	0	0	0	11	0	0	1	0	0	0	0	0	0	0	0	0	0	0	WeMoLink
0	0	0	0	40	0	0	0	11	2	1	0	0	1	0	1	0	0	0	0	0	0	0	WeMoLink
0	0	0	0	40	0	0	0	11	3	1	0	0	1	0	1	0	0	0	0	0	0	0	WeMoLink
0	0	0	0	40	0	0	0	11	3	1	0	0	1	0	1	0	0	0	0	0	0	0	WeMoLink
0	0	0	0	64	0	0	0	11	0	0	1	0	0	0	0	0	0	0	0	0	0	0	WeMoLink
0	0	0	0	64	0	0	0	11	0	0	1	0	0	0	0	0	0	0	0	0	0	0	WeMoLink
0	0	0	0	40	0	0	0	11	3	2	0	0	1	0	0	0	0	0	0	0	0	0	WeMoLink
0	0	0	0	56	0	0	0	11	2	1	0	0	0	1	0	0	0	0	0	0	0	1	WeMoLink
0	0	0	0	36	0	0	0	11	0	0	1	0	0	0	0	0	0	0	0	0	0	0	WeMoLink
0	0	0	0	56	0	0	0	11	2	1	0	0	0	1	0	0	0	0	0	0	0	1	WeMoLink
0	0	0	0	56	0	0	0	11	1	2	0	0	0	1	0	0	0	0	0	0	0	1	WeMoLink
0	1	0	0	0	0	0	0	11	0	0	0	0	0	0	0	0	0	0	0	0	0	0	WeMoLink
0	1	0	0	0	0	0	0	11	0	0	0	0	0	0	0	0	0	0	0	0	0	0	WeMoLink
0	0	0	0	56	0	0	0	11	2	1	0	0	0	1	0	0	0	0	0	1	0	0	WeMoLink
0	0	0	0	366	0	0	0	11	1	2	0	0	0	1	0	0	0	0	0	1	0	0	WeMoLink
0	0	0	0	40	0	0	0	12	2	1	0	0	1	0	1	0	0	0	0	0	0	0	WeMoLink
0	0	0	0	38	0	0	0	12	2	1	0	0	0	1	0	0	0	0	0	1	0	0	WeMoLink
0	0	0	0	339	0	0	0	12	1	2	0	0	0	1	0	0	0	0	0	1	0	0	WeMoLink
0	0	0	0	40	0	0	0	13	3	1	0	0	1	0	1	0	0	0	0	0	0	0	WeMoLink
0	0	0	0	40	0	0	0	13	2	1	0	0	1	0	1	0	0	0	0	0	0	0	WeMoLink
0	0	0	0	40	0	0	0	13	2	1	0	0	1	0	1	0	0	0	0	0	0	0	WeMoLink
0	0	0	0	40	0	0	0	13	2	1	0	0	1	0	1	0	0	0	0	0	0	0	WeMoLink
0	0	0	0	50	0	0	0	13	2	1	0	0	0	1	0	0	0	0	0	1	0	0	WeMoLink
0	0	0	0	412	0	0	0	13	1	2	0	0	0	1	0	0	0	0	0	1	0	0	WeMoLink
0	0	0	0	40	0	0	0	14	3	1	0	0	1	0	1	0	0	0	0	0	0	0	WeMoLink
0	0	0	0	40	0	0	0	14	3	1	0	0	1	0	1	0	0	0	0	0	0	0	WeMoLink
0	0	0	0	40	0	0	0	14	2	1	0	0	1	0	1	0	0	0	0	0	0	0	WeMoLink
0	0	0	0	40	0	0	0	14	2	1	0	0	1	0	1	0	0	0	0	0	0	0	WeMoLink
0	0	0	0	32	0	0	0	15	2	2	0	0	1	0	0	0	0	0	0	0	0	0	WeMoLink
0	0	0	0	32	0	0	0	15	2	2	0	0	1	0	0	0	0	0	0	0	0	0	WeMoLink
0	0	0	0	20	0	0	0	15	2	2	0	0	1	0	0	0	0	0	0	0	0	0	WeMoLink
0	0	0	0	369	0	0	0	15	2	2	0	0	1	0	0	0	0	0	0	0	0	0	WeMoLink
0	0	0	0	20	0	0	0	15	2	2	0	0	1	0	0	0	0	0	0	0	0	0	WeMoLink
0	0	0	0	33	0	0	0	15	2	2	0	0	1	0	0	0	0	0	0	0	0	0	WeMoLink
0	0	0	0	20	0	0	0	15	2	2	0	0	1	0	0	0	0	0	0	0	0	0	WeMoLink
0	0	0	0	20	0	0	0	15	2	2	0	0	1	0	0	0	0	0	0	0	0	0	WeMoLink
0	0	0	0	40	0	0	0	15	3	1	0	0	1	0	1	0	0	0	0	0	0	0	WeMoLink
0	0	0	0	20	0	0	0	15	2	2	0	0	1	0	0	0	0	0	0	0	0	0	WeMoLink
0	0	0	0	20	0	0	0	15	2	2	0	0	1	0	0	0	0	0	0	0	0	0	WeMoLink
0	0	0	0	40	0	0	0	15	3	1	0	0	1	0	1	0	0	0	0	0	0	0	WeMoLink
0	0	0	0	32	0	0	0	16	2	2	0	0	1	0	0	0	0	0	0	0	0	0	WeMoLink
0	0	0	0	32	0	0	0	16	2	2	0	0	1	0	0	0	0	0	0	0	0	0	WeMoLink
0	0	0	0	20	0	0	0	16	2	2	0	0	1	0	0	0	0	0	0	0	0	0	WeMoLink
0	0	0	0	40	0	0	0	16	2	1	0	0	1	0	1	0	0	0	0	0	0	0	WeMoLink
0	0	0	0	68	0	0	0	16	2	2	0	0	1	0	0	0	0	0	0	0	0	0	WeMoLink
0	0	0	0	40	0	0	0	17	3	1	0	0	1	0	1	0	0	0	0	0	0	0	WeMoLink
0	0	0	0	40	0	0	0	17	2	1	0	0	1	0	1	0	0	0	0	0	0	0	WeMoLink
0	0	0	0	40	0	0	0	17	2	1	0	0	1	0	1	0	0	0	0	0	0	0	WeMoLink
0	0	0	0	20	0	0	0	17	2	2	0	0	1	0	0	0	0	0	0	0	0	0	WeMoLink
0	0	0	0	160	0	0	0	17	2	2	0	0	1	0	0	0	0	0	0	0	0	0	WeMoLink
0	0	0	0	20	0	0	0	17	2	2	0	0	1	0	0	0	0	0	0	0	0	0	WeMoLink
0	0	0	0	176	0	0	0	17	2	2	0	0	1	0	0	0	0	0	0	0	0	0	WeMoLink
0	0	0	0	20	0	0	0	17	2	2	0	0	1	0	0	0	0	0	0	0	0	0	WeMoLink
0	0	0	0	40	0	0	0	17	3	2	0	0	1	0	0	0	0	0	0	0	0	0	WeMoLink
0	0	0	0	38	0	0	0	17	2	1	0	0	0	1	0	0	0	0	0	1	0	0	WeMoLink
0	0	0	0	434	0	0	0	17	1	2	0	0	0	1	0	0	0	0	0	1	0	0	WeMoLink
0	0	0	0	32	0	0	0	18	2	2	0	0	1	0	0	0	0	0	0	0	0	0	WeMoLink
0	0	0	0	32	0	0	0	18	2	2	0	0	1	0	0	0	0	0	0	0	0	0	WeMoLink
0	0	0	0	20	0	0	0	18	2	2	0	0	1	0	0	0	0	0	0	0	0	0	WeMoLink
0	0	0	0	40	0	0	0	18	2	1	0	0	1	0	1	0	0	0	0	0	0	0	WeMoLink
0	0	0	0	40	0	0	0	18	3	1	0	0	1	0	1	0	0	0	0	0	0	0	WeMoLink
0	0	0	0	40	0	0	0	18	2	1	0	0	1	0	1	0	0	0	0	0	0	0	WeMoLink
0	0	0	0	247	0	0	0	18	2	2	0	0	1	0	0	0	0	0	0	0	0	0	WeMoLink
0	0	0	0	20	0	0	0	18	2	2	0	0	1	0	0	0	0	0	0	0	0	0	WeMoLink
0	0	0	0	1400	0	0	0	18	2	2	0	0	1	0	0	0	0	0	0	0	0	0	WeMoLink
0	0	0	0	1400	0	0	0	18	2	2	0	0	1	0	0	0	0	0	0	0	0	0	WeMoLink
0	0	0	0	1356	0	0	0	18	2	2	0	0	1	0	0	0	0	0	0	0	0	0	WeMoLink
0	0	0	0	823	0	0	0	18	2	2	0	0	1	0	0	0	0	0	0	0	0	0	WeMoLink
0	0	0	0	20	0	0	0	18	2	2	0	0	1	0	0	0	0	0	0	0	0	0	WeMoLink
0	0	0	0	20	0	0	0	18	2	2	0	0	1	0	0	0	0	0	0	0	0	0	WeMoLink
0	0	0	0	20	0	0	0	18	2	2	0	0	1	0	0	0	0	0	0	0	0	0	WeMoLink
0	0	0	0	20	0	0	0	18	2	2	0	0	1	0	0	0	0	0	0	0	0	0	WeMoLink
0	0	0	0	346	0	0	0	18	2	2	0	0	1	0	0	0	0	0	0	0	0	0	WeMoLink
0	0	0	0	79	0	0	0	18	2	2	0	0	1	0	0	0	0	0	0	0	0	0	WeMoLink
0	0	0	0	20	0	0	0	18	2	2	0	0	1	0	0	0	0	0	0	0	0	0	WeMoLink
0	0	0	0	281	0	0	0	18	2	2	0	0	1	0	0	0	0	0	0	0	0	0	WeMoLink
0	0	0	0	1400	0	0	0	18	2	2	0	0	1	0	0	0	0	0	0	0	0	0	WeMoLink
0	0	0	0	40	0	0	0	18	3	1	0	0	1	0	1	0	0	0	0	0	0	0	WeMoLink
0	0	0	0	20	0	0	0	18	2	2	0	0	1	0	0	0	0	0	0	0	0	0	WeMoLink
0	0	0	0	1400	0	0	0	18	2	2	0	0	1	0	0	0	0	0	0	0	0	0	WeMoLink
0	0	0	0	1400	0	0	0	18	2	2	0	0	1	0	0	0	0	0	0	0	0	0	WeMoLink
0	0	0	0	1400	0	0	0	18	2	2	0	0	1	0	0	0	0	0	0	0	0	0	WeMoLink
0	0	0	0	20	0	0	0	18	2	2	0	0	1	0	0	0	0	0	0	0	0	0	WeMoLink
0	0	0	0	1400	0	0	0	18	2	2	0	0	1	0	0	0	0	0	0	0	0	0	WeMoLink
0	0	0	0	1400	0	0	0	18	2	2	0	0	1	0	0	0	0	0	0	0	0	0	WeMoLink
0	0	0	0	1400	0	0	0	18	2	2	0	0	1	0	0	0	0	0	0	0	0	0	WeMoLink
0	0	0	0	20	0	0	0	18	2	2	0	0	1	0	0	0	0	0	0	0	0	0	WeMoLink
0	0	0	0	1400	0	0	0	18	2	2	0	0	1	0	0	0	0	0	0	0	0	0	WeMoLink
0	0	0	0	1400	0	0	0	18	2	2	0	0	1	0	0	0	0	0	0	0	0	0	WeMoLink
0	0	0	0	20	0	0	0	18	2	2	0	0	1	0	0	0	0	0	0	0	0	0	WeMoLink
0	0	0	0	20	0	0	0	18	2	2	0	0	1	0	0	0	0	0	0	0	0	0	WeMoLink
0	0	0	0	20	0	0	0	18	2	2	0	0	1	0	0	0	0	0	0	0	0	0	WeMoLink
0	0	0	0	1400	0	0	0	18	2	2	0	0	1	0	0	0	0	0	0	0	0	0	WeMoLink
0	0	0	0	21	0	0	0	18	2	2	0	0	1	0	0	0	0	0	0	0	0	0	WeMoLink
0	0	0	0	1400	0	0	0	18	2	2	0	0	1	0	0	0	0	0	0	0	0	0	WeMoLink
0	0	0	0	1400	0	0	0	18	2	2	0	0	1	0	0	0	0	0	0	0	0	0	WeMoLink
0	0	0	0	20	0	0	0	18	2	2	0	0	1	0	0	0	0	0	0	0	0	0	WeMoLink
0	0	0	0	20	0	0	0	18	2	2	0	0	1	0	0	0	0	0	0	0	0	0	WeMoLink
0	0	0	0	1400	0	0	0	18	2	2	0	0	1	0	0	0	0	0	0	0	0	0	WeMoLink
0	0	0	0	1400	0	0	0	18	2	2	0	0	1	0	0	0	0	0	0	0	0	0	WeMoLink
0	0	0	0	1400	0	0	0	18	2	2	0	0	1	0	0	0	0	0	0	0	0	0	WeMoLink
0	0	0	0	20	0	0	0	18	2	2	0	0	1	0	0	0	0	0	0	0	0	0	WeMoLink
0	0	0	0	20	0	0	0	18	2	2	0	0	1	0	0	0	0	0	0	0	0	0	WeMoLink
0	0	0	0	1400	0	0	0	18	2	2	0	0	1	0	0	0	0	0	0	0	0	0	WeMoLink
0	0	0	0	139	0	0	0	18	2	2	0	0	1	0	0	0	0	0	0	0	0	0	WeMoLink
0	0	0	0	20	0	0	0	18	2	2	0	0	1	0	0	0	0	0	0	0	0	0	WeMoLink
0	0	0	0	20	0	0	0	18	2	2	0	0	1	0	0	0	0	0	0	0	0	0	WeMoLink
0	0	0	0	20	0	0	0	18	2	2	0	0	1	0	0	0	0	0	0	0	0	0	WeMoLink
0	0	0	0	20	0	0	0	18	2	2	0	0	1	0	0	0	0	0	0	0	0	0	WeMoLink
0	0	0	0	20	0	0	0	18	2	2	0	0	1	0	0	0	0	0	0	0	0	0	WeMoLink
0	0	0	0	20	0	0	0	18	2	2	0	0	1	0	0	0	0	0	0	0	0	0	WeMoLink
0	0	0	0	1056	0	0	0	18	2	2	0	0	1	0	0	0	0	0	0	0	0	0	WeMoLink
0	0	0	0	20	0	0	0	18	2	2	0	0	1	0	0	0	0	0	0	0	0	0	WeMoLink
0	1	0	0	0	0	0	0	18	0	0	0	0	0	0	0	0	0	0	0	0	0	0	WeMoLink
0	1	0	0	0	0	0	0	18	0	0	0	0	0	0	0	0	0	0	0	0	0	0	WeMoLink
0	0	0	0	1400	0	0	0	18	2	2	0	0	1	0	0	0	0	0	0	0	0	0	WeMoLink
0	0	0	0	789	0	0	0	18	2	2	0	0	1	0	0	0	0	0	0	0	0	0	WeMoLink
0	0	0	0	20	0	0	0	18	2	2	0	0	1	0	0	0	0	0	0	0	0	0	WeMoLink
0	0	0	0	160	0	0	0	18	2	2	0	0	1	0	0	0	0	0	0	0	0	0	WeMoLink
0	0	0	0	176	0	0	0	18	2	2	0	0	1	0	0	0	0	0	0	0	0	0	WeMoLink
0	0	0	0	20	0	0	0	18	2	2	0	0	1	0	0	0	0	0	0	0	0	0	WeMoLink
0	0	0	0	40	0	0	0	19	2	1	0	0	1	0	1	0	0	0	0	0	0	0	WeMoLink
0	0	0	0	40	0	0	0	19	2	1	0	0	1	0	1	0	0	0	0	0	0	0	WeMoLink
0	0	0	0	40	0	0	0	19	2	1	0	0	1	0	1	0	0	0	0	0	0	0	WeMoLink
0	0	0	0	57	0	0	0	19	2	2	0	0	1	0	0	0	0	0	0	0	0	0	WeMoLink
0	0	0	0	20	0	0	0	19	2	2	0	0	1	0	0	0	0	0	0	0	0	0	WeMoLink
0	0	0	0	20	0	0	0	19	2	2	0	0	1	0	0	0	0	0	0	0	0	0	WeMoLink
0	0	0	0	57	0	0	0	19	2	2	0	0	1	0	0	0	0	0	0	0	0	0	WeMoLink
0	0	0	0	20	0	0	0	19	2	2	0	0	1	0	0	0	0	0	0	0	0	0	WeMoLink
0	0	0	0	20	0	0	0	19	2	2	0	0	1	0	0	0	0	0	0	0	0	0	WeMoLink
0	0	0	0	20	0	0	0	19	2	2	0	0	1	0	0	0	0	0	0	0	0	0	WeMoLink
0	0	0	0	40	0	0	0	19	2	1	0	0	1	0	1	0	0	0	0	0	0	0	WeMoLink
0	0	0	0	40	0	0	0	19	2	1	0	0	1	0	1	0	0	0	0	0	0	0	WeMoLink
0	0	0	0	40	0	0	0	19	2	1	0	0	1	0	1	0	0	0	0	0	0	0	WeMoLink
0	0	0	0	40	0	0	0	19	2	1	0	0	1	0	1	0	0	0	0	0	0	0	WeMoLink
0	0	0	0	124	0	0	0	19	2	2	0	0	1	0	0	0	0	0	0	0	0	0	WeMoLink
0	0	0	0	20	0	0	0	19	2	2	0	0	1	0	0	0	0	0	0	0	0	0	WeMoLink
0	0	0	0	44	0	0	0	19	3	1	0	0	0	1	0	0	0	0	0	1	0	0	WeMoLink
0	0	0	0	446	0	0	0	19	1	3	0	0	0	1	0	0	0	0	0	1	0	0	WeMoLink
0	0	0	0	40	0	0	0	20	2	1	0	0	1	0	1	0	0	0	0	0	0	0	WeMoLink
0	0	0	0	40	0	0	0	21	2	1	0	0	1	0	1	0	0	0	0	0	0	0	WeMoLink
0	0	0	0	40	0	0	0	21	3	1	0	0	1	0	1	0	0	0	0	0	0	0	WeMoLink
0	0	0	0	40	0	0	0	21	2	1	0	0	1	0	1	0	0	0	0	0	0	0	WeMoLink
0	0	0	0	40	0	0	0	21	3	1	0	0	1	0	1	0	0	0	0	0	0	0	WeMoLink
0	0	0	0	40	0	0	0	21	2	1	0	0	1	0	1	0	0	0	0	0	0	0	WeMoLink
0	0	0	0	40	0	0	0	21	2	1	0	0	1	0	1	0	0	0	0	0	0	0	WeMoLink
0	0	0	0	40	0	0	0	21	3	1	0	0	1	0	1	0	0	0	0	0	0	0	WeMoLink
0	0	0	0	40	0	0	0	21	2	1	0	0	1	0	1	0	0	0	0	0	0	0	WeMoLink
0	0	0	0	38	0	0	0	21	2	1	0	0	0	1	0	0	0	0	0	1	0	0	WeMoLink
0	0	0	0	434	0	0	0	21	1	2	0	0	0	1	0	0	0	0	0	1	0	0	WeMoLink
0	0	0	0	32	0	0	0	22	2	2	0	0	1	0	0	0	0	0	0	0	0	0	WeMoLink
0	0	0	0	32	0	0	0	22	2	2	0	0	1	0	0	0	0	0	0	0	0	0	WeMoLink
0	0	0	0	20	0	0	0	22	2	2	0	0	1	0	0	0	0	0	0	0	0	0	WeMoLink
0	0	0	0	247	0	0	0	22	2	2	0	0	1	0	0	0	0	0	0	0	0	0	WeMoLink
0	0	0	0	20	0	0	0	22	2	2	0	0	1	0	0	0	0	0	0	0	0	0	WeMoLink
0	0	0	0	1400	0	0	0	22	2	2	0	0	1	0	0	0	0	0	0	0	0	0	WeMoLink
0	0	0	0	1400	0	0	0	22	2	2	0	0	1	0	0	0	0	0	0	0	0	0	WeMoLink
0	0	0	0	1356	0	0	0	22	2	2	0	0	1	0	0	0	0	0	0	0	0	0	WeMoLink
0	0	0	0	823	0	0	0	22	2	2	0	0	1	0	0	0	0	0	0	0	0	0	WeMoLink
0	0	0	0	20	0	0	0	22	2	2	0	0	1	0	0	0	0	0	0	0	0	0	WeMoLink
0	0	0	0	20	0	0	0	22	2	2	0	0	1	0	0	0	0	0	0	0	0	0	WeMoLink
0	0	0	0	20	0	0	0	22	2	2	0	0	1	0	0	0	0	0	0	0	0	0	WeMoLink
0	0	0	0	20	0	0	0	22	2	2	0	0	1	0	0	0	0	0	0	0	0	0	WeMoLink
0	0	0	0	346	0	0	0	22	2	2	0	0	1	0	0	0	0	0	0	0	0	0	WeMoLink
0	0	0	0	40	0	0	0	22	3	1	0	0	1	0	1	0	0	0	0	0	0	0	WeMoLink
0	0	0	0	79	0	0	0	22	2	2	0	0	1	0	0	0	0	0	0	0	0	0	WeMoLink
0	0	0	0	20	0	0	0	22	2	2	0	0	1	0	0	0	0	0	0	0	0	0	WeMoLink
0	0	0	0	265	0	0	0	22	2	2	0	0	1	0	0	0	0	0	0	0	0	0	WeMoLink
0	0	0	0	1400	0	0	0	22	2	2	0	0	1	0	0	0	0	0	0	0	0	0	WeMoLink
0	0	0	0	20	0	0	0	22	2	2	0	0	1	0	0	0	0	0	0	0	0	0	WeMoLink
0	0	0	0	1400	0	0	0	22	2	2	0	0	1	0	0	0	0	0	0	0	0	0	WeMoLink
0	0	0	0	1400	0	0	0	22	2	2	0	0	1	0	0	0	0	0	0	0	0	0	WeMoLink
0	0	0	0	1400	0	0	0	22	2	2	0	0	1	0	0	0	0	0	0	0	0	0	WeMoLink
0	0	0	0	20	0	0	0	22	2	2	0	0	1	0	0	0	0	0	0	0	0	0	WeMoLink
0	0	0	0	1400	0	0	0	22	2	2	0	0	1	0	0	0	0	0	0	0	0	0	WeMoLink
0	0	0	0	1400	0	0	0	22	2	2	0	0	1	0	0	0	0	0	0	0	0	0	WeMoLink
0	0	0	0	768	0	0	0	22	2	2	0	0	1	0	0	0	0	0	0	0	0	0	WeMoLink
0	0	0	0	20	0	0	0	22	2	2	0	0	1	0	0	0	0	0	0	0	0	0	WeMoLink
0	0	0	0	20	0	0	0	22	2	2	0	0	1	0	0	0	0	0	0	0	0	0	WeMoLink
0	0	0	0	20	0	0	0	22	2	2	0	0	1	0	0	0	0	0	0	0	0	0	WeMoLink
0	0	0	0	20	0	0	0	22	2	2	0	0	1	0	0	0	0	0	0	0	0	0	WeMoLink
0	0	0	0	1400	0	0	0	22	2	2	0	0	1	0	0	0	0	0	0	0	0	0	WeMoLink
0	0	0	0	117	0	0	0	22	2	2	0	0	1	0	0	0	0	0	0	0	0	0	WeMoLink
0	0	0	0	20	0	0	0	22	2	2	0	0	1	0	0	0	0	0	0	0	0	0	WeMoLink
0	0	0	0	57	0	0	0	22	2	2	0	0	1	0	0	0	0	0	0	0	0	0	WeMoLink
0	0	0	0	20	0	0	0	22	2	2	0	0	1	0	0	0	0	0	0	0	0	0	WeMoLink
0	0	0	0	20	0	0	0	22	2	2	0	0	1	0	0	0	0	0	0	0	0	0	WeMoLink
0	0	0	0	57	0	0	0	22	2	2	0	0	1	0	0	0	0	0	0	0	0	0	WeMoLink
0	0	0	0	20	0	0	0	22	2	2	0	0	1	0	0	0	0	0	0	0	0	0	WeMoLink
0	0	0	0	20	0	0	0	22	2	2	0	0	1	0	0	0	0	0	0	0	0	0	WeMoLink
0	0	0	0	20	0	0	0	22	2	2	0	0	1	0	0	0	0	0	0	0	0	0	WeMoLink
0	0	0	0	40	0	0	0	23	2	1	0	0	1	0	1	0	0	0	0	0	0	0	WeMoLink
0	0	0	0	40	0	0	0	23	2	1	0	0	1	0	1	0	0	0	0	0	0	0	WeMoLink
0	0	0	0	40	0	0	0	23	3	1	0	0	1	0	1	0	0	0	0	0	0	0	WeMoLink
0	0	0	0	40	0	0	0	23	3	1	0	0	1	0	1	0	0	0	0	0	0	0	WeMoLink
0	0	0	0	40	0	0	0	23	2	1	0	0	1	0	1	0	0	0	0	0	0	0	WeMoLink
0	0	0	0	40	0	0	0	23	3	2	0	0	1	0	0	0	0	0	0	0	0	0	WeMoLink
0	0	0	0	40	0	0	0	23	2	1	0	0	1	0	1	0	0	0	0	0	0	0	WeMoLink
0	0	0	0	40	0	0	0	23	2	1	0	0	1	0	1	0	0	0	0	0	0	0	WeMoLink
0	0	0	0	40	0	0	0	23	3	1	0	0	1	0	1	0	0	0	0	0	0	0	WeMoLink
0	0	0	0	40	0	0	0	23	3	1	0	0	1	0	1	0	0	0	0	0	0	0	WeMoLink
0	0	0	0	40	0	0	0	24	2	1	0	0	1	0	1	0	0	0	0	0	0	0	WeMoLink
0	0	0	0	40	0	0	0	24	3	1	0	0	1	0	1	0	0	0	0	0	0	0	WeMoLink
0	0	0	0	40	0	0	0	24	2	1	0	0	1	0	1	0	0	0	0	0	0	0	WeMoLink
0	0	0	0	40	0	0	0	24	3	1	0	0	1	0	1	0	0	0	0	0	0	0	WeMoLink
0	0	0	0	42	0	0	0	24	2	1	0	0	0	1	0	0	0	0	0	1	0	0	WeMoLink
0	0	0	0	400	0	0	0	24	1	2	0	0	0	1	0	0	0	0	0	1	0	0	WeMoLink
0	0	0	0	45	0	0	0	24	2	1	0	0	0	1	0	0	0	0	0	1	0	0	WeMoLink
0	0	0	0	421	0	0	0	24	1	2	0	0	0	1	0	0	0	0	0	1	0	0	WeMoLink
0	0	0	0	40	0	0	0	25	3	1	0	0	1	0	1	0	0	0	0	0	0	0	WeMoLink
0	0	0	0	44	0	0	0	25	2	1	0	0	0	1	0	0	0	0	0	1	0	0	WeMoLink
0	0	0	0	225	0	0	0	25	1	2	0	0	0	1	0	0	0	0	0	1	0	0	WeMoLink
0	0	0	0	40	0	0	0	26	3	1	0	0	1	0	1	0	0	0	0	0	0	0	WeMoLink
0	0	0	0	40	0	0	0	26	2	1	0	0	1	0	1	0	0	0	0	0	0	0	WeMoLink
0	0	0	0	40	0	0	0	26	3	1	0	0	1	0	1	0	0	0	0	0	0	0	WeMoLink
0	0	0	0	40	0	0	0	26	2	1	0	0	1	0	1	0	0	0	0	0	0	0	WeMoLink
0	0	0	0	40	0	0	0	26	2	1	0	0	1	0	1	0	0	0	0	0	0	0	WeMoLink
0	0	0	0	40	0	0	0	26	3	1	0	0	1	0	1	0	0	0	0	0	0	0	WeMoLink
0	0	0	0	40	0	0	0	26	2	1	0	0	1	0	1	0	0	0	0	0	0	0	WeMoLink
0	0	0	0	40	0	0	0	26	3	1	0	0	1	0	1	0	0	0	0	0	0	0	WeMoLink
0	0	0	0	40	0	0	0	26	3	1	0	0	1	0	1	0	0	0	0	0	0	0	WeMoLink
0	0	0	0	40	0	0	0	26	2	1	0	0	1	0	1	0	0	0	0	0	0	0	WeMoLink
0	0	0	0	40	0	0	0	26	2	1	0	0	1	0	1	0	0	0	0	0	0	0	WeMoLink
0	0	0	0	40	0	0	0	27	3	1	0	0	1	0	1	0	0	0	0	0	0	0	WeMoLink
0	0	0	0	40	0	0	0	27	3	1	0	0	1	0	1	0	0	0	0	0	0	0	WeMoLink
0	0	0	0	47	0	0	0	27	2	1	0	0	0	1	0	0	0	0	0	1	0	0	WeMoLink
0	0	0	0	234	0	0	0	27	1	2	0	0	0	1	0	0	0	0	0	1	0	0	WeMoLink
0	0	0	0	40	0	0	0	28	2	1	0	0	1	0	1	0	0	0	0	0	0	0	WeMoLink
0	0	0	0	40	0	0	0	28	3	1	0	0	1	0	1	0	0	0	0	0	0	0	WeMoLink
0	0	0	0	40	0	0	0	28	2	1	0	0	1	0	1	0	0	0	0	0	0	0	WeMoLink
0	0	0	0	40	0	0	0	28	2	1	0	0	1	0	1	0	0	0	0	0	0	0	WeMoLink
0	0	0	0	40	0	0	0	28	3	1	0	0	1	0	1	0	0	0	0	0	0	0	WeMoLink
0	0	0	0	40	0	0	0	28	3	1	0	0	1	0	1	0	0	0	0	0	0	0	WeMoLink
0	0	0	0	40	0	0	0	28	2	1	0	0	1	0	1	0	0	0	0	0	0	0	WeMoLink
0	0	0	0	40	0	0	0	28	3	1	0	0	1	0	1	0	0	0	0	0	0	0	WeMoLink
0	0	0	0	40	0	0	0	29	3	1	0	0	1	0	1	0	0	0	0	0	0	0	WeMoLink
0	0	0	0	40	0	0	0	29	3	1	0	0	1	0	1	0	0	0	0	0	0	0	WeMoLink
0	0	0	0	40	0	0	0	29	2	1	0	0	1	0	1	0	0	0	0	0	0	0	WeMoLink
0	0	0	0	40	0	0	0	29	2	1	0	0	1	0	1	0	0	0	0	0	0	0	WeMoLink
0	0	0	0	40	0	0	0	29	3	1	0	0	1	0	1	0	0	0	0	0	0	0	WeMoLink
0	0	0	0	40	0	0	0	29	2	1	0	0	1	0	1	0	0	0	0	0	0	0	WeMoLink
0	0	0	0	40	0	0	0	30	3	1	0	0	1	0	1	0	0	0	0	0	0	0	WeMoLink
0	0	0	0	40	0	0	0	30	2	1	0	0	1	0	1	0	0	0	0	0	0	0	WeMoLink
0	0	0	0	40	0	0	0	30	2	1	0	0	1	0	1	0	0	0	0	0	0	0	WeMoLink
0	0	0	0	40	0	0	0	30	2	1	0	0	1	0	1	0	0	0	0	0	0	0	WeMoLink
0	0	0	0	40	0	0	0	30	3	1	0	0	1	0	1	0	0	0	0	0	0	0	WeMoLink
0	0	0	0	40	0	0	0	30	3	1	0	0	1	0	1	0	0	0	0	0	0	0	WeMoLink
0	0	0	0	40	0	0	0	30	2	1	0	0	1	0	1	0	0	0	0	0	0	0	WeMoLink
0	0	0	0	40	0	0	0	30	2	1	0	0	1	0	1	0	0	0	0	0	0	0	WeMoLink
0	0	0	0	40	0	0	0	30	2	1	0	0	1	0	1	0	0	0	0	0	0	0	WeMoLink
0	0	0	0	40	0	0	0	31	3	1	0	0	1	0	1	0	0	0	0	0	0	0	WeMoLink
0	0	0	0	40	0	0	0	31	2	1	0	0	1	0	1	0	0	0	0	0	0	0	WeMoLink
0	0	0	0	40	0	0	0	31	3	1	0	0	1	0	1	0	0	0	0	0	0	0	WeMoLink
0	0	0	0	40	0	0	0	31	2	1	0	0	1	0	1	0	0	0	0	0	0	0	WeMoLink
0	0	0	0	40	0	0	0	31	2	1	0	0	1	0	1	0	0	0	0	0	0	0	WeMoLink
0	0	0	0	40	0	0	0	31	2	1	0	0	1	0	1	0	0	0	0	0	0	0	WeMoLink
0	0	0	0	40	0	0	0	31	2	1	0	0	1	0	1	0	0	0	0	0	0	0	WeMoLink
0	0	0	0	40	0	0	0	32	3	1	0	0	1	0	1	0	0	0	0	0	0	0	WeMoLink
0	0	0	0	40	0	0	0	32	3	1	0	0	1	0	1	0	0	0	0	0	0	0	WeMoLink
0	0	0	0	40	0	0	0	32	2	1	0	0	1	0	1	0	0	0	0	0	0	0	WeMoLink
0	0	0	0	40	0	0	0	32	3	1	0	0	1	0	1	0	0	0	0	0	0	0	WeMoLink
0	0	0	0	40	0	0	0	32	2	1	0	0	1	0	1	0	0	0	0	0	0	0	WeMoLink
0	0	0	0	40	0	0	0	32	2	1	0	0	1	0	1	0	0	0	0	0	0	0	WeMoLink
0	0	0	0	40	0	0	0	32	3	1	0	0	1	0	1	0	0	0	0	0	0	0	WeMoLink
0	0	0	0	40	0	0	0	33	3	1	0	0	1	0	1	0	0	0	0	0	0	0	WeMoLink
0	0	0	0	56	0	0	0	33	2	1	0	0	0	1	0	0	0	0	0	0	0	1	WeMoLink
0	0	0	0	56	0	0	0	33	2	1	0	0	0	1	0	0	0	0	0	0	0	1	WeMoLink
0	0	0	0	40	0	0	0	33	2	1	0	0	1	0	1	0	0	0	0	0	0	0	WeMoLink
0	0	0	0	40	0	0	0	33	2	1	0	0	1	0	1	0	0	0	0	0	0	0	WeMoLink
0	0	0	0	40	0	0	0	33	2	1	0	0	1	0	1	0	0	0	0	0	0	0	WeMoLink
0	0	0	0	40	0	0	0	33	3	1	0	0	1	0	1	0	0	0	0	0	0	0	WeMoLink
0	0	0	0	38	0	0	0	33	2	1	0	0	0	1	0	0	0	0	0	1	0	0	WeMoLink
0	0	0	0	434	0	0	0	33	1	2	0	0	0	1	0	0	0	0	0	1	0	0	WeMoLink
0	0	0	0	32	0	0	0	34	2	2	0	0	1	0	0	0	0	0	0	0	0	0	WeMoLink
0	0	0	0	32	0	0	0	34	2	2	0	0	1	0	0	0	0	0	0	0	0	0	WeMoLink
0	0	0	0	20	0	0	0	34	2	2	0	0	1	0	0	0	0	0	0	0	0	0	WeMoLink
0	0	0	0	247	0	0	0	34	2	2	0	0	1	0	0	0	0	0	0	0	0	0	WeMoLink
0	0	0	0	20	0	0	0	34	2	2	0	0	1	0	0	0	0	0	0	0	0	0	WeMoLink
0	0	0	0	1400	0	0	0	34	2	2	0	0	1	0	0	0	0	0	0	0	0	0	WeMoLink
0	0	0	0	1400	0	0	0	34	2	2	0	0	1	0	0	0	0	0	0	0	0	0	WeMoLink
0	0	0	0	1356	0	0	0	34	2	2	0	0	1	0	0	0	0	0	0	0	0	0	WeMoLink
0	0	0	0	823	0	0	0	34	2	2	0	0	1	0	0	0	0	0	0	0	0	0	WeMoLink
0	0	0	0	20	0	0	0	34	2	2	0	0	1	0	0	0	0	0	0	0	0	0	WeMoLink
0	0	0	0	20	0	0	0	34	2	2	0	0	1	0	0	0	0	0	0	0	0	0	WeMoLink
0	0	0	0	56	0	0	0	34	2	1	0	0	0	1	0	0	0	0	0	0	0	1	WeMoLink
0	0	0	0	20	0	0	0	34	2	2	0	0	1	0	0	0	0	0	0	0	0	0	WeMoLink
0	0	0	0	20	0	0	0	34	2	2	0	0	1	0	0	0	0	0	0	0	0	0	WeMoLink
0	0	0	0	56	0	0	0	34	1	2	0	0	0	1	0	0	0	0	0	0	0	1	WeMoLink
0	0	0	0	346	0	0	0	34	2	2	0	0	1	0	0	0	0	0	0	0	0	0	WeMoLink
0	0	0	0	79	0	0	0	34	2	2	0	0	1	0	0	0	0	0	0	0	0	0	WeMoLink
0	0	0	0	20	0	0	0	34	2	2	0	0	1	0	0	0	0	0	0	0	0	0	WeMoLink
0	0	0	0	281	0	0	0	34	2	2	0	0	1	0	0	0	0	0	0	0	0	0	WeMoLink
0	0	0	0	1400	0	0	0	34	2	2	0	0	1	0	0	0	0	0	0	0	0	0	WeMoLink
0	0	0	0	56	0	0	0	34	2	1	0	0	0	1	0	0	0	0	0	0	0	1	WeMoLink
0	0	0	0	20	0	0	0	34	2	2	0	0	1	0	0	0	0	0	0	0	0	0	WeMoLink
0	0	0	0	1400	0	0	0	34	2	2	0	0	1	0	0	0	0	0	0	0	0	0	WeMoLink
0	0	0	0	1400	0	0	0	34	2	2	0	0	1	0	0	0	0	0	0	0	0	0	WeMoLink
0	0	0	0	1400	0	0	0	34	2	2	0	0	1	0	0	0	0	0	0	0	0	0	WeMoLink
0	0	0	0	56	0	0	0	34	2	1	0	0	0	1	0	0	0	0	0	0	0	1	WeMoLink
0	0	0	0	56	0	0	0	34	1	2	0	0	0	1	0	0	0	0	0	0	0	1	WeMoLink
0	0	0	0	20	0	0	0	34	2	2	0	0	1	0	0	0	0	0	0	0	0	0	WeMoLink
0	0	0	0	1400	0	0	0	34	2	2	0	0	1	0	0	0	0	0	0	0	0	0	WeMoLink
0	0	0	0	1400	0	0	0	34	2	2	0	0	1	0	0	0	0	0	0	0	0	0	WeMoLink
0	0	0	0	1400	0	0	0	34	2	2	0	0	1	0	0	0	0	0	0	0	0	0	WeMoLink
0	0	0	0	20	0	0	0	34	2	2	0	0	1	0	0	0	0	0	0	0	0	0	WeMoLink
0	0	0	0	1400	0	0	0	34	2	2	0	0	1	0	0	0	0	0	0	0	0	0	WeMoLink
0	0	0	0	1400	0	0	0	34	2	2	0	0	1	0	0	0	0	0	0	0	0	0	WeMoLink
0	0	0	0	40	0	0	0	35	3	1	0	0	1	0	1	0	0	0	0	0	0	0	WeMoLink
0	0	0	0	20	0	0	0	35	2	2	0	0	1	0	0	0	0	0	0	0	0	0	WeMoLink
0	0	0	0	20	0	0	0	35	2	2	0	0	1	0	0	0	0	0	0	0	0	0	WeMoLink
0	0	0	0	20	0	0	0	35	2	2	0	0	1	0	0	0	0	0	0	0	0	0	WeMoLink
0	0	0	0	1400	0	0	0	35	2	2	0	0	1	0	0	0	0	0	0	0	0	0	WeMoLink
0	0	0	0	21	0	0	0	35	2	2	0	0	1	0	0	0	0	0	0	0	0	0	WeMoLink
0	0	0	0	1400	0	0	0	35	2	2	0	0	1	0	0	0	0	0	0	0	0	0	WeMoLink
0	0	0	0	1400	0	0	0	35	2	2	0	0	1	0	0	0	0	0	0	0	0	0	WeMoLink
0	0	0	0	20	0	0	0	35	2	2	0	0	1	0	0	0	0	0	0	0	0	0	WeMoLink
0	0	0	0	20	0	0	0	35	2	2	0	0	1	0	0	0	0	0	0	0	0	0	WeMoLink
0	0	0	0	1400	0	0	0	35	2	2	0	0	1	0	0	0	0	0	0	0	0	0	WeMoLink
0	0	0	0	1400	0	0	0	35	2	2	0	0	1	0	0	0	0	0	0	0	0	0	WeMoLink
0	0	0	0	1400	0	0	0	35	2	2	0	0	1	0	0	0	0	0	0	0	0	0	WeMoLink
0	0	0	0	20	0	0	0	35	2	2	0	0	1	0	0	0	0	0	0	0	0	0	WeMoLink
0	0	0	0	20	0	0	0	35	2	2	0	0	1	0	0	0	0	0	0	0	0	0	WeMoLink
0	0	0	0	927	0	0	0	35	2	2	0	0	1	0	0	0	0	0	0	0	0	0	WeMoLink
0	0	0	0	20	0	0	0	35	2	2	0	0	1	0	0	0	0	0	0	0	0	0	WeMoLink
0	0	0	0	20	0	0	0	35	2	2	0	0	1	0	0	0	0	0	0	0	0	0	WeMoLink
0	0	0	0	1400	0	0	0	35	2	2	0	0	1	0	0	0	0	0	0	0	0	0	WeMoLink
0	0	0	0	20	0	0	0	35	2	2	0	0	1	0	0	0	0	0	0	0	0	0	WeMoLink
0	0	0	0	1400	0	0	0	35	2	2	0	0	1	0	0	0	0	0	0	0	0	0	WeMoLink
0	0	0	0	20	0	0	0	35	2	2	0	0	1	0	0	0	0	0	0	0	0	0	WeMoLink
0	0	0	0	20	0	0	0	35	2	2	0	0	1	0	0	0	0	0	0	0	0	0	WeMoLink
0	0	0	0	20	0	0	0	35	2	2	0	0	1	0	0	0	0	0	0	0	0	0	WeMoLink
0	0	0	0	738	0	0	0	35	2	2	0	0	1	0	0	0	0	0	0	0	0	0	WeMoLink
0	0	0	0	20	0	0	0	35	2	2	0	0	1	0	0	0	0	0	0	0	0	0	WeMoLink
0	0	0	0	1400	0	0	0	35	2	2	0	0	1	0	0	0	0	0	0	0	0	0	WeMoLink
0	0	0	0	1400	0	0	0	35	2	2	0	0	1	0	0	0	0	0	0	0	0	0	WeMoLink
0	0	0	0	20	0	0	0	35	2	2	0	0	1	0	0	0	0	0	0	0	0	0	WeMoLink
0	0	0	0	775	0	0	0	35	2	2	0	0	1	0	0	0	0	0	0	0	0	0	WeMoLink
0	0	0	0	1400	0	0	0	35	2	2	0	0	1	0	0	0	0	0	0	0	0	0	WeMoLink
0	0	0	0	20	0	0	0	35	2	2	0	0	1	0	0	0	0	0	0	0	0	0	WeMoLink
0	0	0	0	20	0	0	0	35	2	2	0	0	1	0	0	0	0	0	0	0	0	0	WeMoLink
0	0	0	0	1341	0	0	0	35	2	2	0	0	1	0	0	0	0	0	0	0	0	0	WeMoLink
0	0	0	0	20	0	0	0	35	2	2	0	0	1	0	0	0	0	0	0	0	0	0	WeMoLink
0	0	0	0	20	0	0	0	35	2	2	0	0	1	0	0	0	0	0	0	0	0	0	WeMoLink
0	0	0	0	1400	0	0	0	35	2	2	0	0	1	0	0	0	0	0	0	0	0	0	WeMoLink
0	0	0	0	117	0	0	0	35	2	2	0	0	1	0	0	0	0	0	0	0	0	0	WeMoLink
0	0	0	0	20	0	0	0	35	2	2	0	0	1	0	0	0	0	0	0	0	0	0	WeMoLink
0	0	0	0	20	0	0	0	35	2	2	0	0	1	0	0	0	0	0	0	0	0	0	WeMoLink
0	0	0	0	57	0	0	0	35	2	2	0	0	1	0	0	0	0	0	0	0	0	0	WeMoLink
0	0	0	0	40	0	0	0	35	2	1	0	0	1	0	1	0	0	0	0	0	0	0	WeMoLink
0	0	0	0	40	0	0	0	35	2	1	0	0	1	0	1	0	0	0	0	0	0	0	WeMoLink
0	0	0	0	40	0	0	0	35	2	1	0	0	1	0	1	0	0	0	0	0	0	0	WeMoLink
0	0	0	0	57	0	0	0	35	2	2	0	0	1	0	0	0	0	0	0	0	0	0	WeMoLink
0	0	0	0	20	0	0	0	35	2	2	0	0	1	0	0	0	0	0	0	0	0	0	WeMoLink
0	0	0	0	20	0	0	0	35	2	2	0	0	1	0	0	0	0	0	0	0	0	0	WeMoLink
0	0	0	0	20	0	0	0	35	2	2	0	0	1	0	0	0	0	0	0	0	0	0	WeMoLink
0	0	0	0	56	0	0	0	35	2	1	0	0	0	1	0	0	0	0	0	0	0	1	WeMoLink
0	0	0	0	56	0	0	0	35	1	2	0	0	0	1	0	0	0	0	0	0	0	1	WeMoLink
0	0	0	0	40	0	0	0	35	3	1	0	0	1	0	1	0	0	0	0	0	0	0	WeMoLink
0	0	0	0	40	0	0	0	35	3	1	0	0	1	0	1	0	0	0	0	0	0	0	WeMoLink
0	0	0	0	40	0	0	0	35	3	1	0	0	1	0	1	0	0	0	0	0	0	0	WeMoLink
0	0	0	0	38	0	0	0	35	2	1	0	0	0	1	0	0	0	0	0	1	0	0	WeMoLink
0	0	0	0	434	0	0	0	35	1	2	0	0	0	1	0	0	0	0	0	1	0	0	WeMoLink
0	0	0	0	40	0	0	0	36	2	1	0	0	1	0	1	0	0	0	0	0	0	0	WeMoLink
0	0	0	0	40	0	0	0	37	3	2	0	0	1	0	0	0	0	0	0	0	0	0	WeMoLink
0	0	0	0	168	0	0	0	37	2	2	0	0	1	0	0	0	0	0	0	0	0	0	WeMoLink
0	0	0	0	20	0	0	0	37	2	2	0	0	1	0	0	0	0	0	0	0	0	0	WeMoLink
0	0	0	0	100	0	0	0	37	2	2	0	0	1	0	0	0	0	0	0	0	0	0	WeMoLink
0	0	0	0	20	0	0	0	37	2	2	0	0	1	0	0	0	0	0	0	0	0	0	WeMoLink
0	0	0	0	40	0	0	0	37	2	1	0	0	1	0	1	0	0	0	0	0	0	0	WeMoLink
0	0	0	0	40	0	0	0	37	2	1	0	0	1	0	1	0	0	0	0	0	0	0	WeMoLink
0	0	0	0	40	0	0	0	37	2	1	0	0	1	0	1	0	0	0	0	0	0	0	WeMoLink
0	0	0	0	40	0	0	0	37	3	1	0	0	1	0	1	0	0	0	0	0	0	0	WeMoLink
0	0	0	0	40	0	0	0	37	2	1	0	0	1	0	1	0	0	0	0	0	0	0	WeMoLink
0	0	0	0	40	0	0	0	37	2	1	0	0	1	0	1	0	0	0	0	0	0	0	WeMoLink
0	0	0	0	40	0	0	0	37	3	2	0	0	1	0	0	0	0	0	0	0	0	0	WeMoLink
0	0	0	0	40	0	0	0	37	2	1	0	0	1	0	1	0	0	0	0	0	0	0	WeMoLink
0	0	0	0	40	0	0	0	37	2	1	0	0	1	0	1	0	0	0	0	0	0	0	WeMoLink
0	0	0	0	40	0	0	0	37	2	1	0	0	1	0	1	0	0	0	0	0	0	0	WeMoLink
0	0	0	0	40	0	0	0	37	2	1	0	0	1	0	1	0	0	0	0	0	0	0	WeMoLink
0	0	0	0	38	0	0	0	37	2	1	0	0	0	1	0	0	0	0	0	1	0	0	WeMoLink
0	0	0	0	434	0	0	0	37	1	2	0	0	0	1	0	0	0	0	0	1	0	0	WeMoLink
0	0	0	0	32	0	0	0	38	2	2	0	0	1	0	0	0	0	0	0	0	0	0	WeMoLink
0	0	0	0	38	0	0	0	38	2	1	0	0	0	1	0	0	0	0	0	1	0	0	WeMoLink
0	0	0	0	434	0	0	0	38	1	2	0	0	0	1	0	0	0	0	0	1	0	0	WeMoLink
0	0	0	0	32	0	0	0	39	2	2	0	0	1	0	0	0	0	0	0	0	0	0	WeMoLink
0	0	0	0	32	0	0	0	39	2	2	0	0	1	0	0	0	0	0	0	0	0	0	WeMoLink
0	0	0	0	20	0	0	0	39	2	2	0	0	1	0	0	0	0	0	0	0	0	0	WeMoLink
0	0	0	0	32	0	0	0	39	2	2	0	0	1	0	0	0	0	0	0	0	0	0	WeMoLink
0	0	0	0	20	0	0	0	39	2	2	0	0	1	0	0	0	0	0	0	0	0	0	WeMoLink
0	0	0	0	247	0	0	0	39	2	2	0	0	1	0	0	0	0	0	0	0	0	0	WeMoLink
0	0	0	0	247	0	0	0	39	2	2	0	0	1	0	0	0	0	0	0	0	0	0	WeMoLink
0	0	0	0	20	0	0	0	39	2	2	0	0	1	0	0	0	0	0	0	0	0	0	WeMoLink
0	0	0	0	1400	0	0	0	39	2	2	0	0	1	0	0	0	0	0	0	0	0	0	WeMoLink
0	0	0	0	1400	0	0	0	39	2	2	0	0	1	0	0	0	0	0	0	0	0	0	WeMoLink
0	0	0	0	1356	0	0	0	39	2	2	0	0	1	0	0	0	0	0	0	0	0	0	WeMoLink
0	0	0	0	823	0	0	0	39	2	2	0	0	1	0	0	0	0	0	0	0	0	0	WeMoLink
0	0	0	0	20	0	0	0	39	2	2	0	0	1	0	0	0	0	0	0	0	0	0	WeMoLink
0	0	0	0	20	0	0	0	39	2	2	0	0	1	0	0	0	0	0	0	0	0	0	WeMoLink
0	0	0	0	20	0	0	0	39	2	2	0	0	1	0	0	0	0	0	0	0	0	0	WeMoLink
0	0	0	0	20	0	0	0	39	2	2	0	0	1	0	0	0	0	0	0	0	0	0	WeMoLink
0	0	0	0	20	0	0	0	39	2	2	0	0	1	0	0	0	0	0	0	0	0	0	WeMoLink
0	0	0	0	1400	0	0	0	39	2	2	0	0	1	0	0	0	0	0	0	0	0	0	WeMoLink
0	0	0	0	1400	0	0	0	39	2	2	0	0	1	0	0	0	0	0	0	0	0	0	WeMoLink
0	0	0	0	1356	0	0	0	39	2	2	0	0	1	0	0	0	0	0	0	0	0	0	WeMoLink
0	0	0	0	823	0	0	0	39	2	2	0	0	1	0	0	0	0	0	0	0	0	0	WeMoLink
0	0	0	0	20	0	0	0	39	2	2	0	0	1	0	0	0	0	0	0	0	0	0	WeMoLink
0	0	0	0	20	0	0	0	39	2	2	0	0	1	0	0	0	0	0	0	0	0	0	WeMoLink
0	0	0	0	20	0	0	0	39	2	2	0	0	1	0	0	0	0	0	0	0	0	0	WeMoLink
0	0	0	0	20	0	0	0	39	2	2	0	0	1	0	0	0	0	0	0	0	0	0	WeMoLink
0	0	0	0	346	0	0	0	39	2	2	0	0	1	0	0	0	0	0	0	0	0	0	WeMoLink
0	0	0	0	346	0	0	0	39	2	2	0	0	1	0	0	0	0	0	0	0	0	0	WeMoLink
0	1	0	0	0	0	0	0	39	0	0	0	0	0	0	0	0	0	0	0	0	0	0	WeMoLink
0	1	0	0	0	0	0	0	39	0	0	0	0	0	0	0	0	0	0	0	0	0	0	WeMoLink
0	0	0	0	79	0	0	0	39	2	2	0	0	1	0	0	0	0	0	0	0	0	0	WeMoLink
0	0	0	0	20	0	0	0	39	2	2	0	0	1	0	0	0	0	0	0	0	0	0	WeMoLink
0	0	0	0	265	0	0	0	39	2	2	0	0	1	0	0	0	0	0	0	0	0	0	WeMoLink
0	0	0	0	79	0	0	0	39	2	2	0	0	1	0	0	0	0	0	0	0	0	0	WeMoLink
0	0	0	0	20	0	0	0	39	2	2	0	0	1	0	0	0	0	0	0	0	0	0	WeMoLink
0	0	0	0	729	0	0	0	39	2	2	0	0	1	0	0	0	0	0	0	0	0	0	WeMoLink
0	0	0	0	20	0	0	0	39	2	2	0	0	1	0	0	0	0	0	0	0	0	0	WeMoLink
0	0	0	0	713	0	0	0	39	2	2	0	0	1	0	0	0	0	0	0	0	0	0	WeMoLink
0	0	0	0	20	0	0	0	39	2	2	0	0	1	0	0	0	0	0	0	0	0	0	WeMoLink
0	0	0	0	57	0	0	0	39	2	2	0	0	1	0	0	0	0	0	0	0	0	0	WeMoLink
0	0	0	0	57	0	0	0	39	2	2	0	0	1	0	0	0	0	0	0	0	0	0	WeMoLink
0	0	0	0	20	0	0	0	39	2	2	0	0	1	0	0	0	0	0	0	0	0	0	WeMoLink
0	0	0	0	20	0	0	0	39	2	2	0	0	1	0	0	0	0	0	0	0	0	0	WeMoLink
0	0	0	0	1241	0	0	0	39	2	2	0	0	1	0	0	0	0	0	0	0	0	0	WeMoLink
0	0	0	0	16	0	0	1	40	0	0	0	0	0	0	0	0	0	0	0	0	0	0	WeMoLink
0	0	0	0	1400	0	0	0	40	2	2	0	0	1	0	0	0	0	0	0	0	0	0	WeMoLink
0	0	0	0	57	0	0	0	40	2	2	0	0	1	0	0	0	0	0	0	0	0	0	WeMoLink
0	0	0	0	20	0	0	0	40	2	2	0	0	1	0	0	0	0	0	0	0	0	0	WeMoLink
0	0	0	0	20	0	0	0	40	2	2	0	0	1	0	0	0	0	0	0	0	0	0	WeMoLink
0	0	0	0	20	0	0	0	40	2	2	0	0	1	0	0	0	0	0	0	0	0	0	WeMoLink
0	0	0	0	20	0	0	0	40	2	2	0	0	1	0	0	0	0	0	0	0	0	0	WeMoLink
0	0	0	0	1400	0	0	0	40	2	2	0	0	1	0	0	0	0	0	0	0	0	0	WeMoLink
0	0	0	0	1400	0	0	0	40	2	2	0	0	1	0	0	0	0	0	0	0	0	0	WeMoLink
0	0	0	0	20	0	0	0	40	2	2	0	0	1	0	0	0	0	0	0	0	0	0	WeMoLink
0	0	0	0	1400	0	0	0	40	2	2	0	0	1	0	0	0	0	0	0	0	0	0	WeMoLink
0	0	0	0	1400	0	0	0	40	2	2	0	0	1	0	0	0	0	0	0	0	0	0	WeMoLink
0	0	0	0	389	0	0	0	41	2	2	0	0	0	1	0	0	0	0	1	0	0	0	WeMoLink
0	0	0	0	387	0	0	0	41	2	2	0	0	0	1	0	0	0	0	1	0	0	0	WeMoLink
0	0	0	0	411	0	0	0	41	2	2	0	0	0	1	0	0	0	0	1	0	0	0	WeMoLink
0	0	0	0	419	0	0	0	41	2	2	0	0	0	1	0	0	0	0	1	0	0	0	WeMoLink
0	0	0	0	417	0	0	0	41	2	2	0	0	0	1	0	0	0	0	1	0	0	0	WeMoLink
0	0	0	0	421	0	0	0	41	2	2	0	0	0	1	0	0	0	0	1	0	0	0	WeMoLink
0	0	0	0	429	0	0	0	41	2	2	0	0	0	1	0	0	0	0	1	0	0	0	WeMoLink
0	0	0	0	411	0	0	0	41	2	2	0	0	0	1	0	0	0	0	1	0	0	0	WeMoLink
0	0	0	0	417	0	0	0	41	2	2	0	0	0	1	0	0	0	0	1	0	0	0	WeMoLink
0	0	0	0	425	0	0	0	41	2	2	0	0	0	1	0	0	0	0	1	0	0	0	WeMoLink
0	0	0	0	421	0	0	0	41	2	2	0	0	0	1	0	0	0	0	1	0	0	0	WeMoLink
0	0	0	0	413	0	0	0	41	2	2	0	0	0	1	0	0	0	0	1	0	0	0	WeMoLink
0	0	0	0	423	0	0	0	41	2	2	0	0	0	1	0	0	0	0	1	0	0	0	WeMoLink
0	0	0	0	20	0	0	0	41	2	2	0	0	1	0	0	0	0	0	0	0	0	0	WeMoLink
0	0	0	0	20	0	0	0	41	2	2	0	0	1	0	0	0	0	0	0	0	0	0	WeMoLink
0	0	0	0	1400	0	0	0	41	2	2	0	0	1	0	0	0	0	0	0	0	0	0	WeMoLink
0	0	0	0	1400	0	0	0	41	2	2	0	0	1	0	0	0	0	0	0	0	0	0	WeMoLink
0	0	0	0	54	0	0	0	41	2	2	0	0	1	0	0	0	0	0	0	0	0	0	WeMoLink
0	0	0	0	20	0	0	0	41	2	2	0	0	1	0	0	0	0	0	0	0	0	0	WeMoLink
0	0	0	0	20	0	0	0	41	2	2	0	0	1	0	0	0	0	0	0	0	0	0	WeMoLink
0	0	0	0	1400	0	0	0	41	2	2	0	0	1	0	0	0	0	0	0	0	0	0	WeMoLink
0	0	0	0	1400	0	0	0	41	2	2	0	0	1	0	0	0	0	0	0	0	0	0	WeMoLink
0	0	0	0	1400	0	0	0	41	2	2	0	0	1	0	0	0	0	0	0	0	0	0	WeMoLink
0	0	0	0	20	0	0	0	41	2	2	0	0	1	0	0	0	0	0	0	0	0	0	WeMoLink
0	0	0	0	20	0	0	0	41	2	2	0	0	1	0	0	0	0	0	0	0	0	0	WeMoLink
0	0	0	0	20	0	0	0	41	2	2	0	0	1	0	0	0	0	0	0	0	0	0	WeMoLink
0	0	0	0	24	0	0	0	41	2	2	0	0	1	0	0	0	0	0	0	0	0	0	WeMoLink
0	0	0	0	20	0	0	0	41	2	2	0	0	1	0	0	0	0	0	0	0	0	0	WeMoLink
0	0	0	0	20	0	0	0	41	2	2	0	0	1	0	0	0	0	0	0	0	0	0	WeMoLink
0	0	0	0	1400	0	0	0	41	2	2	0	0	1	0	0	0	0	0	0	0	0	0	WeMoLink
0	0	0	0	20	0	0	0	41	2	2	0	0	1	0	0	0	0	0	0	0	0	0	WeMoLink
0	0	0	0	1400	0	0	0	41	2	2	0	0	1	0	0	0	0	0	0	0	0	0	WeMoLink
0	0	0	0	1400	0	0	0	41	2	2	0	0	1	0	0	0	0	0	0	0	0	0	WeMoLink
0	0	0	0	1400	0	0	0	41	2	2	0	0	1	0	0	0	0	0	0	0	0	0	WeMoLink
0	0	0	0	20	0	0	0	41	2	2	0	0	1	0	0	0	0	0	0	0	0	0	WeMoLink
0	0	0	0	420	0	0	0	41	2	2	0	0	1	0	0	0	0	0	0	0	0	0	WeMoLink
0	0	0	0	20	0	0	0	41	2	2	0	0	1	0	0	0	0	0	0	0	0	0	WeMoLink
0	0	0	0	20	0	0	0	41	2	2	0	0	1	0	0	0	0	0	0	0	0	0	WeMoLink
0	0	0	0	20	0	0	0	41	2	2	0	0	1	0	0	0	0	0	0	0	0	0	WeMoLink
0	0	0	0	1389	0	0	0	41	2	2	0	0	1	0	0	0	0	0	0	0	0	0	WeMoLink
0	0	0	0	20	0	0	0	41	2	2	0	0	1	0	0	0	0	0	0	0	0	0	WeMoLink
0	0	0	0	1225	0	0	0	41	2	2	0	0	1	0	0	0	0	0	0	0	0	0	WeMoLink
0	0	0	0	57	0	0	0	41	2	2	0	0	1	0	0	0	0	0	0	0	0	0	WeMoLink
0	0	0	0	20	0	0	0	41	2	2	0	0	1	0	0	0	0	0	0	0	0	0	WeMoLink
0	0	0	0	20	0	0	0	41	2	2	0	0	1	0	0	0	0	0	0	0	0	0	WeMoLink
0	0	0	0	57	0	0	0	41	2	2	0	0	1	0	0	0	0	0	0	0	0	0	WeMoLink
0	0	0	0	20	0	0	0	41	2	2	0	0	1	0	0	0	0	0	0	0	0	0	WeMoLink
0	0	0	0	20	0	0	0	41	2	2	0	0	1	0	0	0	0	0	0	0	0	0	WeMoLink
0	0	0	0	20	0	0	0	41	2	2	0	0	1	0	0	0	0	0	0	0	0	0	WeMoLink
0	0	0	0	38	0	0	0	41	2	1	0	0	0	1	0	0	0	0	0	1	0	0	WeMoLink
0	0	0	0	434	0	0	0	41	1	2	0	0	0	1	0	0	0	0	0	1	0	0	WeMoLink
0	0	0	0	32	0	0	0	42	2	2	0	0	1	0	0	0	0	0	0	0	0	0	WeMoLink
0	0	0	0	32	0	0	0	42	2	2	0	0	1	0	0	0	0	0	0	0	0	0	WeMoLink
0	0	0	0	20	0	0	0	42	2	2	0	0	1	0	0	0	0	0	0	0	0	0	WeMoLink
0	0	0	0	247	0	0	0	42	2	2	0	0	1	0	0	0	0	0	0	0	0	0	WeMoLink
0	0	0	0	20	0	0	0	42	2	2	0	0	1	0	0	0	0	0	0	0	0	0	WeMoLink
0	0	0	0	1400	0	0	0	42	2	2	0	0	1	0	0	0	0	0	0	0	0	0	WeMoLink
0	0	0	0	1400	0	0	0	42	2	2	0	0	1	0	0	0	0	0	0	0	0	0	WeMoLink
0	0	0	0	1356	0	0	0	42	2	2	0	0	1	0	0	0	0	0	0	0	0	0	WeMoLink
0	0	0	0	823	0	0	0	42	2	2	0	0	1	0	0	0	0	0	0	0	0	0	WeMoLink
0	0	0	0	20	0	0	0	42	2	2	0	0	1	0	0	0	0	0	0	0	0	0	WeMoLink
0	0	0	0	20	0	0	0	42	2	2	0	0	1	0	0	0	0	0	0	0	0	0	WeMoLink
0	0	0	0	20	0	0	0	42	2	2	0	0	1	0	0	0	0	0	0	0	0	0	WeMoLink
0	0	0	0	20	0	0	0	42	2	2	0	0	1	0	0	0	0	0	0	0	0	0	WeMoLink
0	0	0	0	346	0	0	0	42	2	2	0	0	1	0	0	0	0	0	0	0	0	0	WeMoLink
0	0	0	0	79	0	0	0	42	2	2	0	0	1	0	0	0	0	0	0	0	0	0	WeMoLink
0	0	0	0	20	0	0	0	42	2	2	0	0	1	0	0	0	0	0	0	0	0	0	WeMoLink
0	0	0	0	841	0	0	0	42	2	2	0	0	1	0	0	0	0	0	0	0	0	0	WeMoLink
0	0	0	0	20	0	0	0	42	2	2	0	0	1	0	0	0	0	0	0	0	0	0	WeMoLink
0	0	0	0	761	0	0	0	42	2	2	0	0	1	0	0	0	0	0	0	0	0	0	WeMoLink
0	0	0	0	57	0	0	0	42	2	2	0	0	1	0	0	0	0	0	0	0	0	0	WeMoLink
0	0	0	0	20	0	0	0	42	2	2	0	0	1	0	0	0	0	0	0	0	0	0	WeMoLink
0	0	0	0	20	0	0	0	42	2	2	0	0	1	0	0	0	0	0	0	0	0	0	WeMoLink
0	0	0	0	57	0	0	0	42	2	2	0	0	1	0	0	0	0	0	0	0	0	0	WeMoLink
0	0	0	0	20	0	0	0	42	2	2	0	0	1	0	0	0	0	0	0	0	0	0	WeMoLink
0	0	0	0	20	0	0	0	42	2	2	0	0	1	0	0	0	0	0	0	0	0	0	WeMoLink
0	0	0	0	20	0	0	0	42	2	2	0	0	1	0	0	0	0	0	0	0	0	0	WeMoLink
0	0	0	0	16	0	0	1	42	0	0	0	0	0	0	0	0	0	0	0	0	0	0	WeMoLink
0	0	0	0	64	0	0	0	42	0	0	1	0	0	0	0	0	0	0	0	0	0	0	WeMoLink
0	0	0	0	64	0	0	0	42	0	0	1	0	0	0	0	0	0	0	0	0	0	0	WeMoLink
0	0	0	0	64	0	0	0	42	0	0	1	0	0	0	0	0	0	0	0	0	0	0	WeMoLink
0	0	0	0	64	0	0	0	42	0	0	1	0	0	0	0	0	0	0	0	0	0	0	WeMoLink
0	0	0	0	64	0	0	0	42	0	0	1	0	0	0	0	0	0	0	0	0	0	0	WeMoLink
0	0	0	0	64	0	0	0	42	0	0	1	0	0	0	0	0	0	0	0	0	0	0	WeMoLink
0	1	0	0	0	0	0	0	42	0	0	0	0	0	0	0	0	0	0	0	0	0	0	WeMoLink
0	1	0	0	0	0	0	0	42	0	0	0	0	0	0	0	0	0	0	0	0	0	0	WeMoLink
