0	0	0	0	56	0	0	0	2	1	2	0	0	0	1	0	0	0	0	0	0	0	1	HueSwitch
0	0	0	0	40	0	0	0	2	3	1	0	0	1	0	0	1	0	0	0	0	0	0	HueSwitch
0	0	0	0	40	0	0	0	3	1	3	0	0	1	0	0	1	0	0	0	0	0	0	HueSwitch
0	0	0	0	32	0	0	0	3	3	1	0	0	1	0	0	1	0	0	0	0	0	0	HueSwitch
0	0	0	0	225	0	0	0	3	3	1	0	0	1	0	0	1	0	0	0	0	0	0	HueSwitch
0	0	0	0	32	0	0	0	3	1	3	0	0	1	0	0	1	0	0	0	0	0	0	HueSwitch
0	0	0	0	49	0	0	0	3	1	3	0	0	1	0	0	1	0	0	0	0	0	0	HueSwitch
0	0	0	0	32	0	0	0	3	3	1	0	0	1	0	0	1	0	0	0	0	0	0	HueSwitch
0	0	0	0	896	0	0	0	3	1	3	0	0	1	0	0	1	0	0	0	0	0	0	HueSwitch
0	0	0	0	32	0	0	0	3	3	1	0	0	1	0	0	1	0	0	0	0	0	0	HueSwitch
0	0	0	0	33	0	0	0	3	1	3	0	0	1	0	0	1	0	0	0	0	0	0	HueSwitch
0	0	0	0	32	0	0	0	3	3	1	0	0	1	0	0	1	0	0	0	0	0	0	HueSwitch
0	0	0	0	344	0	0	0	3	1	3	0	0	1	0	0	1	0	0	0	0	0	0	HueSwitch
0	0	0	0	32	0	0	0	3	3	1	0	0	1	0	0	1	0	0	0	0	0	0	HueSwitch
0	0	0	0	1320	0	0	0	3	1	3	0	0	1	0	0	1	0	0	0	0	0	0	HueSwitch
0	0	0	0	222	0	0	0	3	1	3	0	0	1	0	0	1	0	0	0	0	0	0	HueSwitch
0	0	0	0	222	0	0	0	3	1	3	0	0	1	0	0	1	0	0	0	0	0	0	HueSwitch
0	0	0	0	32	0	0	0	3	3	1	0	0	1	0	0	1	0	0	0	0	0	0	HueSwitch
0	0	0	0	44	0	0	0	3	3	1	0	0	1	0	0	1	0	0	0	0	0	0	HueSwitch
0	0	0	0	32	0	0	0	3	3	1	0	0	1	0	0	1	0	0	0	0	0	0	HueSwitch
0	0	0	0	32	0	0	0	3	1	3	0	0	1	0	0	1	0	0	0	0	0	0	HueSwitch
0	0	0	0	40	0	0	0	3	2	1	0	0	1	0	0	1	0	0	0	0	0	0	HueSwitch
0	0	0	0	40	0	0	0	3	1	2	0	0	1	0	0	1	0	0	0	0	0	0	HueSwitch
0	0	0	0	32	0	0	0	3	2	1	0	0	1	0	0	1	0	0	0	0	0	0	HueSwitch
0	0	0	0	225	0	0	0	3	2	1	0	0	1	0	0	1	0	0	0	0	0	0	HueSwitch
0	0	0	0	32	0	0	0	3	1	2	0	0	1	0	0	1	0	0	0	0	0	0	HueSwitch
0	0	0	0	49	0	0	0	3	1	2	0	0	1	0	0	1	0	0	0	0	0	0	HueSwitch
0	0	0	0	32	0	0	0	3	2	1	0	0	1	0	0	1	0	0	0	0	0	0	HueSwitch
0	0	0	0	896	0	0	0	3	1	2	0	0	1	0	0	1	0	0	0	0	0	0	HueSwitch
0	0	0	0	32	0	0	0	3	2	1	0	0	1	0	0	1	0	0	0	0	0	0	HueSwitch
0	0	0	0	33	0	0	0	3	1	2	0	0	1	0	0	1	0	0	0	0	0	0	HueSwitch
0	0	0	0	32	0	0	0	3	2	1	0	0	1	0	0	1	0	0	0	0	0	0	HueSwitch
0	0	0	0	443	0	0	0	3	1	2	0	0	1	0	0	1	0	0	0	0	0	0	HueSwitch
0	0	0	0	32	0	0	0	3	2	1	0	0	1	0	0	1	0	0	0	0	0	0	HueSwitch
0	0	0	0	1183	0	0	0	3	1	2	0	0	1	0	0	1	0	0	0	0	0	0	HueSwitch
0	0	0	0	260	0	0	0	3	1	2	0	0	1	0	0	1	0	0	0	0	0	0	HueSwitch
0	0	0	0	32	0	0	0	3	2	1	0	0	1	0	0	1	0	0	0	0	0	0	HueSwitch
0	0	0	0	32	0	0	0	3	2	1	0	0	1	0	0	1	0	0	0	0	0	0	HueSwitch
0	0	0	0	32	0	0	0	3	1	2	0	0	1	0	0	1	0	0	0	0	0	0	HueSwitch
0	0	0	0	40	0	0	0	3	2	1	0	0	1	0	0	1	0	0	0	0	0	0	HueSwitch
0	0	0	0	40	0	0	0	3	1	2	0	0	1	0	0	1	0	0	0	0	0	0	HueSwitch
0	0	0	0	32	0	0	0	3	2	1	0	0	1	0	0	1	0	0	0	0	0	0	HueSwitch
0	0	0	0	233	0	0	0	3	2	1	0	0	1	0	0	1	0	0	0	0	0	0	HueSwitch
0	0	0	0	32	0	0	0	3	1	2	0	0	1	0	0	1	0	0	0	0	0	0	HueSwitch
0	0	0	0	49	0	0	0	3	1	2	0	0	1	0	0	1	0	0	0	0	0	0	HueSwitch
0	0	0	0	679	0	0	0	3	1	2	0	0	1	0	0	1	0	0	0	0	0	0	HueSwitch
0	0	0	0	679	0	0	0	3	1	2	0	0	1	0	0	1	0	0	0	0	0	0	HueSwitch
0	0	0	0	32	0	0	0	3	2	1	0	0	1	0	0	1	0	0	0	0	0	0	HueSwitch
0	0	0	0	32	0	0	0	3	2	1	0	0	1	0	0	1	0	0	0	0	0	0	HueSwitch
0	0	0	0	32	0	0	0	3	2	1	0	0	1	0	0	1	0	0	0	0	0	0	HueSwitch
0	0	0	0	32	0	0	0	3	1	2	0	0	1	0	0	1	0	0	0	0	0	0	HueSwitch
0	0	0	0	44	0	0	0	3	2	1	0	0	1	0	0	1	0	0	0	0	0	0	HueSwitch
0	0	0	0	40	0	0	0	3	2	1	0	0	1	0	0	1	0	0	0	0	0	0	HueSwitch
0	0	0	0	40	0	0	0	3	1	2	0	0	1	0	0	1	0	0	0	0	0	0	HueSwitch
0	0	0	0	32	0	0	0	3	2	1	0	0	1	0	0	1	0	0	0	0	0	0	HueSwitch
0	0	0	0	233	0	0	0	3	2	1	0	0	1	0	0	1	0	0	0	0	0	0	HueSwitch
0	0	0	0	32	0	0	0	3	1	2	0	0	1	0	0	1	0	0	0	0	0	0	HueSwitch
0	0	0	0	49	0	0	0	3	1	2	0	0	1	0	0	1	0	0	0	0	0	0	HueSwitch
0	0	0	0	679	0	0	0	3	1	2	0	0	1	0	0	1	0	0	0	0	0	0	HueSwitch
0	0	0	0	32	0	0	0	3	2	1	0	0	1	0	0	1	0	0	0	0	0	0	HueSwitch
0	0	0	0	32	0	0	0	3	2	1	0	0	1	0	0	1	0	0	0	0	0	0	HueSwitch
0	0	0	0	32	0	0	0	3	2	1	0	0	1	0	0	1	0	0	0	0	0	0	HueSwitch
0	0	0	0	32	0	0	0	3	1	2	0	0	1	0	0	1	0	0	0	0	0	0	HueSwitch
0	0	0	0	40	0	0	0	3	3	1	0	0	1	0	0	1	0	0	0	0	0	0	HueSwitch
0	0	0	0	40	0	0	0	3	1	3	0	0	1	0	0	1	0	0	0	0	0	0	HueSwitch
0	0	0	0	32	0	0	0	3	3	1	0	0	1	0	0	1	0	0	0	0	0	0	HueSwitch
0	0	0	0	233	0	0	0	3	3	1	0	0	1	0	0	1	0	0	0	0	0	0	HueSwitch
0	0	0	0	32	0	0	0	3	1	3	0	0	1	0	0	1	0	0	0	0	0	0	HueSwitch
0	0	0	0	49	0	0	0	3	1	3	0	0	1	0	0	1	0	0	0	0	0	0	HueSwitch
0	0	0	0	679	0	0	0	3	1	3	0	0	1	0	0	1	0	0	0	0	0	0	HueSwitch
0	0	0	0	32	0	0	0	3	3	1	0	0	1	0	0	1	0	0	0	0	0	0	HueSwitch
0	0	0	0	32	0	0	0	3	3	1	0	0	1	0	0	1	0	0	0	0	0	0	HueSwitch
0	0	0	0	32	0	0	0	3	3	1	0	0	1	0	0	1	0	0	0	0	0	0	HueSwitch
0	0	0	0	32	0	0	0	3	1	3	0	0	1	0	0	1	0	0	0	0	0	0	HueSwitch
0	0	0	0	40	0	0	0	3	2	1	0	0	1	0	0	1	0	0	0	0	0	0	HueSwitch
0	0	0	0	40	0	0	0	3	1	2	0	0	1	0	0	1	0	0	0	0	0	0	HueSwitch
0	0	0	0	32	0	0	0	3	2	1	0	0	1	0	0	1	0	0	0	0	0	0	HueSwitch
0	0	0	0	225	0	0	0	3	2	1	0	0	1	0	0	1	0	0	0	0	0	0	HueSwitch
0	0	0	0	32	0	0	0	3	1	2	0	0	1	0	0	1	0	0	0	0	0	0	HueSwitch
0	0	0	0	49	0	0	0	3	1	2	0	0	1	0	0	1	0	0	0	0	0	0	HueSwitch
0	0	0	0	32	0	0	0	3	2	1	0	0	1	0	0	1	0	0	0	0	0	0	HueSwitch
0	0	0	0	896	0	0	0	3	1	2	0	0	1	0	0	1	0	0	0	0	0	0	HueSwitch
0	0	0	0	32	0	0	0	3	2	1	0	0	1	0	0	1	0	0	0	0	0	0	HueSwitch
0	0	0	0	459	0	0	0	3	1	2	0	0	1	0	0	1	0	0	0	0	0	0	HueSwitch
0	0	0	0	1396	0	0	0	3	1	2	0	0	1	0	0	1	0	0	0	0	0	0	HueSwitch
0	0	0	0	32	0	0	0	3	2	1	0	0	1	0	0	1	0	0	0	0	0	0	HueSwitch
0	0	0	0	32	0	0	0	3	2	1	0	0	1	0	0	1	0	0	0	0	0	0	HueSwitch
0	0	0	0	32	0	0	0	3	2	1	0	0	1	0	0	1	0	0	0	0	0	0	HueSwitch
0	0	0	0	32	0	0	0	3	1	2	0	0	1	0	0	1	0	0	0	0	0	0	HueSwitch
0	0	0	0	40	0	0	0	3	2	1	0	0	1	0	0	1	0	0	0	0	0	0	HueSwitch
0	0	0	0	40	0	0	0	3	1	2	0	0	1	0	0	1	0	0	0	0	0	0	HueSwitch
0	0	0	0	32	0	0	0	3	2	1	0	0	1	0	0	1	0	0	0	0	0	0	HueSwitch
0	0	0	0	303	0	0	0	3	2	1	0	0	1	0	0	1	0	0	0	0	0	0	HueSwitch
0	0	0	0	32	0	0	0	3	1	2	0	0	1	0	0	1	0	0	0	0	0	0	HueSwitch
0	0	0	0	49	0	0	0	3	1	2	0	0	1	0	0	1	0	0	0	0	0	0	HueSwitch
0	0	0	0	490	0	0	0	3	1	2	0	0	1	0	0	1	0	0	0	0	0	0	HueSwitch
0	0	0	0	32	0	0	0	3	2	1	0	0	1	0	0	1	0	0	0	0	0	0	HueSwitch
0	0	0	0	32	0	0	0	3	2	1	0	0	1	0	0	1	0	0	0	0	0	0	HueSwitch
0	0	0	0	32	0	0	0	3	1	2	0	0	1	0	0	1	0	0	0	0	0	0	HueSwitch
0	0	0	0	40	0	0	0	3	2	1	0	0	1	0	0	1	0	0	0	0	0	0	HueSwitch
0	0	0	0	40	0	0	0	3	1	2	0	0	1	0	0	1	0	0	0	0	0	0	HueSwitch
0	0	0	0	32	0	0	0	3	2	1	0	0	1	0	0	1	0	0	0	0	0	0	HueSwitch
0	0	0	0	237	0	0	0	3	2	1	0	0	1	0	0	1	0	0	0	0	0	0	HueSwitch
0	0	0	0	32	0	0	0	3	1	2	0	0	1	0	0	1	0	0	0	0	0	0	HueSwitch
0	0	0	0	49	0	0	0	3	1	2	0	0	1	0	0	1	0	0	0	0	0	0	HueSwitch
0	0	0	0	458	0	0	0	3	1	2	0	0	1	0	0	1	0	0	0	0	0	0	HueSwitch
0	0	0	0	32	0	0	0	3	2	1	0	0	1	0	0	1	0	0	0	0	0	0	HueSwitch
0	0	0	0	32	0	0	0	3	2	1	0	0	1	0	0	1	0	0	0	0	0	0	HueSwitch
0	0	0	0	32	0	0	0	3	1	2	0	0	1	0	0	1	0	0	0	0	0	0	HueSwitch
0	0	0	0	40	0	0	0	3	2	1	0	0	1	0	0	1	0	0	0	0	0	0	HueSwitch
0	0	0	0	40	0	0	0	3	1	2	0	0	1	0	0	1	0	0	0	0	0	0	HueSwitch
0	0	0	0	32	0	0	0	3	2	1	0	0	1	0	0	1	0	0	0	0	0	0	HueSwitch
0	0	0	0	237	0	0	0	3	2	1	0	0	1	0	0	1	0	0	0	0	0	0	HueSwitch
0	0	0	0	32	0	0	0	3	1	2	0	0	1	0	0	1	0	0	0	0	0	0	HueSwitch
0	0	0	0	49	0	0	0	3	1	2	0	0	1	0	0	1	0	0	0	0	0	0	HueSwitch
0	0	0	0	458	0	0	0	3	1	2	0	0	1	0	0	1	0	0	0	0	0	0	HueSwitch
0	0	0	0	32	0	0	0	3	2	1	0	0	1	0	0	1	0	0	0	0	0	0	HueSwitch
0	0	0	0	32	0	0	0	3	2	1	0	0	1	0	0	1	0	0	0	0	0	0	HueSwitch
0	0	0	0	32	0	0	0	3	1	2	0	0	1	0	0	1	0	0	0	0	0	0	HueSwitch
0	0	0	0	40	0	0	0	3	3	1	0	0	1	0	0	1	0	0	0	0	0	0	HueSwitch
0	0	0	0	40	0	0	0	3	1	3	0	0	1	0	0	1	0	0	0	0	0	0	HueSwitch
0	0	0	0	32	0	0	0	3	3	1	0	0	1	0	0	1	0	0	0	0	0	0	HueSwitch
0	0	0	0	237	0	0	0	3	3	1	0	0	1	0	0	1	0	0	0	0	0	0	HueSwitch
0	0	0	0	32	0	0	0	3	1	3	0	0	1	0	0	1	0	0	0	0	0	0	HueSwitch
0	0	0	0	49	0	0	0	3	1	3	0	0	1	0	0	1	0	0	0	0	0	0	HueSwitch
0	0	0	0	458	0	0	0	3	1	3	0	0	1	0	0	1	0	0	0	0	0	0	HueSwitch
0	0	0	0	458	0	0	0	3	1	3	0	0	1	0	0	1	0	0	0	0	0	0	HueSwitch
0	0	0	0	32	0	0	0	3	3	1	0	0	1	0	0	1	0	0	0	0	0	0	HueSwitch
0	0	0	0	44	0	0	0	3	3	1	0	0	1	0	0	1	0	0	0	0	0	0	HueSwitch
0	0	0	0	32	0	0	0	3	3	1	0	0	1	0	0	1	0	0	0	0	0	0	HueSwitch
0	0	0	0	32	0	0	0	3	1	3	0	0	1	0	0	1	0	0	0	0	0	0	HueSwitch
0	0	0	0	40	0	0	0	3	3	1	0	0	1	0	0	1	0	0	0	0	0	0	HueSwitch
0	0	0	0	40	0	0	0	3	1	3	0	0	1	0	0	1	0	0	0	0	0	0	HueSwitch
0	0	0	0	32	0	0	0	3	3	1	0	0	1	0	0	1	0	0	0	0	0	0	HueSwitch
0	0	0	0	237	0	0	0	3	3	1	0	0	1	0	0	1	0	0	0	0	0	0	HueSwitch
0	0	0	0	32	0	0	0	3	1	3	0	0	1	0	0	1	0	0	0	0	0	0	HueSwitch
0	0	0	0	49	0	0	0	3	1	3	0	0	1	0	0	1	0	0	0	0	0	0	HueSwitch
0	0	0	0	458	0	0	0	3	1	3	0	0	1	0	0	1	0	0	0	0	0	0	HueSwitch
0	0	0	0	32	0	0	0	3	3	1	0	0	1	0	0	1	0	0	0	0	0	0	HueSwitch
0	0	0	0	32	0	0	0	3	3	1	0	0	1	0	0	1	0	0	0	0	0	0	HueSwitch
0	0	0	0	32	0	0	0	3	1	3	0	0	1	0	0	1	0	0	0	0	0	0	HueSwitch
0	0	0	0	40	0	0	0	3	2	1	0	0	1	0	0	1	0	0	0	0	0	0	HueSwitch
0	0	0	0	40	0	0	0	3	1	2	0	0	1	0	0	1	0	0	0	0	0	0	HueSwitch
0	0	0	0	32	0	0	0	3	2	1	0	0	1	0	0	1	0	0	0	0	0	0	HueSwitch
0	0	0	0	225	0	0	0	3	2	1	0	0	1	0	0	1	0	0	0	0	0	0	HueSwitch
0	0	0	0	32	0	0	0	3	1	2	0	0	1	0	0	1	0	0	0	0	0	0	HueSwitch
0	0	0	0	49	0	0	0	3	1	2	0	0	1	0	0	1	0	0	0	0	0	0	HueSwitch
0	0	0	0	32	0	0	0	3	2	1	0	0	1	0	0	1	0	0	0	0	0	0	HueSwitch
0	0	0	0	896	0	0	0	3	1	2	0	0	1	0	0	1	0	0	0	0	0	0	HueSwitch
0	0	0	0	32	0	0	0	3	2	1	0	0	1	0	0	1	0	0	0	0	0	0	HueSwitch
0	0	0	0	444	0	0	0	3	1	2	0	0	1	0	0	1	0	0	0	0	0	0	HueSwitch
0	0	0	0	1411	0	0	0	3	1	2	0	0	1	0	0	1	0	0	0	0	0	0	HueSwitch
0	0	0	0	32	0	0	0	3	2	1	0	0	1	0	0	1	0	0	0	0	0	0	HueSwitch
0	0	0	0	32	0	0	0	3	2	1	0	0	1	0	0	1	0	0	0	0	0	0	HueSwitch
0	0	0	0	32	0	0	0	3	2	1	0	0	1	0	0	1	0	0	0	0	0	0	HueSwitch
0	0	0	0	32	0	0	0	3	1	2	0	0	1	0	0	1	0	0	0	0	0	0	HueSwitch
0	0	0	0	40	0	0	0	3	3	1	0	0	1	0	0	1	0	0	0	0	0	0	HueSwitch
0	0	0	0	40	0	0	0	3	1	3	0	0	1	0	0	1	0	0	0	0	0	0	HueSwitch
0	0	0	0	32	0	0	0	3	3	1	0	0	1	0	0	1	0	0	0	0	0	0	HueSwitch
0	0	0	0	237	0	0	0	3	3	1	0	0	1	0	0	1	0	0	0	0	0	0	HueSwitch
0	0	0	0	32	0	0	0	3	1	3	0	0	1	0	0	1	0	0	0	0	0	0	HueSwitch
0	0	0	0	49	0	0	0	3	1	3	0	0	1	0	0	1	0	0	0	0	0	0	HueSwitch
0	0	0	0	458	0	0	0	3	1	3	0	0	1	0	0	1	0	0	0	0	0	0	HueSwitch
0	0	0	0	32	0	0	0	3	3	1	0	0	1	0	0	1	0	0	0	0	0	0	HueSwitch
0	0	0	0	32	0	0	0	3	3	1	0	0	1	0	0	1	0	0	0	0	0	0	HueSwitch
0	0	0	0	32	0	0	0	3	1	3	0	0	1	0	0	1	0	0	0	0	0	0	HueSwitch
0	0	0	0	40	0	0	0	3	3	1	0	0	1	0	0	1	0	0	0	0	0	0	HueSwitch
0	0	0	0	40	0	0	0	3	1	3	0	0	1	0	0	1	0	0	0	0	0	0	HueSwitch
0	0	0	0	32	0	0	0	3	3	1	0	0	1	0	0	1	0	0	0	0	0	0	HueSwitch
0	0	0	0	237	0	0	0	3	3	1	0	0	1	0	0	1	0	0	0	0	0	0	HueSwitch
0	0	0	0	32	0	0	0	3	1	3	0	0	1	0	0	1	0	0	0	0	0	0	HueSwitch
0	0	0	0	49	0	0	0	3	1	3	0	0	1	0	0	1	0	0	0	0	0	0	HueSwitch
0	0	0	0	458	0	0	0	3	1	3	0	0	1	0	0	1	0	0	0	0	0	0	HueSwitch
0	0	0	0	32	0	0	0	3	3	1	0	0	1	0	0	1	0	0	0	0	0	0	HueSwitch
0	0	0	0	32	0	0	0	3	3	1	0	0	1	0	0	1	0	0	0	0	0	0	HueSwitch
0	0	0	0	32	0	0	0	3	1	3	0	0	1	0	0	1	0	0	0	0	0	0	HueSwitch
0	0	0	0	40	0	0	0	3	2	1	0	0	1	0	0	1	0	0	0	0	0	0	HueSwitch
0	0	0	0	40	0	0	0	3	1	2	0	0	1	0	0	1	0	0	0	0	0	0	HueSwitch
0	0	0	0	32	0	0	0	3	2	1	0	0	1	0	0	1	0	0	0	0	0	0	HueSwitch
0	0	0	0	237	0	0	0	3	2	1	0	0	1	0	0	1	0	0	0	0	0	0	HueSwitch
0	0	0	0	32	0	0	0	3	1	2	0	0	1	0	0	1	0	0	0	0	0	0	HueSwitch
0	0	0	0	49	0	0	0	3	1	2	0	0	1	0	0	1	0	0	0	0	0	0	HueSwitch
0	0	0	0	458	0	0	0	3	1	2	0	0	1	0	0	1	0	0	0	0	0	0	HueSwitch
0	0	0	0	32	0	0	0	3	2	1	0	0	1	0	0	1	0	0	0	0	0	0	HueSwitch
0	0	0	0	32	0	0	0	3	2	1	0	0	1	0	0	1	0	0	0	0	0	0	HueSwitch
0	0	0	0	32	0	0	0	3	1	2	0	0	1	0	0	1	0	0	0	0	0	0	HueSwitch
0	0	0	0	56	0	0	0	4	2	1	0	0	0	1	0	0	0	0	0	0	0	1	HueSwitch
0	0	0	0	56	0	0	0	4	1	2	0	0	0	1	0	0	0	0	0	0	0	1	HueSwitch
0	0	0	0	40	0	0	0	4	3	1	0	0	1	0	0	1	0	0	0	0	0	0	HueSwitch
0	0	0	0	40	0	0	0	4	1	3	0	0	1	0	0	1	0	0	0	0	0	0	HueSwitch
0	0	0	0	32	0	0	0	4	3	1	0	0	1	0	0	1	0	0	0	0	0	0	HueSwitch
0	0	0	0	237	0	0	0	4	3	1	0	0	1	0	0	1	0	0	0	0	0	0	HueSwitch
0	0	0	0	32	0	0	0	4	1	3	0	0	1	0	0	1	0	0	0	0	0	0	HueSwitch
0	0	0	0	49	0	0	0	4	1	3	0	0	1	0	0	1	0	0	0	0	0	0	HueSwitch
0	0	0	0	485	0	0	0	4	1	3	0	0	1	0	0	1	0	0	0	0	0	0	HueSwitch
0	0	0	0	485	0	0	0	4	1	3	0	0	1	0	0	1	0	0	0	0	0	0	HueSwitch
0	0	0	0	32	0	0	0	4	3	1	0	0	1	0	0	1	0	0	0	0	0	0	HueSwitch
0	0	0	0	44	0	0	0	4	3	1	0	0	1	0	0	1	0	0	0	0	0	0	HueSwitch
0	0	0	0	32	0	0	0	4	3	1	0	0	1	0	0	1	0	0	0	0	0	0	HueSwitch
0	0	0	0	32	0	0	0	4	1	3	0	0	1	0	0	1	0	0	0	0	0	0	HueSwitch
0	0	0	0	40	0	0	0	4	2	1	0	0	1	0	0	1	0	0	0	0	0	0	HueSwitch
0	0	0	0	40	0	0	0	4	1	2	0	0	1	0	0	1	0	0	0	0	0	0	HueSwitch
0	0	0	0	32	0	0	0	4	2	1	0	0	1	0	0	1	0	0	0	0	0	0	HueSwitch
0	0	0	0	225	0	0	0	4	2	1	0	0	1	0	0	1	0	0	0	0	0	0	HueSwitch
0	0	0	0	32	0	0	0	4	1	2	0	0	1	0	0	1	0	0	0	0	0	0	HueSwitch
0	0	0	0	49	0	0	0	4	1	2	0	0	1	0	0	1	0	0	0	0	0	0	HueSwitch
0	0	0	0	32	0	0	0	4	2	1	0	0	1	0	0	1	0	0	0	0	0	0	HueSwitch
0	0	0	0	1080	0	0	0	4	1	2	0	0	1	0	0	1	0	0	0	0	0	0	HueSwitch
0	0	0	0	1480	0	0	0	4	1	2	0	0	1	0	0	1	0	0	0	0	0	0	HueSwitch
0	0	0	0	399	0	0	0	4	1	2	0	0	1	0	0	1	0	0	0	0	0	0	HueSwitch
0	0	0	0	32	0	0	0	4	2	1	0	0	1	0	0	1	0	0	0	0	0	0	HueSwitch
0	0	0	0	32	0	0	0	4	2	1	0	0	1	0	0	1	0	0	0	0	0	0	HueSwitch
0	0	0	0	32	0	0	0	4	2	1	0	0	1	0	0	1	0	0	0	0	0	0	HueSwitch
0	0	0	0	32	0	0	0	4	1	2	0	0	1	0	0	1	0	0	0	0	0	0	HueSwitch
0	0	0	0	56	0	0	0	5	2	1	0	0	0	1	0	0	0	0	0	0	0	1	HueSwitch
0	0	0	0	56	0	0	0	6	2	1	0	0	0	1	0	0	0	0	0	0	0	1	HueSwitch
0	0	0	0	56	0	0	0	6	1	2	0	0	0	1	0	0	0	0	0	0	0	1	HueSwitch
0	0	0	0	56	0	0	0	6	1	2	0	0	0	1	0	0	0	0	0	0	0	1	HueSwitch
0	0	0	0	40	0	0	0	6	2	1	0	0	1	0	0	1	0	0	0	0	0	0	HueSwitch
0	0	0	0	40	0	0	0	6	1	2	0	0	1	0	0	1	0	0	0	0	0	0	HueSwitch
0	0	0	0	32	0	0	0	6	2	1	0	0	1	0	0	1	0	0	0	0	0	0	HueSwitch
0	0	0	0	233	0	0	0	6	2	1	0	0	1	0	0	1	0	0	0	0	0	0	HueSwitch
0	0	0	0	32	0	0	0	6	1	2	0	0	1	0	0	1	0	0	0	0	0	0	HueSwitch
0	0	0	0	49	0	0	0	6	1	2	0	0	1	0	0	1	0	0	0	0	0	0	HueSwitch
0	0	0	0	887	0	0	0	6	1	2	0	0	1	0	0	1	0	0	0	0	0	0	HueSwitch
0	0	0	0	32	0	0	0	6	2	1	0	0	1	0	0	1	0	0	0	0	0	0	HueSwitch
0	0	0	0	32	0	0	0	6	2	1	0	0	1	0	0	1	0	0	0	0	0	0	HueSwitch
0	0	0	0	32	0	0	0	6	2	1	0	0	1	0	0	1	0	0	0	0	0	0	HueSwitch
0	0	0	0	32	0	0	0	6	1	2	0	0	1	0	0	1	0	0	0	0	0	0	HueSwitch
0	0	0	0	40	0	0	0	6	2	1	0	0	1	0	0	1	0	0	0	0	0	0	HueSwitch
0	0	0	0	40	0	0	0	6	1	2	0	0	1	0	0	1	0	0	0	0	0	0	HueSwitch
0	0	0	0	32	0	0	0	6	2	1	0	0	1	0	0	1	0	0	0	0	0	0	HueSwitch
0	0	0	0	352	0	0	0	6	2	1	0	0	1	0	0	1	0	0	0	0	0	0	HueSwitch
0	0	0	0	32	0	0	0	6	1	2	0	0	1	0	0	1	0	0	0	0	0	0	HueSwitch
0	0	0	0	49	0	0	0	6	1	2	0	0	1	0	0	1	0	0	0	0	0	0	HueSwitch
0	0	0	0	32	0	0	0	6	2	1	0	0	1	0	0	1	0	0	0	0	0	0	HueSwitch
0	0	0	0	560	0	0	0	6	1	2	0	0	1	0	0	1	0	0	0	0	0	0	HueSwitch
0	0	0	0	32	0	0	0	6	2	1	0	0	1	0	0	1	0	0	0	0	0	0	HueSwitch
0	0	0	0	33	0	0	0	6	1	2	0	0	1	0	0	1	0	0	0	0	0	0	HueSwitch
0	0	0	0	32	0	0	0	6	1	2	0	0	1	0	0	1	0	0	0	0	0	0	HueSwitch
0	0	0	0	32	0	0	0	6	2	1	0	0	1	0	0	1	0	0	0	0	0	0	HueSwitch
0	0	0	0	32	0	0	0	6	2	1	0	0	1	0	0	1	0	0	0	0	0	0	HueSwitch
0	0	0	0	32	0	0	0	6	1	2	0	0	1	0	0	1	0	0	0	0	0	0	HueSwitch
0	0	0	0	40	0	0	0	6	2	1	0	0	1	0	0	1	0	0	0	0	0	0	HueSwitch
0	0	0	0	40	0	0	0	6	1	2	0	0	1	0	0	1	0	0	0	0	0	0	HueSwitch
0	0	0	0	32	0	0	0	6	2	1	0	0	1	0	0	1	0	0	0	0	0	0	HueSwitch
0	0	0	0	570	0	0	0	6	2	1	0	0	1	0	0	1	0	0	0	0	0	0	HueSwitch
0	0	0	0	32	0	0	0	6	1	2	0	0	1	0	0	1	0	0	0	0	0	0	HueSwitch
0	0	0	0	49	0	0	0	6	1	2	0	0	1	0	0	1	0	0	0	0	0	0	HueSwitch
0	0	0	0	32	0	0	0	6	2	1	0	0	1	0	0	1	0	0	0	0	0	0	HueSwitch
0	0	0	0	437	0	0	0	6	1	2	0	0	1	0	0	1	0	0	0	0	0	0	HueSwitch
0	0	0	0	32	0	0	0	6	2	1	0	0	1	0	0	1	0	0	0	0	0	0	HueSwitch
0	0	0	0	33	0	0	0	6	1	2	0	0	1	0	0	1	0	0	0	0	0	0	HueSwitch
0	0	0	0	54	0	0	0	6	1	2	0	0	1	0	0	1	0	0	0	0	0	0	HueSwitch
0	0	0	0	32	0	0	0	6	2	1	0	0	1	0	0	1	0	0	0	0	0	0	HueSwitch
0	0	0	0	32	0	0	0	6	2	1	0	0	1	0	0	1	0	0	0	0	0	0	HueSwitch
0	0	0	0	32	0	0	0	6	1	2	0	0	1	0	0	1	0	0	0	0	0	0	HueSwitch
0	0	0	0	40	0	0	0	6	2	1	0	0	1	0	0	1	0	0	0	0	0	0	HueSwitch
0	0	0	0	40	0	0	0	6	1	2	0	0	1	0	0	1	0	0	0	0	0	0	HueSwitch
0	0	0	0	32	0	0	0	6	2	1	0	0	1	0	0	1	0	0	0	0	0	0	HueSwitch
0	0	0	0	571	0	0	0	6	2	1	0	0	1	0	0	1	0	0	0	0	0	0	HueSwitch
0	0	0	0	32	0	0	0	6	1	2	0	0	1	0	0	1	0	0	0	0	0	0	HueSwitch
0	0	0	0	49	0	0	0	6	1	2	0	0	1	0	0	1	0	0	0	0	0	0	HueSwitch
0	0	0	0	32	0	0	0	6	2	1	0	0	1	0	0	1	0	0	0	0	0	0	HueSwitch
0	0	0	0	437	0	0	0	6	1	2	0	0	1	0	0	1	0	0	0	0	0	0	HueSwitch
0	0	0	0	32	0	0	0	6	2	1	0	0	1	0	0	1	0	0	0	0	0	0	HueSwitch
0	0	0	0	33	0	0	0	6	1	2	0	0	1	0	0	1	0	0	0	0	0	0	HueSwitch
0	0	0	0	54	0	0	0	6	1	2	0	0	1	0	0	1	0	0	0	0	0	0	HueSwitch
0	0	0	0	32	0	0	0	6	2	1	0	0	1	0	0	1	0	0	0	0	0	0	HueSwitch
0	0	0	0	32	0	0	0	6	2	1	0	0	1	0	0	1	0	0	0	0	0	0	HueSwitch
0	0	0	0	32	0	0	0	6	1	2	0	0	1	0	0	1	0	0	0	0	0	0	HueSwitch
0	0	0	0	40	0	0	0	6	2	1	0	0	1	0	0	1	0	0	0	0	0	0	HueSwitch
0	0	0	0	40	0	0	0	6	1	2	0	0	1	0	0	1	0	0	0	0	0	0	HueSwitch
0	0	0	0	32	0	0	0	6	2	1	0	0	1	0	0	1	0	0	0	0	0	0	HueSwitch
0	0	0	0	351	0	0	0	6	2	1	0	0	1	0	0	1	0	0	0	0	0	0	HueSwitch
0	0	0	0	32	0	0	0	6	1	2	0	0	1	0	0	1	0	0	0	0	0	0	HueSwitch
0	0	0	0	49	0	0	0	6	1	2	0	0	1	0	0	1	0	0	0	0	0	0	HueSwitch
0	0	0	0	32	0	0	0	6	2	1	0	0	1	0	0	1	0	0	0	0	0	0	HueSwitch
0	0	0	0	559	0	0	0	6	1	2	0	0	1	0	0	1	0	0	0	0	0	0	HueSwitch
0	0	0	0	32	0	0	0	6	2	1	0	0	1	0	0	1	0	0	0	0	0	0	HueSwitch
0	0	0	0	33	0	0	0	6	1	2	0	0	1	0	0	1	0	0	0	0	0	0	HueSwitch
0	0	0	0	32	0	0	0	6	1	2	0	0	1	0	0	1	0	0	0	0	0	0	HueSwitch
0	0	0	0	32	0	0	0	6	2	1	0	0	1	0	0	1	0	0	0	0	0	0	HueSwitch
0	0	0	0	32	0	0	0	6	2	1	0	0	1	0	0	1	0	0	0	0	0	0	HueSwitch
0	0	0	0	32	0	0	0	6	1	2	0	0	1	0	0	1	0	0	0	0	0	0	HueSwitch
0	0	0	0	40	0	0	0	6	2	1	0	0	1	0	0	1	0	0	0	0	0	0	HueSwitch
0	0	0	0	40	0	0	0	6	1	2	0	0	1	0	0	1	0	0	0	0	0	0	HueSwitch
0	0	0	0	32	0	0	0	6	2	1	0	0	1	0	0	1	0	0	0	0	0	0	HueSwitch
0	0	0	0	570	0	0	0	6	2	1	0	0	1	0	0	1	0	0	0	0	0	0	HueSwitch
0	0	0	0	32	0	0	0	6	1	2	0	0	1	0	0	1	0	0	0	0	0	0	HueSwitch
0	0	0	0	49	0	0	0	6	1	2	0	0	1	0	0	1	0	0	0	0	0	0	HueSwitch
0	0	0	0	32	0	0	0	6	2	1	0	0	1	0	0	1	0	0	0	0	0	0	HueSwitch
0	0	0	0	437	0	0	0	6	1	2	0	0	1	0	0	1	0	0	0	0	0	0	HueSwitch
0	0	0	0	32	0	0	0	6	2	1	0	0	1	0	0	1	0	0	0	0	0	0	HueSwitch
0	0	0	0	33	0	0	0	6	1	2	0	0	1	0	0	1	0	0	0	0	0	0	HueSwitch
0	0	0	0	54	0	0	0	6	1	2	0	0	1	0	0	1	0	0	0	0	0	0	HueSwitch
0	0	0	0	32	0	0	0	6	2	1	0	0	1	0	0	1	0	0	0	0	0	0	HueSwitch
0	0	0	0	32	0	0	0	6	2	1	0	0	1	0	0	1	0	0	0	0	0	0	HueSwitch
0	0	0	0	32	0	0	0	6	1	2	0	0	1	0	0	1	0	0	0	0	0	0	HueSwitch
0	0	0	0	40	0	0	0	6	2	1	0	0	1	0	0	1	0	0	0	0	0	0	HueSwitch
0	0	0	0	40	0	0	0	6	1	2	0	0	1	0	0	1	0	0	0	0	0	0	HueSwitch
0	0	0	0	32	0	0	0	6	2	1	0	0	1	0	0	1	0	0	0	0	0	0	HueSwitch
0	0	0	0	352	0	0	0	6	2	1	0	0	1	0	0	1	0	0	0	0	0	0	HueSwitch
0	0	0	0	32	0	0	0	6	1	2	0	0	1	0	0	1	0	0	0	0	0	0	HueSwitch
0	0	0	0	49	0	0	0	6	1	2	0	0	1	0	0	1	0	0	0	0	0	0	HueSwitch
0	0	0	0	32	0	0	0	6	2	1	0	0	1	0	0	1	0	0	0	0	0	0	HueSwitch
0	0	0	0	560	0	0	0	6	1	2	0	0	1	0	0	1	0	0	0	0	0	0	HueSwitch
0	0	0	0	32	0	0	0	6	2	1	0	0	1	0	0	1	0	0	0	0	0	0	HueSwitch
0	0	0	0	32	0	0	0	6	1	2	0	0	1	0	0	1	0	0	0	0	0	0	HueSwitch
0	0	0	0	33	0	0	0	6	1	2	0	0	1	0	0	1	0	0	0	0	0	0	HueSwitch
0	0	0	0	32	0	0	0	6	2	1	0	0	1	0	0	1	0	0	0	0	0	0	HueSwitch
0	0	0	0	32	0	0	0	6	2	1	0	0	1	0	0	1	0	0	0	0	0	0	HueSwitch
0	0	0	0	32	0	0	0	6	1	2	0	0	1	0	0	1	0	0	0	0	0	0	HueSwitch
0	0	0	0	40	0	0	0	6	2	1	0	0	1	0	0	1	0	0	0	0	0	0	HueSwitch
0	0	0	0	40	0	0	0	6	1	2	0	0	1	0	0	1	0	0	0	0	0	0	HueSwitch
0	0	0	0	32	0	0	0	6	2	1	0	0	1	0	0	1	0	0	0	0	0	0	HueSwitch
0	0	0	0	570	0	0	0	6	2	1	0	0	1	0	0	1	0	0	0	0	0	0	HueSwitch
0	0	0	0	32	0	0	0	6	1	2	0	0	1	0	0	1	0	0	0	0	0	0	HueSwitch
0	0	0	0	49	0	0	0	6	1	2	0	0	1	0	0	1	0	0	0	0	0	0	HueSwitch
0	0	0	0	32	0	0	0	6	2	1	0	0	1	0	0	1	0	0	0	0	0	0	HueSwitch
0	0	0	0	437	0	0	0	6	1	2	0	0	1	0	0	1	0	0	0	0	0	0	HueSwitch
0	0	0	0	32	0	0	0	6	2	1	0	0	1	0	0	1	0	0	0	0	0	0	HueSwitch
0	0	0	0	33	0	0	0	6	1	2	0	0	1	0	0	1	0	0	0	0	0	0	HueSwitch
0	0	0	0	54	0	0	0	6	1	2	0	0	1	0	0	1	0	0	0	0	0	0	HueSwitch
0	0	0	0	32	0	0	0	6	2	1	0	0	1	0	0	1	0	0	0	0	0	0	HueSwitch
0	0	0	0	32	0	0	0	6	2	1	0	0	1	0	0	1	0	0	0	0	0	0	HueSwitch
0	0	0	0	32	0	0	0	6	1	2	0	0	1	0	0	1	0	0	0	0	0	0	HueSwitch
0	0	0	0	40	0	0	0	6	3	1	0	0	1	0	0	1	0	0	0	0	0	0	HueSwitch
0	0	0	0	40	0	0	0	6	1	3	0	0	1	0	0	1	0	0	0	0	0	0	HueSwitch
0	0	0	0	32	0	0	0	6	3	1	0	0	1	0	0	1	0	0	0	0	0	0	HueSwitch
0	0	0	0	233	0	0	0	6	3	1	0	0	1	0	0	1	0	0	0	0	0	0	HueSwitch
0	0	0	0	32	0	0	0	6	1	3	0	0	1	0	0	1	0	0	0	0	0	0	HueSwitch
0	0	0	0	49	0	0	0	6	1	3	0	0	1	0	0	1	0	0	0	0	0	0	HueSwitch
0	0	0	0	32	0	0	0	6	3	1	0	0	1	0	0	1	0	0	0	0	0	0	HueSwitch
0	0	0	0	887	0	0	0	6	1	3	0	0	1	0	0	1	0	0	0	0	0	0	HueSwitch
0	0	0	0	32	0	0	0	6	3	1	0	0	1	0	0	1	0	0	0	0	0	0	HueSwitch
0	0	0	0	32	0	0	0	6	3	1	0	0	1	0	0	1	0	0	0	0	0	0	HueSwitch
0	0	0	0	32	0	0	0	6	1	3	0	0	1	0	0	1	0	0	0	0	0	0	HueSwitch
0	0	0	0	40	0	0	0	6	3	1	0	0	1	0	0	1	0	0	0	0	0	0	HueSwitch
0	0	0	0	40	0	0	0	6	1	3	0	0	1	0	0	1	0	0	0	0	0	0	HueSwitch
0	0	0	0	32	0	0	0	6	3	1	0	0	1	0	0	1	0	0	0	0	0	0	HueSwitch
0	0	0	0	231	0	0	0	6	3	1	0	0	1	0	0	1	0	0	0	0	0	0	HueSwitch
0	0	0	0	32	0	0	0	6	1	3	0	0	1	0	0	1	0	0	0	0	0	0	HueSwitch
0	0	0	0	49	0	0	0	6	1	3	0	0	1	0	0	1	0	0	0	0	0	0	HueSwitch
0	0	0	0	32	0	0	0	6	3	1	0	0	1	0	0	1	0	0	0	0	0	0	HueSwitch
0	0	0	0	1028	0	0	0	6	1	3	0	0	1	0	0	1	0	0	0	0	0	0	HueSwitch
0	0	0	0	1078	0	0	0	6	1	3	0	0	1	0	0	1	0	0	0	0	0	0	HueSwitch
0	0	0	0	32	0	0	0	6	3	1	0	0	1	0	0	1	0	0	0	0	0	0	HueSwitch
0	0	0	0	32	0	0	0	6	3	1	0	0	1	0	0	1	0	0	0	0	0	0	HueSwitch
0	0	0	0	32	0	0	0	6	3	1	0	0	1	0	0	1	0	0	0	0	0	0	HueSwitch
0	0	0	0	32	0	0	0	6	1	3	0	0	1	0	0	1	0	0	0	0	0	0	HueSwitch
0	0	0	0	40	0	0	0	6	2	1	0	0	1	0	0	1	0	0	0	0	0	0	HueSwitch
0	0	0	0	40	0	0	0	6	1	2	0	0	1	0	0	1	0	0	0	0	0	0	HueSwitch
0	0	0	0	32	0	0	0	6	2	1	0	0	1	0	0	1	0	0	0	0	0	0	HueSwitch
0	0	0	0	237	0	0	0	6	2	1	0	0	1	0	0	1	0	0	0	0	0	0	HueSwitch
0	0	0	0	32	0	0	0	6	1	2	0	0	1	0	0	1	0	0	0	0	0	0	HueSwitch
0	0	0	0	49	0	0	0	6	1	2	0	0	1	0	0	1	0	0	0	0	0	0	HueSwitch
0	0	0	0	485	0	0	0	6	1	2	0	0	1	0	0	1	0	0	0	0	0	0	HueSwitch
0	0	0	0	32	0	0	0	6	2	1	0	0	1	0	0	1	0	0	0	0	0	0	HueSwitch
0	0	0	0	32	0	0	0	6	2	1	0	0	1	0	0	1	0	0	0	0	0	0	HueSwitch
0	0	0	0	32	0	0	0	6	1	2	0	0	1	0	0	1	0	0	0	0	0	0	HueSwitch
0	0	0	0	40	0	0	0	6	2	1	0	0	1	0	0	1	0	0	0	0	0	0	HueSwitch
0	0	0	0	40	0	0	0	6	1	2	0	0	1	0	0	1	0	0	0	0	0	0	HueSwitch
0	0	0	0	32	0	0	0	6	2	1	0	0	1	0	0	1	0	0	0	0	0	0	HueSwitch
0	0	0	0	233	0	0	0	6	2	1	0	0	1	0	0	1	0	0	0	0	0	0	HueSwitch
0	0	0	0	32	0	0	0	6	1	2	0	0	1	0	0	1	0	0	0	0	0	0	HueSwitch
0	0	0	0	49	0	0	0	6	1	2	0	0	1	0	0	1	0	0	0	0	0	0	HueSwitch
0	0	0	0	887	0	0	0	6	1	2	0	0	1	0	0	1	0	0	0	0	0	0	HueSwitch
0	0	0	0	887	0	0	0	6	1	2	0	0	1	0	0	1	0	0	0	0	0	0	HueSwitch
0	0	0	0	32	0	0	0	6	2	1	0	0	1	0	0	1	0	0	0	0	0	0	HueSwitch
0	0	0	0	32	0	0	0	6	2	1	0	0	1	0	0	1	0	0	0	0	0	0	HueSwitch
0	0	0	0	44	0	0	0	6	2	1	0	0	1	0	0	1	0	0	0	0	0	0	HueSwitch
0	0	0	0	32	0	0	0	6	2	1	0	0	1	0	0	1	0	0	0	0	0	0	HueSwitch
0	0	0	0	32	0	0	0	6	1	2	0	0	1	0	0	1	0	0	0	0	0	0	HueSwitch
0	0	0	0	56	0	0	0	7	3	1	0	0	0	1	0	0	0	0	0	0	0	1	HueSwitch
0	0	0	0	56	0	0	0	7	1	3	0	0	0	1	0	0	0	0	0	0	0	1	HueSwitch
0	0	0	0	40	0	0	0	7	2	1	0	0	1	0	0	1	0	0	0	0	0	0	HueSwitch
0	0	0	0	40	0	0	0	7	1	2	0	0	1	0	0	1	0	0	0	0	0	0	HueSwitch
0	0	0	0	32	0	0	0	7	2	1	0	0	1	0	0	1	0	0	0	0	0	0	HueSwitch
0	0	0	0	233	0	0	0	7	2	1	0	0	1	0	0	1	0	0	0	0	0	0	HueSwitch
0	0	0	0	32	0	0	0	7	1	2	0	0	1	0	0	1	0	0	0	0	0	0	HueSwitch
0	0	0	0	49	0	0	0	7	1	2	0	0	1	0	0	1	0	0	0	0	0	0	HueSwitch
0	0	0	0	32	0	0	0	7	2	1	0	0	1	0	0	1	0	0	0	0	0	0	HueSwitch
0	0	0	0	887	0	0	0	7	1	2	0	0	1	0	0	1	0	0	0	0	0	0	HueSwitch
0	0	0	0	32	0	0	0	7	2	1	0	0	1	0	0	1	0	0	0	0	0	0	HueSwitch
0	0	0	0	32	0	0	0	7	2	1	0	0	1	0	0	1	0	0	0	0	0	0	HueSwitch
0	0	0	0	32	0	0	0	7	1	2	0	0	1	0	0	1	0	0	0	0	0	0	HueSwitch
0	0	0	0	40	0	0	0	7	3	1	0	0	1	0	0	1	0	0	0	0	0	0	HueSwitch
0	0	0	0	40	0	0	0	7	1	3	0	0	1	0	0	1	0	0	0	0	0	0	HueSwitch
0	0	0	0	32	0	0	0	7	3	1	0	0	1	0	0	1	0	0	0	0	0	0	HueSwitch
0	0	0	0	233	0	0	0	7	3	1	0	0	1	0	0	1	0	0	0	0	0	0	HueSwitch
0	0	0	0	32	0	0	0	7	1	3	0	0	1	0	0	1	0	0	0	0	0	0	HueSwitch
0	0	0	0	49	0	0	0	7	1	3	0	0	1	0	0	1	0	0	0	0	0	0	HueSwitch
0	0	0	0	887	0	0	0	7	1	3	0	0	1	0	0	1	0	0	0	0	0	0	HueSwitch
0	0	0	0	32	0	0	0	7	3	1	0	0	1	0	0	1	0	0	0	0	0	0	HueSwitch
0	0	0	0	32	0	0	0	7	3	1	0	0	1	0	0	1	0	0	0	0	0	0	HueSwitch
0	0	0	0	32	0	0	0	7	3	1	0	0	1	0	0	1	0	0	0	0	0	0	HueSwitch
0	0	0	0	32	0	0	0	7	1	3	0	0	1	0	0	1	0	0	0	0	0	0	HueSwitch
0	0	0	0	40	0	0	0	7	3	1	0	0	1	0	0	1	0	0	0	0	0	0	HueSwitch
0	0	0	0	40	0	0	0	7	1	3	0	0	1	0	0	1	0	0	0	0	0	0	HueSwitch
0	0	0	0	32	0	0	0	7	3	1	0	0	1	0	0	1	0	0	0	0	0	0	HueSwitch
0	0	0	0	233	0	0	0	7	3	1	0	0	1	0	0	1	0	0	0	0	0	0	HueSwitch
0	0	0	0	32	0	0	0	7	1	3	0	0	1	0	0	1	0	0	0	0	0	0	HueSwitch
0	0	0	0	49	0	0	0	7	1	3	0	0	1	0	0	1	0	0	0	0	0	0	HueSwitch
0	0	0	0	887	0	0	0	7	1	3	0	0	1	0	0	1	0	0	0	0	0	0	HueSwitch
0	0	0	0	32	0	0	0	7	3	1	0	0	1	0	0	1	0	0	0	0	0	0	HueSwitch
0	0	0	0	32	0	0	0	7	3	1	0	0	1	0	0	1	0	0	0	0	0	0	HueSwitch
0	0	0	0	32	0	0	0	7	3	1	0	0	1	0	0	1	0	0	0	0	0	0	HueSwitch
0	0	0	0	32	0	0	0	7	1	3	0	0	1	0	0	1	0	0	0	0	0	0	HueSwitch
0	0	0	0	40	0	0	0	7	2	1	0	0	1	0	0	1	0	0	0	0	0	0	HueSwitch
0	0	0	0	40	0	0	0	7	1	2	0	0	1	0	0	1	0	0	0	0	0	0	HueSwitch
0	0	0	0	32	0	0	0	7	2	1	0	0	1	0	0	1	0	0	0	0	0	0	HueSwitch
0	0	0	0	237	0	0	0	7	2	1	0	0	1	0	0	1	0	0	0	0	0	0	HueSwitch
0	0	0	0	32	0	0	0	7	1	2	0	0	1	0	0	1	0	0	0	0	0	0	HueSwitch
0	0	0	0	49	0	0	0	7	1	2	0	0	1	0	0	1	0	0	0	0	0	0	HueSwitch
0	0	0	0	485	0	0	0	7	1	2	0	0	1	0	0	1	0	0	0	0	0	0	HueSwitch
0	0	0	0	32	0	0	0	7	2	1	0	0	1	0	0	1	0	0	0	0	0	0	HueSwitch
0	0	0	0	32	0	0	0	7	2	1	0	0	1	0	0	1	0	0	0	0	0	0	HueSwitch
0	0	0	0	32	0	0	0	7	1	2	0	0	1	0	0	1	0	0	0	0	0	0	HueSwitch
0	0	0	0	40	0	0	0	7	2	1	0	0	1	0	0	1	0	0	0	0	0	0	HueSwitch
0	0	0	0	40	0	0	0	7	1	2	0	0	1	0	0	1	0	0	0	0	0	0	HueSwitch
0	0	0	0	32	0	0	0	7	2	1	0	0	1	0	0	1	0	0	0	0	0	0	HueSwitch
0	0	0	0	233	0	0	0	7	2	1	0	0	1	0	0	1	0	0	0	0	0	0	HueSwitch
0	0	0	0	32	0	0	0	7	1	2	0	0	1	0	0	1	0	0	0	0	0	0	HueSwitch
0	0	0	0	49	0	0	0	7	1	2	0	0	1	0	0	1	0	0	0	0	0	0	HueSwitch
0	0	0	0	887	0	0	0	7	1	2	0	0	1	0	0	1	0	0	0	0	0	0	HueSwitch
0	0	0	0	32	0	0	0	7	2	1	0	0	1	0	0	1	0	0	0	0	0	0	HueSwitch
0	0	0	0	32	0	0	0	7	2	1	0	0	1	0	0	1	0	0	0	0	0	0	HueSwitch
0	0	0	0	32	0	0	0	7	2	1	0	0	1	0	0	1	0	0	0	0	0	0	HueSwitch
0	0	0	0	32	0	0	0	7	1	2	0	0	1	0	0	1	0	0	0	0	0	0	HueSwitch
0	1	0	0	0	0	0	0	7	0	0	0	0	0	0	0	0	0	0	0	0	0	0	HueSwitch
0	1	0	0	0	0	0	0	7	0	0	0	0	0	0	0	0	0	0	0	0	0	0	HueSwitch
0	0	0	0	40	0	0	0	7	2	1	0	0	1	0	0	1	0	0	0	0	0	0	HueSwitch
0	0	0	0	40	0	0	0	7	1	2	0	0	1	0	0	1	0	0	0	0	0	0	HueSwitch
0	0	0	0	32	0	0	0	7	2	1	0	0	1	0	0	1	0	0	0	0	0	0	HueSwitch
0	0	0	0	233	0	0	0	7	2	1	0	0	1	0	0	1	0	0	0	0	0	0	HueSwitch
0	0	0	0	32	0	0	0	7	1	2	0	0	1	0	0	1	0	0	0	0	0	0	HueSwitch
0	0	0	0	49	0	0	0	7	1	2	0	0	1	0	0	1	0	0	0	0	0	0	HueSwitch
0	0	0	0	887	0	0	0	7	1	2	0	0	1	0	0	1	0	0	0	0	0	0	HueSwitch
0	0	0	0	32	0	0	0	7	2	1	0	0	1	0	0	1	0	0	0	0	0	0	HueSwitch
0	0	0	0	32	0	0	0	7	2	1	0	0	1	0	0	1	0	0	0	0	0	0	HueSwitch
0	0	0	0	32	0	0	0	7	2	1	0	0	1	0	0	1	0	0	0	0	0	0	HueSwitch
0	0	0	0	32	0	0	0	7	1	2	0	0	1	0	0	1	0	0	0	0	0	0	HueSwitch
0	0	0	0	40	0	0	0	7	2	1	0	0	1	0	0	1	0	0	0	0	0	0	HueSwitch
0	0	0	0	40	0	0	0	7	1	2	0	0	1	0	0	1	0	0	0	0	0	0	HueSwitch
0	0	0	0	32	0	0	0	7	2	1	0	0	1	0	0	1	0	0	0	0	0	0	HueSwitch
0	0	0	0	233	0	0	0	7	2	1	0	0	1	0	0	1	0	0	0	0	0	0	HueSwitch
0	0	0	0	32	0	0	0	7	1	2	0	0	1	0	0	1	0	0	0	0	0	0	HueSwitch
0	0	0	0	49	0	0	0	7	1	2	0	0	1	0	0	1	0	0	0	0	0	0	HueSwitch
0	0	0	0	887	0	0	0	7	1	2	0	0	1	0	0	1	0	0	0	0	0	0	HueSwitch
0	0	0	0	32	0	0	0	7	2	1	0	0	1	0	0	1	0	0	0	0	0	0	HueSwitch
0	0	0	0	32	0	0	0	7	2	1	0	0	1	0	0	1	0	0	0	0	0	0	HueSwitch
0	0	0	0	32	0	0	0	7	2	1	0	0	1	0	0	1	0	0	0	0	0	0	HueSwitch
0	0	0	0	32	0	0	0	7	1	2	0	0	1	0	0	1	0	0	0	0	0	0	HueSwitch
0	0	0	0	40	0	0	0	7	2	1	0	0	1	0	0	1	0	0	0	0	0	0	HueSwitch
0	0	0	0	40	0	0	0	7	1	2	0	0	1	0	0	1	0	0	0	0	0	0	HueSwitch
0	0	0	0	32	0	0	0	7	2	1	0	0	1	0	0	1	0	0	0	0	0	0	HueSwitch
0	0	0	0	233	0	0	0	7	2	1	0	0	1	0	0	1	0	0	0	0	0	0	HueSwitch
0	0	0	0	32	0	0	0	7	1	2	0	0	1	0	0	1	0	0	0	0	0	0	HueSwitch
0	0	0	0	49	0	0	0	7	1	2	0	0	1	0	0	1	0	0	0	0	0	0	HueSwitch
0	0	0	0	887	0	0	0	7	1	2	0	0	1	0	0	1	0	0	0	0	0	0	HueSwitch
0	0	0	0	32	0	0	0	7	2	1	0	0	1	0	0	1	0	0	0	0	0	0	HueSwitch
0	0	0	0	32	0	0	0	7	2	1	0	0	1	0	0	1	0	0	0	0	0	0	HueSwitch
0	0	0	0	32	0	0	0	7	2	1	0	0	1	0	0	1	0	0	0	0	0	0	HueSwitch
0	0	0	0	32	0	0	0	7	1	2	0	0	1	0	0	1	0	0	0	0	0	0	HueSwitch
0	0	0	0	40	0	0	0	7	3	1	0	0	1	0	0	1	0	0	0	0	0	0	HueSwitch
0	0	0	0	40	0	0	0	7	1	3	0	0	1	0	0	1	0	0	0	0	0	0	HueSwitch
0	0	0	0	32	0	0	0	7	3	1	0	0	1	0	0	1	0	0	0	0	0	0	HueSwitch
0	0	0	0	237	0	0	0	7	3	1	0	0	1	0	0	1	0	0	0	0	0	0	HueSwitch
0	0	0	0	32	0	0	0	7	1	3	0	0	1	0	0	1	0	0	0	0	0	0	HueSwitch
0	0	0	0	49	0	0	0	7	1	3	0	0	1	0	0	1	0	0	0	0	0	0	HueSwitch
0	0	0	0	485	0	0	0	7	1	3	0	0	1	0	0	1	0	0	0	0	0	0	HueSwitch
0	0	0	0	32	0	0	0	7	3	1	0	0	1	0	0	1	0	0	0	0	0	0	HueSwitch
0	0	0	0	32	0	0	0	7	3	1	0	0	1	0	0	1	0	0	0	0	0	0	HueSwitch
0	0	0	0	32	0	0	0	7	1	3	0	0	1	0	0	1	0	0	0	0	0	0	HueSwitch
0	0	0	0	40	0	0	0	7	2	1	0	0	1	0	0	1	0	0	0	0	0	0	HueSwitch
0	0	0	0	40	0	0	0	7	1	2	0	0	1	0	0	1	0	0	0	0	0	0	HueSwitch
0	0	0	0	32	0	0	0	7	2	1	0	0	1	0	0	1	0	0	0	0	0	0	HueSwitch
0	0	0	0	233	0	0	0	7	2	1	0	0	1	0	0	1	0	0	0	0	0	0	HueSwitch
0	0	0	0	32	0	0	0	7	1	2	0	0	1	0	0	1	0	0	0	0	0	0	HueSwitch
0	0	0	0	49	0	0	0	7	1	2	0	0	1	0	0	1	0	0	0	0	0	0	HueSwitch
0	0	0	0	887	0	0	0	7	1	2	0	0	1	0	0	1	0	0	0	0	0	0	HueSwitch
0	0	0	0	32	0	0	0	7	2	1	0	0	1	0	0	1	0	0	0	0	0	0	HueSwitch
0	0	0	0	32	0	0	0	7	2	1	0	0	1	0	0	1	0	0	0	0	0	0	HueSwitch
0	0	0	0	32	0	0	0	7	2	1	0	0	1	0	0	1	0	0	0	0	0	0	HueSwitch
0	0	0	0	32	0	0	0	7	1	2	0	0	1	0	0	1	0	0	0	0	0	0	HueSwitch
0	0	0	0	40	0	0	0	7	2	1	0	0	1	0	0	1	0	0	0	0	0	0	HueSwitch
0	0	0	0	40	0	0	0	7	1	2	0	0	1	0	0	1	0	0	0	0	0	0	HueSwitch
0	0	0	0	32	0	0	0	7	2	1	0	0	1	0	0	1	0	0	0	0	0	0	HueSwitch
0	0	0	0	233	0	0	0	7	2	1	0	0	1	0	0	1	0	0	0	0	0	0	HueSwitch
0	0	0	0	32	0	0	0	7	1	2	0	0	1	0	0	1	0	0	0	0	0	0	HueSwitch
0	0	0	0	49	0	0	0	7	1	2	0	0	1	0	0	1	0	0	0	0	0	0	HueSwitch
0	0	0	0	887	0	0	0	7	1	2	0	0	1	0	0	1	0	0	0	0	0	0	HueSwitch
0	0	0	0	32	0	0	0	7	2	1	0	0	1	0	0	1	0	0	0	0	0	0	HueSwitch
0	0	0	0	32	0	0	0	7	2	1	0	0	1	0	0	1	0	0	0	0	0	0	HueSwitch
0	0	0	0	32	0	0	0	7	2	1	0	0	1	0	0	1	0	0	0	0	0	0	HueSwitch
0	0	0	0	32	0	0	0	7	1	2	0	0	1	0	0	1	0	0	0	0	0	0	HueSwitch
0	0	0	0	40	0	0	0	7	3	1	0	0	1	0	0	1	0	0	0	0	0	0	HueSwitch
0	0	0	0	40	0	0	0	7	1	3	0	0	1	0	0	1	0	0	0	0	0	0	HueSwitch
0	0	0	0	32	0	0	0	7	3	1	0	0	1	0	0	1	0	0	0	0	0	0	HueSwitch
0	0	0	0	237	0	0	0	7	3	1	0	0	1	0	0	1	0	0	0	0	0	0	HueSwitch
0	0	0	0	32	0	0	0	7	1	3	0	0	1	0	0	1	0	0	0	0	0	0	HueSwitch
0	0	0	0	49	0	0	0	7	1	3	0	0	1	0	0	1	0	0	0	0	0	0	HueSwitch
0	0	0	0	485	0	0	0	7	1	3	0	0	1	0	0	1	0	0	0	0	0	0	HueSwitch
0	0	0	0	32	0	0	0	7	3	1	0	0	1	0	0	1	0	0	0	0	0	0	HueSwitch
0	0	0	0	32	0	0	0	7	3	1	0	0	1	0	0	1	0	0	0	0	0	0	HueSwitch
0	0	0	0	32	0	0	0	7	1	3	0	0	1	0	0	1	0	0	0	0	0	0	HueSwitch
0	0	0	0	40	0	0	0	7	3	1	0	0	1	0	0	1	0	0	0	0	0	0	HueSwitch
0	0	0	0	40	0	0	0	7	1	3	0	0	1	0	0	1	0	0	0	0	0	0	HueSwitch
0	0	0	0	32	0	0	0	7	3	1	0	0	1	0	0	1	0	0	0	0	0	0	HueSwitch
0	0	0	0	233	0	0	0	7	3	1	0	0	1	0	0	1	0	0	0	0	0	0	HueSwitch
0	0	0	0	32	0	0	0	7	1	3	0	0	1	0	0	1	0	0	0	0	0	0	HueSwitch
0	0	0	0	49	0	0	0	7	1	3	0	0	1	0	0	1	0	0	0	0	0	0	HueSwitch
0	0	0	0	887	0	0	0	7	1	3	0	0	1	0	0	1	0	0	0	0	0	0	HueSwitch
0	0	0	0	32	0	0	0	7	3	1	0	0	1	0	0	1	0	0	0	0	0	0	HueSwitch
0	0	0	0	32	0	0	0	7	3	1	0	0	1	0	0	1	0	0	0	0	0	0	HueSwitch
0	0	0	0	32	0	0	0	7	3	1	0	0	1	0	0	1	0	0	0	0	0	0	HueSwitch
0	0	0	0	32	0	0	0	7	1	3	0	0	1	0	0	1	0	0	0	0	0	0	HueSwitch
0	0	0	0	40	0	0	0	7	3	1	0	0	1	0	0	1	0	0	0	0	0	0	HueSwitch
0	0	0	0	40	0	0	0	7	1	3	0	0	1	0	0	1	0	0	0	0	0	0	HueSwitch
0	0	0	0	32	0	0	0	7	3	1	0	0	1	0	0	1	0	0	0	0	0	0	HueSwitch
0	0	0	0	304	0	0	0	7	3	1	0	0	1	0	0	1	0	0	0	0	0	0	HueSwitch
0	0	0	0	32	0	0	0	7	1	3	0	0	1	0	0	1	0	0	0	0	0	0	HueSwitch
0	0	0	0	49	0	0	0	7	1	3	0	0	1	0	0	1	0	0	0	0	0	0	HueSwitch
0	0	0	0	32	0	0	0	7	3	1	0	0	1	0	0	1	0	0	0	0	0	0	HueSwitch
0	0	0	0	437	0	0	0	7	1	3	0	0	1	0	0	1	0	0	0	0	0	0	HueSwitch
0	0	0	0	32	0	0	0	7	3	1	0	0	1	0	0	1	0	0	0	0	0	0	HueSwitch
0	0	0	0	33	0	0	0	7	1	3	0	0	1	0	0	1	0	0	0	0	0	0	HueSwitch
0	0	0	0	62	0	0	0	7	1	3	0	0	1	0	0	1	0	0	0	0	0	0	HueSwitch
0	0	0	0	32	0	0	0	7	3	1	0	0	1	0	0	1	0	0	0	0	0	0	HueSwitch
0	0	0	0	32	0	0	0	7	3	1	0	0	1	0	0	1	0	0	0	0	0	0	HueSwitch
0	0	0	0	32	0	0	0	7	1	3	0	0	1	0	0	1	0	0	0	0	0	0	HueSwitch
0	0	0	0	40	0	0	0	7	3	1	0	0	1	0	0	1	0	0	0	0	0	0	HueSwitch
0	0	0	0	40	0	0	0	7	1	3	0	0	1	0	0	1	0	0	0	0	0	0	HueSwitch
0	0	0	0	32	0	0	0	7	3	1	0	0	1	0	0	1	0	0	0	0	0	0	HueSwitch
0	0	0	0	351	0	0	0	7	3	1	0	0	1	0	0	1	0	0	0	0	0	0	HueSwitch
0	0	0	0	32	0	0	0	7	1	3	0	0	1	0	0	1	0	0	0	0	0	0	HueSwitch
0	0	0	0	49	0	0	0	7	1	3	0	0	1	0	0	1	0	0	0	0	0	0	HueSwitch
0	0	0	0	32	0	0	0	7	3	1	0	0	1	0	0	1	0	0	0	0	0	0	HueSwitch
0	0	0	0	559	0	0	0	7	1	3	0	0	1	0	0	1	0	0	0	0	0	0	HueSwitch
0	0	0	0	32	0	0	0	7	3	1	0	0	1	0	0	1	0	0	0	0	0	0	HueSwitch
0	0	0	0	33	0	0	0	7	1	3	0	0	1	0	0	1	0	0	0	0	0	0	HueSwitch
0	0	0	0	32	0	0	0	7	1	3	0	0	1	0	0	1	0	0	0	0	0	0	HueSwitch
0	0	0	0	32	0	0	0	7	3	1	0	0	1	0	0	1	0	0	0	0	0	0	HueSwitch
0	0	0	0	32	0	0	0	7	3	1	0	0	1	0	0	1	0	0	0	0	0	0	HueSwitch
0	0	0	0	32	0	0	0	7	1	3	0	0	1	0	0	1	0	0	0	0	0	0	HueSwitch
0	0	0	0	40	0	0	0	7	2	1	0	0	1	0	0	1	0	0	0	0	0	0	HueSwitch
0	0	0	0	40	0	0	0	7	1	2	0	0	1	0	0	1	0	0	0	0	0	0	HueSwitch
0	0	0	0	32	0	0	0	7	2	1	0	0	1	0	0	1	0	0	0	0	0	0	HueSwitch
0	0	0	0	574	0	0	0	7	2	1	0	0	1	0	0	1	0	0	0	0	0	0	HueSwitch
0	0	0	0	32	0	0	0	7	1	2	0	0	1	0	0	1	0	0	0	0	0	0	HueSwitch
0	0	0	0	49	0	0	0	7	1	2	0	0	1	0	0	1	0	0	0	0	0	0	HueSwitch
0	0	0	0	32	0	0	0	7	2	1	0	0	1	0	0	1	0	0	0	0	0	0	HueSwitch
0	0	0	0	437	0	0	0	7	1	2	0	0	1	0	0	1	0	0	0	0	0	0	HueSwitch
0	0	0	0	32	0	0	0	7	2	1	0	0	1	0	0	1	0	0	0	0	0	0	HueSwitch
0	0	0	0	33	0	0	0	7	1	2	0	0	1	0	0	1	0	0	0	0	0	0	HueSwitch
0	0	0	0	54	0	0	0	7	1	2	0	0	1	0	0	1	0	0	0	0	0	0	HueSwitch
0	0	0	0	32	0	0	0	7	2	1	0	0	1	0	0	1	0	0	0	0	0	0	HueSwitch
0	0	0	0	32	0	0	0	7	2	1	0	0	1	0	0	1	0	0	0	0	0	0	HueSwitch
0	0	0	0	32	0	0	0	7	1	2	0	0	1	0	0	1	0	0	0	0	0	0	HueSwitch
0	0	0	0	40	0	0	0	7	3	1	0	0	1	0	0	1	0	0	0	0	0	0	HueSwitch
0	0	0	0	40	0	0	0	7	1	3	0	0	1	0	0	1	0	0	0	0	0	0	HueSwitch
0	0	0	0	32	0	0	0	7	3	1	0	0	1	0	0	1	0	0	0	0	0	0	HueSwitch
0	0	0	0	233	0	0	0	7	3	1	0	0	1	0	0	1	0	0	0	0	0	0	HueSwitch
0	0	0	0	32	0	0	0	7	1	3	0	0	1	0	0	1	0	0	0	0	0	0	HueSwitch
0	0	0	0	49	0	0	0	7	1	3	0	0	1	0	0	1	0	0	0	0	0	0	HueSwitch
0	0	0	0	887	0	0	0	7	1	3	0	0	1	0	0	1	0	0	0	0	0	0	HueSwitch
0	0	0	0	32	0	0	0	7	3	1	0	0	1	0	0	1	0	0	0	0	0	0	HueSwitch
0	0	0	0	32	0	0	0	7	3	1	0	0	1	0	0	1	0	0	0	0	0	0	HueSwitch
0	0	0	0	32	0	0	0	7	3	1	0	0	1	0	0	1	0	0	0	0	0	0	HueSwitch
0	0	0	0	32	0	0	0	7	1	3	0	0	1	0	0	1	0	0	0	0	0	0	HueSwitch
0	0	0	0	40	0	0	0	7	2	1	0	0	1	0	0	1	0	0	0	0	0	0	HueSwitch
0	0	0	0	40	0	0	0	7	1	2	0	0	1	0	0	1	0	0	0	0	0	0	HueSwitch
0	0	0	0	32	0	0	0	7	2	1	0	0	1	0	0	1	0	0	0	0	0	0	HueSwitch
0	0	0	0	233	0	0	0	7	2	1	0	0	1	0	0	1	0	0	0	0	0	0	HueSwitch
0	0	0	0	32	0	0	0	7	1	2	0	0	1	0	0	1	0	0	0	0	0	0	HueSwitch
0	0	0	0	49	0	0	0	7	1	2	0	0	1	0	0	1	0	0	0	0	0	0	HueSwitch
0	0	0	0	887	0	0	0	7	1	2	0	0	1	0	0	1	0	0	0	0	0	0	HueSwitch
0	0	0	0	887	0	0	0	7	1	2	0	0	1	0	0	1	0	0	0	0	0	0	HueSwitch
0	0	0	0	32	0	0	0	7	2	1	0	0	1	0	0	1	0	0	0	0	0	0	HueSwitch
0	0	0	0	32	0	0	0	7	2	1	0	0	1	0	0	1	0	0	0	0	0	0	HueSwitch
0	0	0	0	44	0	0	0	7	2	1	0	0	1	0	0	1	0	0	0	0	0	0	HueSwitch
0	0	0	0	32	0	0	0	7	2	1	0	0	1	0	0	1	0	0	0	0	0	0	HueSwitch
0	0	0	0	32	0	0	0	7	1	2	0	0	1	0	0	1	0	0	0	0	0	0	HueSwitch
0	0	0	0	40	0	0	0	7	2	1	0	0	1	0	0	1	0	0	0	0	0	0	HueSwitch
0	0	0	0	40	0	0	0	7	1	2	0	0	1	0	0	1	0	0	0	0	0	0	HueSwitch
0	0	0	0	32	0	0	0	7	2	1	0	0	1	0	0	1	0	0	0	0	0	0	HueSwitch
0	0	0	0	233	0	0	0	7	2	1	0	0	1	0	0	1	0	0	0	0	0	0	HueSwitch
0	0	0	0	32	0	0	0	7	1	2	0	0	1	0	0	1	0	0	0	0	0	0	HueSwitch
0	0	0	0	49	0	0	0	7	1	2	0	0	1	0	0	1	0	0	0	0	0	0	HueSwitch
0	0	0	0	887	0	0	0	7	1	2	0	0	1	0	0	1	0	0	0	0	0	0	HueSwitch
0	0	0	0	32	0	0	0	7	2	1	0	0	1	0	0	1	0	0	0	0	0	0	HueSwitch
0	0	0	0	32	0	0	0	7	2	1	0	0	1	0	0	1	0	0	0	0	0	0	HueSwitch
0	0	0	0	32	0	0	0	7	2	1	0	0	1	0	0	1	0	0	0	0	0	0	HueSwitch
0	0	0	0	32	0	0	0	7	1	2	0	0	1	0	0	1	0	0	0	0	0	0	HueSwitch
0	0	0	0	40	0	0	0	7	2	1	0	0	1	0	0	1	0	0	0	0	0	0	HueSwitch
0	0	0	0	40	0	0	0	7	1	2	0	0	1	0	0	1	0	0	0	0	0	0	HueSwitch
0	0	0	0	32	0	0	0	7	2	1	0	0	1	0	0	1	0	0	0	0	0	0	HueSwitch
0	0	0	0	225	0	0	0	7	2	1	0	0	1	0	0	1	0	0	0	0	0	0	HueSwitch
0	0	0	0	32	0	0	0	7	1	2	0	0	1	0	0	1	0	0	0	0	0	0	HueSwitch
0	0	0	0	49	0	0	0	7	1	2	0	0	1	0	0	1	0	0	0	0	0	0	HueSwitch
0	0	0	0	32	0	0	0	7	2	1	0	0	1	0	0	1	0	0	0	0	0	0	HueSwitch
0	0	0	0	896	0	0	0	7	1	2	0	0	1	0	0	1	0	0	0	0	0	0	HueSwitch
0	0	0	0	32	0	0	0	7	2	1	0	0	1	0	0	1	0	0	0	0	0	0	HueSwitch
0	0	0	0	216	0	0	0	7	1	2	0	0	1	0	0	1	0	0	0	0	0	0	HueSwitch
0	0	0	0	32	0	0	0	7	2	1	0	0	1	0	0	1	0	0	0	0	0	0	HueSwitch
0	0	0	0	683	0	0	0	7	1	2	0	0	1	0	0	1	0	0	0	0	0	0	HueSwitch
0	0	0	0	1480	0	0	0	7	1	2	0	0	1	0	0	1	0	0	0	0	0	0	HueSwitch
0	0	0	0	32	0	0	0	7	2	1	0	0	1	0	0	1	0	0	0	0	0	0	HueSwitch
0	0	0	0	756	0	0	0	7	1	2	0	0	1	0	0	1	0	0	0	0	0	0	HueSwitch
0	0	0	0	664	0	0	0	7	1	2	0	0	1	0	0	1	0	0	0	0	0	0	HueSwitch
0	0	0	0	32	0	0	0	7	2	1	0	0	1	0	0	1	0	0	0	0	0	0	HueSwitch
0	0	0	0	32	0	0	0	7	2	1	0	0	1	0	0	1	0	0	0	0	0	0	HueSwitch
0	0	0	0	32	0	0	0	7	2	1	0	0	1	0	0	1	0	0	0	0	0	0	HueSwitch
0	0	0	0	32	0	0	0	7	1	2	0	0	1	0	0	1	0	0	0	0	0	0	HueSwitch
0	0	0	0	40	0	0	0	7	3	1	0	0	1	0	0	1	0	0	0	0	0	0	HueSwitch
0	0	0	0	40	0	0	0	7	1	3	0	0	1	0	0	1	0	0	0	0	0	0	HueSwitch
0	0	0	0	32	0	0	0	7	3	1	0	0	1	0	0	1	0	0	0	0	0	0	HueSwitch
0	0	0	0	237	0	0	0	7	3	1	0	0	1	0	0	1	0	0	0	0	0	0	HueSwitch
0	0	0	0	32	0	0	0	7	1	3	0	0	1	0	0	1	0	0	0	0	0	0	HueSwitch
0	0	0	0	49	0	0	0	7	1	3	0	0	1	0	0	1	0	0	0	0	0	0	HueSwitch
0	0	0	0	485	0	0	0	7	1	3	0	0	1	0	0	1	0	0	0	0	0	0	HueSwitch
0	0	0	0	32	0	0	0	7	3	1	0	0	1	0	0	1	0	0	0	0	0	0	HueSwitch
0	0	0	0	32	0	0	0	7	3	1	0	0	1	0	0	1	0	0	0	0	0	0	HueSwitch
0	0	0	0	32	0	0	0	7	1	3	0	0	1	0	0	1	0	0	0	0	0	0	HueSwitch
0	0	0	0	40	0	0	0	7	3	1	0	0	1	0	0	1	0	0	0	0	0	0	HueSwitch
0	0	0	0	40	0	0	0	7	1	3	0	0	1	0	0	1	0	0	0	0	0	0	HueSwitch
0	0	0	0	32	0	0	0	7	3	1	0	0	1	0	0	1	0	0	0	0	0	0	HueSwitch
0	0	0	0	233	0	0	0	7	3	1	0	0	1	0	0	1	0	0	0	0	0	0	HueSwitch
0	0	0	0	32	0	0	0	7	1	3	0	0	1	0	0	1	0	0	0	0	0	0	HueSwitch
0	0	0	0	49	0	0	0	7	1	3	0	0	1	0	0	1	0	0	0	0	0	0	HueSwitch
0	0	0	0	887	0	0	0	7	1	3	0	0	1	0	0	1	0	0	0	0	0	0	HueSwitch
0	0	0	0	32	0	0	0	7	3	1	0	0	1	0	0	1	0	0	0	0	0	0	HueSwitch
0	0	0	0	32	0	0	0	7	3	1	0	0	1	0	0	1	0	0	0	0	0	0	HueSwitch
0	0	0	0	32	0	0	0	7	3	1	0	0	1	0	0	1	0	0	0	0	0	0	HueSwitch
0	0	0	0	32	0	0	0	7	1	3	0	0	1	0	0	1	0	0	0	0	0	0	HueSwitch
0	0	0	0	40	0	0	0	7	2	1	0	0	1	0	0	1	0	0	0	0	0	0	HueSwitch
0	0	0	0	40	0	0	0	7	1	2	0	0	1	0	0	1	0	0	0	0	0	0	HueSwitch
0	0	0	0	32	0	0	0	7	2	1	0	0	1	0	0	1	0	0	0	0	0	0	HueSwitch
0	0	0	0	233	0	0	0	7	2	1	0	0	1	0	0	1	0	0	0	0	0	0	HueSwitch
0	0	0	0	32	0	0	0	7	1	2	0	0	1	0	0	1	0	0	0	0	0	0	HueSwitch
0	0	0	0	49	0	0	0	7	1	2	0	0	1	0	0	1	0	0	0	0	0	0	HueSwitch
0	0	0	0	887	0	0	0	7	1	2	0	0	1	0	0	1	0	0	0	0	0	0	HueSwitch
0	0	0	0	32	0	0	0	7	2	1	0	0	1	0	0	1	0	0	0	0	0	0	HueSwitch
0	0	0	0	32	0	0	0	7	2	1	0	0	1	0	0	1	0	0	0	0	0	0	HueSwitch
0	0	0	0	32	0	0	0	7	2	1	0	0	1	0	0	1	0	0	0	0	0	0	HueSwitch
0	0	0	0	32	0	0	0	7	1	2	0	0	1	0	0	1	0	0	0	0	0	0	HueSwitch
0	0	0	0	40	0	0	0	7	3	1	0	0	1	0	0	1	0	0	0	0	0	0	HueSwitch
0	0	0	0	40	0	0	0	7	1	3	0	0	1	0	0	1	0	0	0	0	0	0	HueSwitch
0	0	0	0	32	0	0	0	7	3	1	0	0	1	0	0	1	0	0	0	0	0	0	HueSwitch
0	0	0	0	233	0	0	0	7	3	1	0	0	1	0	0	1	0	0	0	0	0	0	HueSwitch
0	0	0	0	32	0	0	0	7	1	3	0	0	1	0	0	1	0	0	0	0	0	0	HueSwitch
0	0	0	0	49	0	0	0	7	1	3	0	0	1	0	0	1	0	0	0	0	0	0	HueSwitch
0	0	0	0	887	0	0	0	7	1	3	0	0	1	0	0	1	0	0	0	0	0	0	HueSwitch
0	0	0	0	32	0	0	0	7	3	1	0	0	1	0	0	1	0	0	0	0	0	0	HueSwitch
0	0	0	0	32	0	0	0	7	3	1	0	0	1	0	0	1	0	0	0	0	0	0	HueSwitch
0	0	0	0	32	0	0	0	7	3	1	0	0	1	0	0	1	0	0	0	0	0	0	HueSwitch
0	0	0	0	32	0	0	0	7	1	3	0	0	1	0	0	1	0	0	0	0	0	0	HueSwitch
0	0	0	0	40	0	0	0	7	3	1	0	0	1	0	0	1	0	0	0	0	0	0	HueSwitch
0	0	0	0	40	0	0	0	7	1	3	0	0	1	0	0	1	0	0	0	0	0	0	HueSwitch
0	0	0	0	32	0	0	0	7	3	1	0	0	1	0	0	1	0	0	0	0	0	0	HueSwitch
0	0	0	0	233	0	0	0	7	3	1	0	0	1	0	0	1	0	0	0	0	0	0	HueSwitch
0	0	0	0	32	0	0	0	7	1	3	0	0	1	0	0	1	0	0	0	0	0	0	HueSwitch
0	0	0	0	49	0	0	0	7	1	3	0	0	1	0	0	1	0	0	0	0	0	0	HueSwitch
0	0	0	0	887	0	0	0	7	1	3	0	0	1	0	0	1	0	0	0	0	0	0	HueSwitch
0	0	0	0	887	0	0	0	7	1	3	0	0	1	0	0	1	0	0	0	0	0	0	HueSwitch
0	0	0	0	32	0	0	0	7	3	1	0	0	1	0	0	1	0	0	0	0	0	0	HueSwitch
0	0	0	0	32	0	0	0	7	3	1	0	0	1	0	0	1	0	0	0	0	0	0	HueSwitch
0	0	0	0	44	0	0	0	7	3	1	0	0	1	0	0	1	0	0	0	0	0	0	HueSwitch
0	0	0	0	32	0	0	0	7	3	1	0	0	1	0	0	1	0	0	0	0	0	0	HueSwitch
0	0	0	0	32	0	0	0	7	1	3	0	0	1	0	0	1	0	0	0	0	0	0	HueSwitch
0	0	0	0	40	0	0	0	7	2	1	0	0	1	0	0	1	0	0	0	0	0	0	HueSwitch
0	0	0	0	40	0	0	0	7	1	2	0	0	1	0	0	1	0	0	0	0	0	0	HueSwitch
0	0	0	0	32	0	0	0	7	2	1	0	0	1	0	0	1	0	0	0	0	0	0	HueSwitch
0	0	0	0	233	0	0	0	7	2	1	0	0	1	0	0	1	0	0	0	0	0	0	HueSwitch
0	0	0	0	32	0	0	0	7	1	2	0	0	1	0	0	1	0	0	0	0	0	0	HueSwitch
0	0	0	0	49	0	0	0	7	1	2	0	0	1	0	0	1	0	0	0	0	0	0	HueSwitch
0	0	0	0	887	0	0	0	7	1	2	0	0	1	0	0	1	0	0	0	0	0	0	HueSwitch
0	0	0	0	32	0	0	0	7	2	1	0	0	1	0	0	1	0	0	0	0	0	0	HueSwitch
0	0	0	0	32	0	0	0	7	2	1	0	0	1	0	0	1	0	0	0	0	0	0	HueSwitch
0	0	0	0	32	0	0	0	7	2	1	0	0	1	0	0	1	0	0	0	0	0	0	HueSwitch
0	0	0	0	32	0	0	0	7	1	2	0	0	1	0	0	1	0	0	0	0	0	0	HueSwitch
0	0	0	0	40	0	0	0	7	2	1	0	0	1	0	0	1	0	0	0	0	0	0	HueSwitch
0	0	0	0	40	0	0	0	7	1	2	0	0	1	0	0	1	0	0	0	0	0	0	HueSwitch
0	0	0	0	32	0	0	0	7	2	1	0	0	1	0	0	1	0	0	0	0	0	0	HueSwitch
0	0	0	0	237	0	0	0	7	2	1	0	0	1	0	0	1	0	0	0	0	0	0	HueSwitch
0	0	0	0	32	0	0	0	7	1	2	0	0	1	0	0	1	0	0	0	0	0	0	HueSwitch
0	0	0	0	49	0	0	0	7	1	2	0	0	1	0	0	1	0	0	0	0	0	0	HueSwitch
0	0	0	0	485	0	0	0	7	1	2	0	0	1	0	0	1	0	0	0	0	0	0	HueSwitch
0	0	0	0	32	0	0	0	7	2	1	0	0	1	0	0	1	0	0	0	0	0	0	HueSwitch
0	0	0	0	32	0	0	0	7	2	1	0	0	1	0	0	1	0	0	0	0	0	0	HueSwitch
0	0	0	0	32	0	0	0	7	1	2	0	0	1	0	0	1	0	0	0	0	0	0	HueSwitch
0	0	0	0	40	0	0	0	7	3	1	0	0	1	0	0	1	0	0	0	0	0	0	HueSwitch
0	0	0	0	40	0	0	0	7	1	3	0	0	1	0	0	1	0	0	0	0	0	0	HueSwitch
0	0	0	0	32	0	0	0	7	3	1	0	0	1	0	0	1	0	0	0	0	0	0	HueSwitch
0	0	0	0	233	0	0	0	7	3	1	0	0	1	0	0	1	0	0	0	0	0	0	HueSwitch
0	0	0	0	32	0	0	0	7	1	3	0	0	1	0	0	1	0	0	0	0	0	0	HueSwitch
0	0	0	0	49	0	0	0	7	1	3	0	0	1	0	0	1	0	0	0	0	0	0	HueSwitch
0	0	0	0	887	0	0	0	7	1	3	0	0	1	0	0	1	0	0	0	0	0	0	HueSwitch
0	0	0	0	32	0	0	0	7	3	1	0	0	1	0	0	1	0	0	0	0	0	0	HueSwitch
0	0	0	0	32	0	0	0	7	3	1	0	0	1	0	0	1	0	0	0	0	0	0	HueSwitch
0	0	0	0	32	0	0	0	7	3	1	0	0	1	0	0	1	0	0	0	0	0	0	HueSwitch
0	0	0	0	32	0	0	0	7	1	3	0	0	1	0	0	1	0	0	0	0	0	0	HueSwitch
0	0	0	0	40	0	0	0	7	3	1	0	0	1	0	0	1	0	0	0	0	0	0	HueSwitch
0	0	0	0	40	0	0	0	7	1	3	0	0	1	0	0	1	0	0	0	0	0	0	HueSwitch
0	0	0	0	32	0	0	0	7	3	1	0	0	1	0	0	1	0	0	0	0	0	0	HueSwitch
0	0	0	0	233	0	0	0	7	3	1	0	0	1	0	0	1	0	0	0	0	0	0	HueSwitch
0	0	0	0	32	0	0	0	7	1	3	0	0	1	0	0	1	0	0	0	0	0	0	HueSwitch
0	0	0	0	49	0	0	0	7	1	3	0	0	1	0	0	1	0	0	0	0	0	0	HueSwitch
0	0	0	0	887	0	0	0	7	1	3	0	0	1	0	0	1	0	0	0	0	0	0	HueSwitch
0	0	0	0	32	0	0	0	7	3	1	0	0	1	0	0	1	0	0	0	0	0	0	HueSwitch
0	0	0	0	32	0	0	0	7	3	1	0	0	1	0	0	1	0	0	0	0	0	0	HueSwitch
0	0	0	0	32	0	0	0	7	3	1	0	0	1	0	0	1	0	0	0	0	0	0	HueSwitch
0	0	0	0	32	0	0	0	7	1	3	0	0	1	0	0	1	0	0	0	0	0	0	HueSwitch
0	0	0	0	40	0	0	0	7	3	1	0	0	1	0	0	1	0	0	0	0	0	0	HueSwitch
0	0	0	0	40	0	0	0	7	1	3	0	0	1	0	0	1	0	0	0	0	0	0	HueSwitch
0	0	0	0	32	0	0	0	7	3	1	0	0	1	0	0	1	0	0	0	0	0	0	HueSwitch
0	0	0	0	233	0	0	0	7	3	1	0	0	1	0	0	1	0	0	0	0	0	0	HueSwitch
0	0	0	0	32	0	0	0	7	1	3	0	0	1	0	0	1	0	0	0	0	0	0	HueSwitch
0	0	0	0	49	0	0	0	7	1	3	0	0	1	0	0	1	0	0	0	0	0	0	HueSwitch
0	0	0	0	887	0	0	0	7	1	3	0	0	1	0	0	1	0	0	0	0	0	0	HueSwitch
0	0	0	0	32	0	0	0	7	3	1	0	0	1	0	0	1	0	0	0	0	0	0	HueSwitch
0	0	0	0	32	0	0	0	7	3	1	0	0	1	0	0	1	0	0	0	0	0	0	HueSwitch
0	0	0	0	32	0	0	0	7	3	1	0	0	1	0	0	1	0	0	0	0	0	0	HueSwitch
0	0	0	0	32	0	0	0	7	1	3	0	0	1	0	0	1	0	0	0	0	0	0	HueSwitch
0	0	0	0	314	0	0	0	8	2	2	0	0	0	1	0	0	0	0	1	0	0	0	HueSwitch
0	0	0	0	314	0	0	0	8	2	2	0	0	0	1	0	0	0	0	1	0	0	0	HueSwitch
0	0	0	0	323	0	0	0	8	2	2	0	0	0	1	0	0	0	0	1	0	0	0	HueSwitch
0	0	0	0	323	0	0	0	8	2	2	0	0	0	1	0	0	0	0	1	0	0	0	HueSwitch
0	0	0	0	317	0	0	0	8	2	2	0	0	0	1	0	0	0	0	1	0	0	0	HueSwitch
0	0	0	0	317	0	0	0	8	2	2	0	0	0	1	0	0	0	0	1	0	0	0	HueSwitch
0	0	0	0	40	0	0	0	8	2	1	0	0	1	0	0	1	0	0	0	0	0	0	HueSwitch
0	0	0	0	40	0	0	0	8	1	2	0	0	1	0	0	1	0	0	0	0	0	0	HueSwitch
0	0	0	0	32	0	0	0	8	2	1	0	0	1	0	0	1	0	0	0	0	0	0	HueSwitch
0	0	0	0	233	0	0	0	8	2	1	0	0	1	0	0	1	0	0	0	0	0	0	HueSwitch
0	0	0	0	32	0	0	0	8	1	2	0	0	1	0	0	1	0	0	0	0	0	0	HueSwitch
0	0	0	0	49	0	0	0	8	1	2	0	0	1	0	0	1	0	0	0	0	0	0	HueSwitch
0	0	0	0	887	0	0	0	8	1	2	0	0	1	0	0	1	0	0	0	0	0	0	HueSwitch
0	0	0	0	32	0	0	0	8	2	1	0	0	1	0	0	1	0	0	0	0	0	0	HueSwitch
0	0	0	0	32	0	0	0	8	2	1	0	0	1	0	0	1	0	0	0	0	0	0	HueSwitch
0	0	0	0	32	0	0	0	8	2	1	0	0	1	0	0	1	0	0	0	0	0	0	HueSwitch
0	0	0	0	32	0	0	0	8	1	2	0	0	1	0	0	1	0	0	0	0	0	0	HueSwitch
0	0	0	0	40	0	0	0	8	3	1	0	0	1	0	0	1	0	0	0	0	0	0	HueSwitch
0	0	0	0	40	0	0	0	8	1	3	0	0	1	0	0	1	0	0	0	0	0	0	HueSwitch
0	0	0	0	32	0	0	0	8	3	1	0	0	1	0	0	1	0	0	0	0	0	0	HueSwitch
0	0	0	0	237	0	0	0	8	3	1	0	0	1	0	0	1	0	0	0	0	0	0	HueSwitch
0	0	0	0	32	0	0	0	8	1	3	0	0	1	0	0	1	0	0	0	0	0	0	HueSwitch
0	0	0	0	49	0	0	0	8	1	3	0	0	1	0	0	1	0	0	0	0	0	0	HueSwitch
0	0	0	0	485	0	0	0	8	1	3	0	0	1	0	0	1	0	0	0	0	0	0	HueSwitch
0	0	0	0	32	0	0	0	8	3	1	0	0	1	0	0	1	0	0	0	0	0	0	HueSwitch
0	0	0	0	32	0	0	0	8	3	1	0	0	1	0	0	1	0	0	0	0	0	0	HueSwitch
0	0	0	0	32	0	0	0	8	1	3	0	0	1	0	0	1	0	0	0	0	0	0	HueSwitch
0	0	0	0	40	0	0	0	8	2	1	0	0	1	0	0	1	0	0	0	0	0	0	HueSwitch
0	0	0	0	40	0	0	0	8	1	2	0	0	1	0	0	1	0	0	0	0	0	0	HueSwitch
0	0	0	0	32	0	0	0	8	2	1	0	0	1	0	0	1	0	0	0	0	0	0	HueSwitch
0	0	0	0	233	0	0	0	8	2	1	0	0	1	0	0	1	0	0	0	0	0	0	HueSwitch
0	0	0	0	32	0	0	0	8	1	2	0	0	1	0	0	1	0	0	0	0	0	0	HueSwitch
0	0	0	0	49	0	0	0	8	1	2	0	0	1	0	0	1	0	0	0	0	0	0	HueSwitch
0	0	0	0	887	0	0	0	8	1	2	0	0	1	0	0	1	0	0	0	0	0	0	HueSwitch
0	0	0	0	32	0	0	0	8	2	1	0	0	1	0	0	1	0	0	0	0	0	0	HueSwitch
0	0	0	0	32	0	0	0	8	2	1	0	0	1	0	0	1	0	0	0	0	0	0	HueSwitch
0	0	0	0	32	0	0	0	8	2	1	0	0	1	0	0	1	0	0	0	0	0	0	HueSwitch
0	0	0	0	32	0	0	0	8	1	2	0	0	1	0	0	1	0	0	0	0	0	0	HueSwitch
0	0	0	0	40	0	0	0	8	3	1	0	0	1	0	0	1	0	0	0	0	0	0	HueSwitch
0	0	0	0	40	0	0	0	8	1	3	0	0	1	0	0	1	0	0	0	0	0	0	HueSwitch
0	0	0	0	32	0	0	0	8	3	1	0	0	1	0	0	1	0	0	0	0	0	0	HueSwitch
0	0	0	0	233	0	0	0	8	3	1	0	0	1	0	0	1	0	0	0	0	0	0	HueSwitch
0	0	0	0	32	0	0	0	8	1	3	0	0	1	0	0	1	0	0	0	0	0	0	HueSwitch
0	0	0	0	49	0	0	0	8	1	3	0	0	1	0	0	1	0	0	0	0	0	0	HueSwitch
0	0	0	0	900	0	0	0	8	1	3	0	0	1	0	0	1	0	0	0	0	0	0	HueSwitch
0	0	0	0	32	0	0	0	8	3	1	0	0	1	0	0	1	0	0	0	0	0	0	HueSwitch
0	0	0	0	32	0	0	0	8	3	1	0	0	1	0	0	1	0	0	0	0	0	0	HueSwitch
0	0	0	0	32	0	0	0	8	3	1	0	0	1	0	0	1	0	0	0	0	0	0	HueSwitch
0	0	0	0	32	0	0	0	8	1	3	0	0	1	0	0	1	0	0	0	0	0	0	HueSwitch
0	0	0	0	40	0	0	0	8	2	1	0	0	1	0	0	1	0	0	0	0	0	0	HueSwitch
0	0	0	0	40	0	0	0	8	1	2	0	0	1	0	0	1	0	0	0	0	0	0	HueSwitch
0	0	0	0	32	0	0	0	8	2	1	0	0	1	0	0	1	0	0	0	0	0	0	HueSwitch
0	0	0	0	233	0	0	0	8	2	1	0	0	1	0	0	1	0	0	0	0	0	0	HueSwitch
0	0	0	0	32	0	0	0	8	1	2	0	0	1	0	0	1	0	0	0	0	0	0	HueSwitch
0	0	0	0	49	0	0	0	8	1	2	0	0	1	0	0	1	0	0	0	0	0	0	HueSwitch
0	0	0	0	900	0	0	0	8	1	2	0	0	1	0	0	1	0	0	0	0	0	0	HueSwitch
0	0	0	0	32	0	0	0	8	2	1	0	0	1	0	0	1	0	0	0	0	0	0	HueSwitch
0	0	0	0	32	0	0	0	8	2	1	0	0	1	0	0	1	0	0	0	0	0	0	HueSwitch
0	0	0	0	32	0	0	0	8	2	1	0	0	1	0	0	1	0	0	0	0	0	0	HueSwitch
0	0	0	0	32	0	0	0	8	1	2	0	0	1	0	0	1	0	0	0	0	0	0	HueSwitch
0	0	0	0	40	0	0	0	8	3	1	0	0	1	0	0	1	0	0	0	0	0	0	HueSwitch
0	0	0	0	40	0	0	0	8	1	3	0	0	1	0	0	1	0	0	0	0	0	0	HueSwitch
0	0	0	0	32	0	0	0	8	3	1	0	0	1	0	0	1	0	0	0	0	0	0	HueSwitch
0	0	0	0	233	0	0	0	8	3	1	0	0	1	0	0	1	0	0	0	0	0	0	HueSwitch
0	0	0	0	32	0	0	0	8	1	3	0	0	1	0	0	1	0	0	0	0	0	0	HueSwitch
0	0	0	0	49	0	0	0	8	1	3	0	0	1	0	0	1	0	0	0	0	0	0	HueSwitch
0	0	0	0	900	0	0	0	8	1	3	0	0	1	0	0	1	0	0	0	0	0	0	HueSwitch
0	0	0	0	32	0	0	0	8	3	1	0	0	1	0	0	1	0	0	0	0	0	0	HueSwitch
0	0	0	0	32	0	0	0	8	3	1	0	0	1	0	0	1	0	0	0	0	0	0	HueSwitch
0	0	0	0	32	0	0	0	8	3	1	0	0	1	0	0	1	0	0	0	0	0	0	HueSwitch
0	0	0	0	32	0	0	0	8	1	3	0	0	1	0	0	1	0	0	0	0	0	0	HueSwitch
0	0	0	0	40	0	0	0	8	3	1	0	0	1	0	0	1	0	0	0	0	0	0	HueSwitch
0	0	0	0	40	0	0	0	8	1	3	0	0	1	0	0	1	0	0	0	0	0	0	HueSwitch
0	0	0	0	32	0	0	0	8	3	1	0	0	1	0	0	1	0	0	0	0	0	0	HueSwitch
0	0	0	0	237	0	0	0	8	3	1	0	0	1	0	0	1	0	0	0	0	0	0	HueSwitch
0	0	0	0	32	0	0	0	8	1	3	0	0	1	0	0	1	0	0	0	0	0	0	HueSwitch
0	0	0	0	49	0	0	0	8	1	3	0	0	1	0	0	1	0	0	0	0	0	0	HueSwitch
0	0	0	0	485	0	0	0	8	1	3	0	0	1	0	0	1	0	0	0	0	0	0	HueSwitch
0	0	0	0	32	0	0	0	8	3	1	0	0	1	0	0	1	0	0	0	0	0	0	HueSwitch
0	0	0	0	32	0	0	0	8	3	1	0	0	1	0	0	1	0	0	0	0	0	0	HueSwitch
0	0	0	0	32	0	0	0	8	1	3	0	0	1	0	0	1	0	0	0	0	0	0	HueSwitch
0	0	0	0	40	0	0	0	8	3	1	0	0	1	0	0	1	0	0	0	0	0	0	HueSwitch
0	0	0	0	40	0	0	0	8	1	3	0	0	1	0	0	1	0	0	0	0	0	0	HueSwitch
0	0	0	0	32	0	0	0	8	3	1	0	0	1	0	0	1	0	0	0	0	0	0	HueSwitch
0	0	0	0	233	0	0	0	8	3	1	0	0	1	0	0	1	0	0	0	0	0	0	HueSwitch
0	0	0	0	32	0	0	0	8	1	3	0	0	1	0	0	1	0	0	0	0	0	0	HueSwitch
0	0	0	0	49	0	0	0	8	1	3	0	0	1	0	0	1	0	0	0	0	0	0	HueSwitch
0	0	0	0	900	0	0	0	8	1	3	0	0	1	0	0	1	0	0	0	0	0	0	HueSwitch
0	0	0	0	32	0	0	0	8	3	1	0	0	1	0	0	1	0	0	0	0	0	0	HueSwitch
0	0	0	0	32	0	0	0	8	3	1	0	0	1	0	0	1	0	0	0	0	0	0	HueSwitch
0	0	0	0	32	0	0	0	8	3	1	0	0	1	0	0	1	0	0	0	0	0	0	HueSwitch
0	0	0	0	32	0	0	0	8	1	3	0	0	1	0	0	1	0	0	0	0	0	0	HueSwitch
0	0	0	0	40	0	0	0	8	3	1	0	0	1	0	0	1	0	0	0	0	0	0	HueSwitch
0	0	0	0	40	0	0	0	8	1	3	0	0	1	0	0	1	0	0	0	0	0	0	HueSwitch
0	0	0	0	32	0	0	0	8	3	1	0	0	1	0	0	1	0	0	0	0	0	0	HueSwitch
0	0	0	0	233	0	0	0	8	3	1	0	0	1	0	0	1	0	0	0	0	0	0	HueSwitch
0	0	0	0	32	0	0	0	8	1	3	0	0	1	0	0	1	0	0	0	0	0	0	HueSwitch
0	0	0	0	49	0	0	0	8	1	3	0	0	1	0	0	1	0	0	0	0	0	0	HueSwitch
0	0	0	0	900	0	0	0	8	1	3	0	0	1	0	0	1	0	0	0	0	0	0	HueSwitch
0	0	0	0	32	0	0	0	8	3	1	0	0	1	0	0	1	0	0	0	0	0	0	HueSwitch
0	0	0	0	32	0	0	0	8	3	1	0	0	1	0	0	1	0	0	0	0	0	0	HueSwitch
0	0	0	0	32	0	0	0	8	3	1	0	0	1	0	0	1	0	0	0	0	0	0	HueSwitch
0	0	0	0	32	0	0	0	8	1	3	0	0	1	0	0	1	0	0	0	0	0	0	HueSwitch
0	0	0	0	40	0	0	0	8	2	1	0	0	1	0	0	1	0	0	0	0	0	0	HueSwitch
0	0	0	0	40	0	0	0	8	1	2	0	0	1	0	0	1	0	0	0	0	0	0	HueSwitch
0	0	0	0	32	0	0	0	8	2	1	0	0	1	0	0	1	0	0	0	0	0	0	HueSwitch
0	0	0	0	233	0	0	0	8	2	1	0	0	1	0	0	1	0	0	0	0	0	0	HueSwitch
0	0	0	0	32	0	0	0	8	1	2	0	0	1	0	0	1	0	0	0	0	0	0	HueSwitch
0	0	0	0	49	0	0	0	8	1	2	0	0	1	0	0	1	0	0	0	0	0	0	HueSwitch
0	0	0	0	900	0	0	0	8	1	2	0	0	1	0	0	1	0	0	0	0	0	0	HueSwitch
0	0	0	0	900	0	0	0	8	1	2	0	0	1	0	0	1	0	0	0	0	0	0	HueSwitch
0	0	0	0	32	0	0	0	8	2	1	0	0	1	0	0	1	0	0	0	0	0	0	HueSwitch
0	0	0	0	32	0	0	0	8	2	1	0	0	1	0	0	1	0	0	0	0	0	0	HueSwitch
0	0	0	0	44	0	0	0	8	2	1	0	0	1	0	0	1	0	0	0	0	0	0	HueSwitch
0	0	0	0	32	0	0	0	8	2	1	0	0	1	0	0	1	0	0	0	0	0	0	HueSwitch
0	0	0	0	32	0	0	0	8	1	2	0	0	1	0	0	1	0	0	0	0	0	0	HueSwitch
0	0	0	0	40	0	0	0	8	2	1	0	0	1	0	0	1	0	0	0	0	0	0	HueSwitch
0	0	0	0	40	0	0	0	8	1	2	0	0	1	0	0	1	0	0	0	0	0	0	HueSwitch
0	0	0	0	32	0	0	0	8	2	1	0	0	1	0	0	1	0	0	0	0	0	0	HueSwitch
0	0	0	0	233	0	0	0	8	2	1	0	0	1	0	0	1	0	0	0	0	0	0	HueSwitch
0	0	0	0	32	0	0	0	8	1	2	0	0	1	0	0	1	0	0	0	0	0	0	HueSwitch
0	0	0	0	49	0	0	0	8	1	2	0	0	1	0	0	1	0	0	0	0	0	0	HueSwitch
0	0	0	0	900	0	0	0	8	1	2	0	0	1	0	0	1	0	0	0	0	0	0	HueSwitch
0	0	0	0	32	0	0	0	8	2	1	0	0	1	0	0	1	0	0	0	0	0	0	HueSwitch
0	0	0	0	32	0	0	0	8	2	1	0	0	1	0	0	1	0	0	0	0	0	0	HueSwitch
0	0	0	0	32	0	0	0	8	2	1	0	0	1	0	0	1	0	0	0	0	0	0	HueSwitch
0	0	0	0	32	0	0	0	8	1	2	0	0	1	0	0	1	0	0	0	0	0	0	HueSwitch
0	0	0	0	40	0	0	0	8	2	1	0	0	1	0	0	1	0	0	0	0	0	0	HueSwitch
0	0	0	0	40	0	0	0	8	1	2	0	0	1	0	0	1	0	0	0	0	0	0	HueSwitch
0	0	0	0	32	0	0	0	8	2	1	0	0	1	0	0	1	0	0	0	0	0	0	HueSwitch
0	0	0	0	237	0	0	0	8	2	1	0	0	1	0	0	1	0	0	0	0	0	0	HueSwitch
0	0	0	0	32	0	0	0	8	1	2	0	0	1	0	0	1	0	0	0	0	0	0	HueSwitch
0	0	0	0	49	0	0	0	8	1	2	0	0	1	0	0	1	0	0	0	0	0	0	HueSwitch
0	0	0	0	485	0	0	0	8	1	2	0	0	1	0	0	1	0	0	0	0	0	0	HueSwitch
0	0	0	0	32	0	0	0	8	2	1	0	0	1	0	0	1	0	0	0	0	0	0	HueSwitch
0	0	0	0	32	0	0	0	8	2	1	0	0	1	0	0	1	0	0	0	0	0	0	HueSwitch
0	0	0	0	32	0	0	0	8	1	2	0	0	1	0	0	1	0	0	0	0	0	0	HueSwitch
0	0	0	0	40	0	0	0	8	2	1	0	0	1	0	0	1	0	0	0	0	0	0	HueSwitch
0	0	0	0	40	0	0	0	8	1	2	0	0	1	0	0	1	0	0	0	0	0	0	HueSwitch
0	0	0	0	32	0	0	0	8	2	1	0	0	1	0	0	1	0	0	0	0	0	0	HueSwitch
0	0	0	0	233	0	0	0	8	2	1	0	0	1	0	0	1	0	0	0	0	0	0	HueSwitch
0	0	0	0	32	0	0	0	8	1	2	0	0	1	0	0	1	0	0	0	0	0	0	HueSwitch
0	0	0	0	49	0	0	0	8	1	2	0	0	1	0	0	1	0	0	0	0	0	0	HueSwitch
0	0	0	0	900	0	0	0	8	1	2	0	0	1	0	0	1	0	0	0	0	0	0	HueSwitch
0	0	0	0	32	0	0	0	8	2	1	0	0	1	0	0	1	0	0	0	0	0	0	HueSwitch
0	0	0	0	32	0	0	0	8	2	1	0	0	1	0	0	1	0	0	0	0	0	0	HueSwitch
0	0	0	0	32	0	0	0	8	2	1	0	0	1	0	0	1	0	0	0	0	0	0	HueSwitch
0	0	0	0	32	0	0	0	8	1	2	0	0	1	0	0	1	0	0	0	0	0	0	HueSwitch
0	0	0	0	40	0	0	0	8	2	1	0	0	1	0	0	1	0	0	0	0	0	0	HueSwitch
0	0	0	0	40	0	0	0	8	1	2	0	0	1	0	0	1	0	0	0	0	0	0	HueSwitch
0	0	0	0	32	0	0	0	8	2	1	0	0	1	0	0	1	0	0	0	0	0	0	HueSwitch
0	0	0	0	233	0	0	0	8	2	1	0	0	1	0	0	1	0	0	0	0	0	0	HueSwitch
0	0	0	0	32	0	0	0	8	1	2	0	0	1	0	0	1	0	0	0	0	0	0	HueSwitch
0	0	0	0	49	0	0	0	8	1	2	0	0	1	0	0	1	0	0	0	0	0	0	HueSwitch
0	0	0	0	900	0	0	0	8	1	2	0	0	1	0	0	1	0	0	0	0	0	0	HueSwitch
0	0	0	0	32	0	0	0	8	2	1	0	0	1	0	0	1	0	0	0	0	0	0	HueSwitch
0	0	0	0	32	0	0	0	8	2	1	0	0	1	0	0	1	0	0	0	0	0	0	HueSwitch
0	0	0	0	32	0	0	0	8	2	1	0	0	1	0	0	1	0	0	0	0	0	0	HueSwitch
0	0	0	0	32	0	0	0	8	1	2	0	0	1	0	0	1	0	0	0	0	0	0	HueSwitch
0	0	0	0	40	0	0	0	8	2	1	0	0	1	0	0	1	0	0	0	0	0	0	HueSwitch
0	0	0	0	40	0	0	0	8	1	2	0	0	1	0	0	1	0	0	0	0	0	0	HueSwitch
0	0	0	0	32	0	0	0	8	2	1	0	0	1	0	0	1	0	0	0	0	0	0	HueSwitch
0	0	0	0	233	0	0	0	8	2	1	0	0	1	0	0	1	0	0	0	0	0	0	HueSwitch
0	0	0	0	32	0	0	0	8	1	2	0	0	1	0	0	1	0	0	0	0	0	0	HueSwitch
0	0	0	0	49	0	0	0	8	1	2	0	0	1	0	0	1	0	0	0	0	0	0	HueSwitch
0	0	0	0	900	0	0	0	8	1	2	0	0	1	0	0	1	0	0	0	0	0	0	HueSwitch
0	0	0	0	32	0	0	0	8	2	1	0	0	1	0	0	1	0	0	0	0	0	0	HueSwitch
0	0	0	0	32	0	0	0	8	2	1	0	0	1	0	0	1	0	0	0	0	0	0	HueSwitch
0	0	0	0	32	0	0	0	8	2	1	0	0	1	0	0	1	0	0	0	0	0	0	HueSwitch
0	0	0	0	32	0	0	0	8	1	2	0	0	1	0	0	1	0	0	0	0	0	0	HueSwitch
0	0	0	0	40	0	0	0	8	3	1	0	0	1	0	0	1	0	0	0	0	0	0	HueSwitch
0	0	0	0	40	0	0	0	8	1	3	0	0	1	0	0	1	0	0	0	0	0	0	HueSwitch
0	0	0	0	32	0	0	0	8	3	1	0	0	1	0	0	1	0	0	0	0	0	0	HueSwitch
0	0	0	0	225	0	0	0	8	3	1	0	0	1	0	0	1	0	0	0	0	0	0	HueSwitch
0	0	0	0	32	0	0	0	8	1	3	0	0	1	0	0	1	0	0	0	0	0	0	HueSwitch
0	0	0	0	49	0	0	0	8	1	3	0	0	1	0	0	1	0	0	0	0	0	0	HueSwitch
0	0	0	0	32	0	0	0	8	3	1	0	0	1	0	0	1	0	0	0	0	0	0	HueSwitch
0	0	0	0	896	0	0	0	8	1	3	0	0	1	0	0	1	0	0	0	0	0	0	HueSwitch
0	0	0	0	32	0	0	0	8	3	1	0	0	1	0	0	1	0	0	0	0	0	0	HueSwitch
0	0	0	0	1209	0	0	0	8	1	3	0	0	1	0	0	1	0	0	0	0	0	0	HueSwitch
0	0	0	0	1480	0	0	0	8	1	3	0	0	1	0	0	1	0	0	0	0	0	0	HueSwitch
0	0	0	0	32	0	0	0	8	3	1	0	0	1	0	0	1	0	0	0	0	0	0	HueSwitch
0	0	0	0	1046	0	0	0	8	1	3	0	0	1	0	0	1	0	0	0	0	0	0	HueSwitch
0	0	0	0	75	0	0	0	8	1	3	0	0	1	0	0	1	0	0	0	0	0	0	HueSwitch
0	0	0	0	32	0	0	0	8	3	1	0	0	1	0	0	1	0	0	0	0	0	0	HueSwitch
0	0	0	0	32	0	0	0	8	3	1	0	0	1	0	0	1	0	0	0	0	0	0	HueSwitch
0	0	0	0	32	0	0	0	8	3	1	0	0	1	0	0	1	0	0	0	0	0	0	HueSwitch
0	0	0	0	32	0	0	0	8	1	3	0	0	1	0	0	1	0	0	0	0	0	0	HueSwitch
0	0	0	0	40	0	0	0	8	2	1	0	0	1	0	0	1	0	0	0	0	0	0	HueSwitch
0	0	0	0	40	0	0	0	8	1	2	0	0	1	0	0	1	0	0	0	0	0	0	HueSwitch
0	0	0	0	32	0	0	0	8	2	1	0	0	1	0	0	1	0	0	0	0	0	0	HueSwitch
0	0	0	0	233	0	0	0	8	2	1	0	0	1	0	0	1	0	0	0	0	0	0	HueSwitch
0	0	0	0	32	0	0	0	8	1	2	0	0	1	0	0	1	0	0	0	0	0	0	HueSwitch
0	0	0	0	49	0	0	0	8	1	2	0	0	1	0	0	1	0	0	0	0	0	0	HueSwitch
0	0	0	0	32	0	0	0	8	2	1	0	0	1	0	0	1	0	0	0	0	0	0	HueSwitch
0	0	0	0	900	0	0	0	8	1	2	0	0	1	0	0	1	0	0	0	0	0	0	HueSwitch
0	0	0	0	32	0	0	0	8	2	1	0	0	1	0	0	1	0	0	0	0	0	0	HueSwitch
0	0	0	0	32	0	0	0	8	2	1	0	0	1	0	0	1	0	0	0	0	0	0	HueSwitch
0	0	0	0	32	0	0	0	8	1	2	0	0	1	0	0	1	0	0	0	0	0	0	HueSwitch
0	0	0	0	40	0	0	0	8	2	1	0	0	1	0	0	1	0	0	0	0	0	0	HueSwitch
0	0	0	0	40	0	0	0	8	1	2	0	0	1	0	0	1	0	0	0	0	0	0	HueSwitch
0	0	0	0	32	0	0	0	8	2	1	0	0	1	0	0	1	0	0	0	0	0	0	HueSwitch
0	0	0	0	237	0	0	0	8	2	1	0	0	1	0	0	1	0	0	0	0	0	0	HueSwitch
0	0	0	0	32	0	0	0	8	1	2	0	0	1	0	0	1	0	0	0	0	0	0	HueSwitch
0	0	0	0	49	0	0	0	8	1	2	0	0	1	0	0	1	0	0	0	0	0	0	HueSwitch
0	0	0	0	485	0	0	0	8	1	2	0	0	1	0	0	1	0	0	0	0	0	0	HueSwitch
0	0	0	0	32	0	0	0	8	2	1	0	0	1	0	0	1	0	0	0	0	0	0	HueSwitch
0	0	0	0	32	0	0	0	8	2	1	0	0	1	0	0	1	0	0	0	0	0	0	HueSwitch
0	0	0	0	32	0	0	0	8	1	2	0	0	1	0	0	1	0	0	0	0	0	0	HueSwitch
0	0	0	0	40	0	0	0	8	2	1	0	0	1	0	0	1	0	0	0	0	0	0	HueSwitch
0	0	0	0	40	0	0	0	8	1	2	0	0	1	0	0	1	0	0	0	0	0	0	HueSwitch
0	0	0	0	32	0	0	0	8	2	1	0	0	1	0	0	1	0	0	0	0	0	0	HueSwitch
0	0	0	0	233	0	0	0	8	2	1	0	0	1	0	0	1	0	0	0	0	0	0	HueSwitch
0	0	0	0	32	0	0	0	8	1	2	0	0	1	0	0	1	0	0	0	0	0	0	HueSwitch
0	0	0	0	49	0	0	0	8	1	2	0	0	1	0	0	1	0	0	0	0	0	0	HueSwitch
0	0	0	0	900	0	0	0	8	1	2	0	0	1	0	0	1	0	0	0	0	0	0	HueSwitch
0	0	0	0	32	0	0	0	8	2	1	0	0	1	0	0	1	0	0	0	0	0	0	HueSwitch
0	0	0	0	32	0	0	0	8	2	1	0	0	1	0	0	1	0	0	0	0	0	0	HueSwitch
0	0	0	0	32	0	0	0	8	2	1	0	0	1	0	0	1	0	0	0	0	0	0	HueSwitch
0	0	0	0	32	0	0	0	8	1	2	0	0	1	0	0	1	0	0	0	0	0	0	HueSwitch
0	0	0	0	40	0	0	0	8	2	1	0	0	1	0	0	1	0	0	0	0	0	0	HueSwitch
0	0	0	0	40	0	0	0	8	1	2	0	0	1	0	0	1	0	0	0	0	0	0	HueSwitch
0	0	0	0	32	0	0	0	8	2	1	0	0	1	0	0	1	0	0	0	0	0	0	HueSwitch
0	0	0	0	233	0	0	0	8	2	1	0	0	1	0	0	1	0	0	0	0	0	0	HueSwitch
0	0	0	0	32	0	0	0	8	1	2	0	0	1	0	0	1	0	0	0	0	0	0	HueSwitch
0	0	0	0	49	0	0	0	8	1	2	0	0	1	0	0	1	0	0	0	0	0	0	HueSwitch
0	0	0	0	900	0	0	0	8	1	2	0	0	1	0	0	1	0	0	0	0	0	0	HueSwitch
0	0	0	0	32	0	0	0	8	2	1	0	0	1	0	0	1	0	0	0	0	0	0	HueSwitch
0	0	0	0	32	0	0	0	8	2	1	0	0	1	0	0	1	0	0	0	0	0	0	HueSwitch
0	0	0	0	32	0	0	0	8	2	1	0	0	1	0	0	1	0	0	0	0	0	0	HueSwitch
0	0	0	0	32	0	0	0	8	1	2	0	0	1	0	0	1	0	0	0	0	0	0	HueSwitch
0	0	0	0	40	0	0	0	8	2	1	0	0	1	0	0	1	0	0	0	0	0	0	HueSwitch
0	0	0	0	40	0	0	0	8	1	2	0	0	1	0	0	1	0	0	0	0	0	0	HueSwitch
0	0	0	0	32	0	0	0	8	2	1	0	0	1	0	0	1	0	0	0	0	0	0	HueSwitch
0	0	0	0	233	0	0	0	8	2	1	0	0	1	0	0	1	0	0	0	0	0	0	HueSwitch
0	0	0	0	32	0	0	0	8	1	2	0	0	1	0	0	1	0	0	0	0	0	0	HueSwitch
0	0	0	0	49	0	0	0	8	1	2	0	0	1	0	0	1	0	0	0	0	0	0	HueSwitch
0	0	0	0	900	0	0	0	8	1	2	0	0	1	0	0	1	0	0	0	0	0	0	HueSwitch
0	0	0	0	32	0	0	0	8	2	1	0	0	1	0	0	1	0	0	0	0	0	0	HueSwitch
0	0	0	0	32	0	0	0	8	2	1	0	0	1	0	0	1	0	0	0	0	0	0	HueSwitch
0	0	0	0	32	0	0	0	8	2	1	0	0	1	0	0	1	0	0	0	0	0	0	HueSwitch
0	0	0	0	32	0	0	0	8	1	2	0	0	1	0	0	1	0	0	0	0	0	0	HueSwitch
0	0	0	0	40	0	0	0	8	3	1	0	0	1	0	0	1	0	0	0	0	0	0	HueSwitch
0	0	0	0	40	0	0	0	8	1	3	0	0	1	0	0	1	0	0	0	0	0	0	HueSwitch
0	0	0	0	32	0	0	0	8	3	1	0	0	1	0	0	1	0	0	0	0	0	0	HueSwitch
0	0	0	0	233	0	0	0	8	3	1	0	0	1	0	0	1	0	0	0	0	0	0	HueSwitch
0	0	0	0	32	0	0	0	8	1	3	0	0	1	0	0	1	0	0	0	0	0	0	HueSwitch
0	0	0	0	49	0	0	0	8	1	3	0	0	1	0	0	1	0	0	0	0	0	0	HueSwitch
0	0	0	0	900	0	0	0	8	1	3	0	0	1	0	0	1	0	0	0	0	0	0	HueSwitch
0	0	0	0	32	0	0	0	8	3	1	0	0	1	0	0	1	0	0	0	0	0	0	HueSwitch
0	0	0	0	32	0	0	0	8	3	1	0	0	1	0	0	1	0	0	0	0	0	0	HueSwitch
0	0	0	0	32	0	0	0	8	3	1	0	0	1	0	0	1	0	0	0	0	0	0	HueSwitch
0	0	0	0	32	0	0	0	8	1	3	0	0	1	0	0	1	0	0	0	0	0	0	HueSwitch
0	0	0	0	40	0	0	0	8	3	1	0	0	1	0	0	1	0	0	0	0	0	0	HueSwitch
0	0	0	0	40	0	0	0	8	1	3	0	0	1	0	0	1	0	0	0	0	0	0	HueSwitch
0	0	0	0	32	0	0	0	8	3	1	0	0	1	0	0	1	0	0	0	0	0	0	HueSwitch
0	0	0	0	237	0	0	0	8	3	1	0	0	1	0	0	1	0	0	0	0	0	0	HueSwitch
0	0	0	0	32	0	0	0	8	1	3	0	0	1	0	0	1	0	0	0	0	0	0	HueSwitch
0	0	0	0	49	0	0	0	8	1	3	0	0	1	0	0	1	0	0	0	0	0	0	HueSwitch
0	0	0	0	485	0	0	0	8	1	3	0	0	1	0	0	1	0	0	0	0	0	0	HueSwitch
0	0	0	0	485	0	0	0	8	1	3	0	0	1	0	0	1	0	0	0	0	0	0	HueSwitch
0	0	0	0	32	0	0	0	8	3	1	0	0	1	0	0	1	0	0	0	0	0	0	HueSwitch
0	0	0	0	44	0	0	0	8	3	1	0	0	1	0	0	1	0	0	0	0	0	0	HueSwitch
0	0	0	0	32	0	0	0	8	3	1	0	0	1	0	0	1	0	0	0	0	0	0	HueSwitch
0	0	0	0	32	0	0	0	8	1	3	0	0	1	0	0	1	0	0	0	0	0	0	HueSwitch
0	0	0	0	40	0	0	0	8	3	1	0	0	1	0	0	1	0	0	0	0	0	0	HueSwitch
0	0	0	0	40	0	0	0	8	1	3	0	0	1	0	0	1	0	0	0	0	0	0	HueSwitch
0	0	0	0	32	0	0	0	8	3	1	0	0	1	0	0	1	0	0	0	0	0	0	HueSwitch
0	0	0	0	233	0	0	0	8	3	1	0	0	1	0	0	1	0	0	0	0	0	0	HueSwitch
0	0	0	0	32	0	0	0	8	1	3	0	0	1	0	0	1	0	0	0	0	0	0	HueSwitch
0	0	0	0	49	0	0	0	8	1	3	0	0	1	0	0	1	0	0	0	0	0	0	HueSwitch
0	0	0	0	900	0	0	0	8	1	3	0	0	1	0	0	1	0	0	0	0	0	0	HueSwitch
0	0	0	0	32	0	0	0	8	3	1	0	0	1	0	0	1	0	0	0	0	0	0	HueSwitch
0	0	0	0	32	0	0	0	8	3	1	0	0	1	0	0	1	0	0	0	0	0	0	HueSwitch
0	0	0	0	32	0	0	0	8	3	1	0	0	1	0	0	1	0	0	0	0	0	0	HueSwitch
0	0	0	0	32	0	0	0	8	1	3	0	0	1	0	0	1	0	0	0	0	0	0	HueSwitch
0	0	0	0	40	0	0	0	8	3	1	0	0	1	0	0	1	0	0	0	0	0	0	HueSwitch
0	0	0	0	40	0	0	0	8	1	3	0	0	1	0	0	1	0	0	0	0	0	0	HueSwitch
0	0	0	0	32	0	0	0	8	3	1	0	0	1	0	0	1	0	0	0	0	0	0	HueSwitch
0	0	0	0	233	0	0	0	8	3	1	0	0	1	0	0	1	0	0	0	0	0	0	HueSwitch
0	0	0	0	32	0	0	0	8	1	3	0	0	1	0	0	1	0	0	0	0	0	0	HueSwitch
0	0	0	0	49	0	0	0	8	1	3	0	0	1	0	0	1	0	0	0	0	0	0	HueSwitch
0	0	0	0	900	0	0	0	8	1	3	0	0	1	0	0	1	0	0	0	0	0	0	HueSwitch
0	0	0	0	32	0	0	0	8	3	1	0	0	1	0	0	1	0	0	0	0	0	0	HueSwitch
0	0	0	0	32	0	0	0	8	3	1	0	0	1	0	0	1	0	0	0	0	0	0	HueSwitch
0	0	0	0	32	0	0	0	8	3	1	0	0	1	0	0	1	0	0	0	0	0	0	HueSwitch
0	0	0	0	32	0	0	0	8	1	3	0	0	1	0	0	1	0	0	0	0	0	0	HueSwitch
0	0	0	0	40	0	0	0	8	3	1	0	0	1	0	0	1	0	0	0	0	0	0	HueSwitch
0	0	0	0	40	0	0	0	8	1	3	0	0	1	0	0	1	0	0	0	0	0	0	HueSwitch
0	0	0	0	32	0	0	0	8	3	1	0	0	1	0	0	1	0	0	0	0	0	0	HueSwitch
0	0	0	0	233	0	0	0	8	3	1	0	0	1	0	0	1	0	0	0	0	0	0	HueSwitch
0	0	0	0	32	0	0	0	8	1	3	0	0	1	0	0	1	0	0	0	0	0	0	HueSwitch
0	0	0	0	49	0	0	0	8	1	3	0	0	1	0	0	1	0	0	0	0	0	0	HueSwitch
0	0	0	0	900	0	0	0	8	1	3	0	0	1	0	0	1	0	0	0	0	0	0	HueSwitch
0	0	0	0	32	0	0	0	8	3	1	0	0	1	0	0	1	0	0	0	0	0	0	HueSwitch
0	0	0	0	32	0	0	0	8	3	1	0	0	1	0	0	1	0	0	0	0	0	0	HueSwitch
0	0	0	0	32	0	0	0	8	3	1	0	0	1	0	0	1	0	0	0	0	0	0	HueSwitch
0	0	0	0	32	0	0	0	8	1	3	0	0	1	0	0	1	0	0	0	0	0	0	HueSwitch
0	0	0	0	40	0	0	0	8	3	1	0	0	1	0	0	1	0	0	0	0	0	0	HueSwitch
0	0	0	0	40	0	0	0	8	1	3	0	0	1	0	0	1	0	0	0	0	0	0	HueSwitch
0	0	0	0	32	0	0	0	8	3	1	0	0	1	0	0	1	0	0	0	0	0	0	HueSwitch
0	0	0	0	233	0	0	0	8	3	1	0	0	1	0	0	1	0	0	0	0	0	0	HueSwitch
0	0	0	0	32	0	0	0	8	1	3	0	0	1	0	0	1	0	0	0	0	0	0	HueSwitch
0	0	0	0	49	0	0	0	8	1	3	0	0	1	0	0	1	0	0	0	0	0	0	HueSwitch
0	0	0	0	900	0	0	0	8	1	3	0	0	1	0	0	1	0	0	0	0	0	0	HueSwitch
0	0	0	0	32	0	0	0	8	3	1	0	0	1	0	0	1	0	0	0	0	0	0	HueSwitch
0	0	0	0	32	0	0	0	8	3	1	0	0	1	0	0	1	0	0	0	0	0	0	HueSwitch
0	0	0	0	32	0	0	0	8	3	1	0	0	1	0	0	1	0	0	0	0	0	0	HueSwitch
0	0	0	0	32	0	0	0	8	1	3	0	0	1	0	0	1	0	0	0	0	0	0	HueSwitch
0	0	0	0	40	0	0	0	8	3	1	0	0	1	0	0	1	0	0	0	0	0	0	HueSwitch
0	0	0	0	40	0	0	0	8	1	3	0	0	1	0	0	1	0	0	0	0	0	0	HueSwitch
0	0	0	0	32	0	0	0	8	3	1	0	0	1	0	0	1	0	0	0	0	0	0	HueSwitch
0	0	0	0	237	0	0	0	8	3	1	0	0	1	0	0	1	0	0	0	0	0	0	HueSwitch
0	0	0	0	32	0	0	0	8	1	3	0	0	1	0	0	1	0	0	0	0	0	0	HueSwitch
0	0	0	0	49	0	0	0	8	1	3	0	0	1	0	0	1	0	0	0	0	0	0	HueSwitch
0	0	0	0	485	0	0	0	8	1	3	0	0	1	0	0	1	0	0	0	0	0	0	HueSwitch
0	0	0	0	32	0	0	0	8	3	1	0	0	1	0	0	1	0	0	0	0	0	0	HueSwitch
0	0	0	0	32	0	0	0	8	3	1	0	0	1	0	0	1	0	0	0	0	0	0	HueSwitch
0	0	0	0	32	0	0	0	8	1	3	0	0	1	0	0	1	0	0	0	0	0	0	HueSwitch
0	0	0	0	40	0	0	0	8	2	1	0	0	1	0	0	1	0	0	0	0	0	0	HueSwitch
0	0	0	0	40	0	0	0	8	1	2	0	0	1	0	0	1	0	0	0	0	0	0	HueSwitch
0	0	0	0	32	0	0	0	8	2	1	0	0	1	0	0	1	0	0	0	0	0	0	HueSwitch
0	0	0	0	233	0	0	0	8	2	1	0	0	1	0	0	1	0	0	0	0	0	0	HueSwitch
0	0	0	0	32	0	0	0	8	1	2	0	0	1	0	0	1	0	0	0	0	0	0	HueSwitch
0	0	0	0	49	0	0	0	8	1	2	0	0	1	0	0	1	0	0	0	0	0	0	HueSwitch
0	0	0	0	900	0	0	0	8	1	2	0	0	1	0	0	1	0	0	0	0	0	0	HueSwitch
0	0	0	0	32	0	0	0	8	2	1	0	0	1	0	0	1	0	0	0	0	0	0	HueSwitch
0	0	0	0	32	0	0	0	8	2	1	0	0	1	0	0	1	0	0	0	0	0	0	HueSwitch
0	0	0	0	32	0	0	0	8	2	1	0	0	1	0	0	1	0	0	0	0	0	0	HueSwitch
0	0	0	0	32	0	0	0	8	1	2	0	0	1	0	0	1	0	0	0	0	0	0	HueSwitch
0	0	0	0	40	0	0	0	8	2	1	0	0	1	0	0	1	0	0	0	0	0	0	HueSwitch
0	0	0	0	40	0	0	0	8	1	2	0	0	1	0	0	1	0	0	0	0	0	0	HueSwitch
0	0	0	0	32	0	0	0	8	2	1	0	0	1	0	0	1	0	0	0	0	0	0	HueSwitch
0	0	0	0	233	0	0	0	8	2	1	0	0	1	0	0	1	0	0	0	0	0	0	HueSwitch
0	0	0	0	32	0	0	0	8	1	2	0	0	1	0	0	1	0	0	0	0	0	0	HueSwitch
0	0	0	0	49	0	0	0	8	1	2	0	0	1	0	0	1	0	0	0	0	0	0	HueSwitch
0	0	0	0	900	0	0	0	8	1	2	0	0	1	0	0	1	0	0	0	0	0	0	HueSwitch
0	0	0	0	32	0	0	0	8	2	1	0	0	1	0	0	1	0	0	0	0	0	0	HueSwitch
0	0	0	0	32	0	0	0	8	2	1	0	0	1	0	0	1	0	0	0	0	0	0	HueSwitch
0	0	0	0	32	0	0	0	8	2	1	0	0	1	0	0	1	0	0	0	0	0	0	HueSwitch
0	0	0	0	32	0	0	0	8	1	2	0	0	1	0	0	1	0	0	0	0	0	0	HueSwitch
0	0	0	0	40	0	0	0	8	3	1	0	0	1	0	0	1	0	0	0	0	0	0	HueSwitch
0	0	0	0	40	0	0	0	8	1	3	0	0	1	0	0	1	0	0	0	0	0	0	HueSwitch
0	0	0	0	32	0	0	0	8	3	1	0	0	1	0	0	1	0	0	0	0	0	0	HueSwitch
0	0	0	0	233	0	0	0	8	3	1	0	0	1	0	0	1	0	0	0	0	0	0	HueSwitch
0	0	0	0	32	0	0	0	8	1	3	0	0	1	0	0	1	0	0	0	0	0	0	HueSwitch
0	0	0	0	49	0	0	0	8	1	3	0	0	1	0	0	1	0	0	0	0	0	0	HueSwitch
0	0	0	0	900	0	0	0	8	1	3	0	0	1	0	0	1	0	0	0	0	0	0	HueSwitch
0	0	0	0	32	0	0	0	8	3	1	0	0	1	0	0	1	0	0	0	0	0	0	HueSwitch
0	0	0	0	32	0	0	0	8	3	1	0	0	1	0	0	1	0	0	0	0	0	0	HueSwitch
0	0	0	0	32	0	0	0	8	3	1	0	0	1	0	0	1	0	0	0	0	0	0	HueSwitch
0	0	0	0	32	0	0	0	8	1	3	0	0	1	0	0	1	0	0	0	0	0	0	HueSwitch
0	0	0	0	40	0	0	0	8	3	1	0	0	1	0	0	1	0	0	0	0	0	0	HueSwitch
0	0	0	0	40	0	0	0	8	1	3	0	0	1	0	0	1	0	0	0	0	0	0	HueSwitch
0	0	0	0	32	0	0	0	8	3	1	0	0	1	0	0	1	0	0	0	0	0	0	HueSwitch
0	0	0	0	233	0	0	0	8	3	1	0	0	1	0	0	1	0	0	0	0	0	0	HueSwitch
0	0	0	0	32	0	0	0	8	1	3	0	0	1	0	0	1	0	0	0	0	0	0	HueSwitch
0	0	0	0	49	0	0	0	8	1	3	0	0	1	0	0	1	0	0	0	0	0	0	HueSwitch
0	0	0	0	900	0	0	0	8	1	3	0	0	1	0	0	1	0	0	0	0	0	0	HueSwitch
0	0	0	0	32	0	0	0	8	3	1	0	0	1	0	0	1	0	0	0	0	0	0	HueSwitch
0	0	0	0	32	0	0	0	8	3	1	0	0	1	0	0	1	0	0	0	0	0	0	HueSwitch
0	0	0	0	32	0	0	0	8	3	1	0	0	1	0	0	1	0	0	0	0	0	0	HueSwitch
0	0	0	0	32	0	0	0	8	1	3	0	0	1	0	0	1	0	0	0	0	0	0	HueSwitch
0	0	0	0	40	0	0	0	8	2	1	0	0	1	0	0	1	0	0	0	0	0	0	HueSwitch
0	0	0	0	40	0	0	0	8	1	2	0	0	1	0	0	1	0	0	0	0	0	0	HueSwitch
0	0	0	0	32	0	0	0	8	2	1	0	0	1	0	0	1	0	0	0	0	0	0	HueSwitch
0	0	0	0	237	0	0	0	8	2	1	0	0	1	0	0	1	0	0	0	0	0	0	HueSwitch
0	0	0	0	32	0	0	0	8	1	2	0	0	1	0	0	1	0	0	0	0	0	0	HueSwitch
0	0	0	0	49	0	0	0	8	1	2	0	0	1	0	0	1	0	0	0	0	0	0	HueSwitch
0	0	0	0	498	0	0	0	8	1	2	0	0	1	0	0	1	0	0	0	0	0	0	HueSwitch
0	0	0	0	32	0	0	0	8	2	1	0	0	1	0	0	1	0	0	0	0	0	0	HueSwitch
0	0	0	0	32	0	0	0	8	2	1	0	0	1	0	0	1	0	0	0	0	0	0	HueSwitch
0	0	0	0	32	0	0	0	8	1	2	0	0	1	0	0	1	0	0	0	0	0	0	HueSwitch
0	0	0	0	40	0	0	0	8	2	1	0	0	1	0	0	1	0	0	0	0	0	0	HueSwitch
0	0	0	0	40	0	0	0	8	1	2	0	0	1	0	0	1	0	0	0	0	0	0	HueSwitch
0	0	0	0	32	0	0	0	8	2	1	0	0	1	0	0	1	0	0	0	0	0	0	HueSwitch
0	0	0	0	233	0	0	0	8	2	1	0	0	1	0	0	1	0	0	0	0	0	0	HueSwitch
0	0	0	0	32	0	0	0	8	1	2	0	0	1	0	0	1	0	0	0	0	0	0	HueSwitch
0	0	0	0	49	0	0	0	8	1	2	0	0	1	0	0	1	0	0	0	0	0	0	HueSwitch
0	0	0	0	900	0	0	0	8	1	2	0	0	1	0	0	1	0	0	0	0	0	0	HueSwitch
0	0	0	0	32	0	0	0	8	2	1	0	0	1	0	0	1	0	0	0	0	0	0	HueSwitch
0	0	0	0	32	0	0	0	8	2	1	0	0	1	0	0	1	0	0	0	0	0	0	HueSwitch
0	0	0	0	32	0	0	0	8	2	1	0	0	1	0	0	1	0	0	0	0	0	0	HueSwitch
0	0	0	0	32	0	0	0	8	1	2	0	0	1	0	0	1	0	0	0	0	0	0	HueSwitch
0	0	0	0	40	0	0	0	8	3	1	0	0	1	0	0	1	0	0	0	0	0	0	HueSwitch
0	0	0	0	40	0	0	0	8	1	3	0	0	1	0	0	1	0	0	0	0	0	0	HueSwitch
0	0	0	0	32	0	0	0	8	3	1	0	0	1	0	0	1	0	0	0	0	0	0	HueSwitch
0	0	0	0	233	0	0	0	8	3	1	0	0	1	0	0	1	0	0	0	0	0	0	HueSwitch
0	0	0	0	32	0	0	0	8	1	3	0	0	1	0	0	1	0	0	0	0	0	0	HueSwitch
0	0	0	0	49	0	0	0	8	1	3	0	0	1	0	0	1	0	0	0	0	0	0	HueSwitch
0	0	0	0	900	0	0	0	8	1	3	0	0	1	0	0	1	0	0	0	0	0	0	HueSwitch
0	0	0	0	32	0	0	0	8	3	1	0	0	1	0	0	1	0	0	0	0	0	0	HueSwitch
0	0	0	0	32	0	0	0	8	3	1	0	0	1	0	0	1	0	0	0	0	0	0	HueSwitch
0	0	0	0	32	0	0	0	8	3	1	0	0	1	0	0	1	0	0	0	0	0	0	HueSwitch
0	0	0	0	32	0	0	0	8	1	3	0	0	1	0	0	1	0	0	0	0	0	0	HueSwitch
0	0	0	0	40	0	0	0	8	3	1	0	0	1	0	0	1	0	0	0	0	0	0	HueSwitch
0	0	0	0	40	0	0	0	8	1	3	0	0	1	0	0	1	0	0	0	0	0	0	HueSwitch
0	0	0	0	32	0	0	0	8	3	1	0	0	1	0	0	1	0	0	0	0	0	0	HueSwitch
0	0	0	0	233	0	0	0	8	3	1	0	0	1	0	0	1	0	0	0	0	0	0	HueSwitch
0	0	0	0	32	0	0	0	8	1	3	0	0	1	0	0	1	0	0	0	0	0	0	HueSwitch
0	0	0	0	49	0	0	0	8	1	3	0	0	1	0	0	1	0	0	0	0	0	0	HueSwitch
0	0	0	0	900	0	0	0	8	1	3	0	0	1	0	0	1	0	0	0	0	0	0	HueSwitch
0	0	0	0	32	0	0	0	8	3	1	0	0	1	0	0	1	0	0	0	0	0	0	HueSwitch
0	0	0	0	900	0	0	0	8	1	3	0	0	1	0	0	1	0	0	0	0	0	0	HueSwitch
0	0	0	0	32	0	0	0	8	3	1	0	0	1	0	0	1	0	0	0	0	0	0	HueSwitch
0	0	0	0	44	0	0	0	8	3	1	0	0	1	0	0	1	0	0	0	0	0	0	HueSwitch
0	0	0	0	32	0	0	0	8	3	1	0	0	1	0	0	1	0	0	0	0	0	0	HueSwitch
0	0	0	0	32	0	0	0	8	1	3	0	0	1	0	0	1	0	0	0	0	0	0	HueSwitch
0	0	0	0	40	0	0	0	8	3	1	0	0	1	0	0	1	0	0	0	0	0	0	HueSwitch
0	0	0	0	40	0	0	0	8	1	3	0	0	1	0	0	1	0	0	0	0	0	0	HueSwitch
0	0	0	0	32	0	0	0	8	3	1	0	0	1	0	0	1	0	0	0	0	0	0	HueSwitch
0	0	0	0	233	0	0	0	8	3	1	0	0	1	0	0	1	0	0	0	0	0	0	HueSwitch
0	0	0	0	32	0	0	0	8	1	3	0	0	1	0	0	1	0	0	0	0	0	0	HueSwitch
0	0	0	0	49	0	0	0	8	1	3	0	0	1	0	0	1	0	0	0	0	0	0	HueSwitch
0	0	0	0	900	0	0	0	8	1	3	0	0	1	0	0	1	0	0	0	0	0	0	HueSwitch
0	0	0	0	32	0	0	0	8	3	1	0	0	1	0	0	1	0	0	0	0	0	0	HueSwitch
0	0	0	0	32	0	0	0	8	3	1	0	0	1	0	0	1	0	0	0	0	0	0	HueSwitch
0	0	0	0	32	0	0	0	8	3	1	0	0	1	0	0	1	0	0	0	0	0	0	HueSwitch
0	0	0	0	32	0	0	0	8	1	3	0	0	1	0	0	1	0	0	0	0	0	0	HueSwitch
0	0	0	0	40	0	0	0	8	2	1	0	0	1	0	0	1	0	0	0	0	0	0	HueSwitch
0	0	0	0	40	0	0	0	8	1	2	0	0	1	0	0	1	0	0	0	0	0	0	HueSwitch
0	0	0	0	32	0	0	0	8	2	1	0	0	1	0	0	1	0	0	0	0	0	0	HueSwitch
0	0	0	0	233	0	0	0	8	2	1	0	0	1	0	0	1	0	0	0	0	0	0	HueSwitch
0	0	0	0	32	0	0	0	8	1	2	0	0	1	0	0	1	0	0	0	0	0	0	HueSwitch
0	0	0	0	49	0	0	0	8	1	2	0	0	1	0	0	1	0	0	0	0	0	0	HueSwitch
0	0	0	0	900	0	0	0	8	1	2	0	0	1	0	0	1	0	0	0	0	0	0	HueSwitch
0	0	0	0	32	0	0	0	8	2	1	0	0	1	0	0	1	0	0	0	0	0	0	HueSwitch
0	0	0	0	32	0	0	0	8	2	1	0	0	1	0	0	1	0	0	0	0	0	0	HueSwitch
0	0	0	0	32	0	0	0	8	2	1	0	0	1	0	0	1	0	0	0	0	0	0	HueSwitch
0	0	0	0	32	0	0	0	8	1	2	0	0	1	0	0	1	0	0	0	0	0	0	HueSwitch
0	0	0	0	40	0	0	0	8	2	1	0	0	1	0	0	1	0	0	0	0	0	0	HueSwitch
0	0	0	0	40	0	0	0	8	1	2	0	0	1	0	0	1	0	0	0	0	0	0	HueSwitch
0	0	0	0	32	0	0	0	8	2	1	0	0	1	0	0	1	0	0	0	0	0	0	HueSwitch
0	0	0	0	233	0	0	0	8	2	1	0	0	1	0	0	1	0	0	0	0	0	0	HueSwitch
0	0	0	0	32	0	0	0	8	1	2	0	0	1	0	0	1	0	0	0	0	0	0	HueSwitch
0	0	0	0	49	0	0	0	8	1	2	0	0	1	0	0	1	0	0	0	0	0	0	HueSwitch
0	0	0	0	900	0	0	0	8	1	2	0	0	1	0	0	1	0	0	0	0	0	0	HueSwitch
0	0	0	0	32	0	0	0	8	2	1	0	0	1	0	0	1	0	0	0	0	0	0	HueSwitch
0	0	0	0	32	0	0	0	8	2	1	0	0	1	0	0	1	0	0	0	0	0	0	HueSwitch
0	0	0	0	32	0	0	0	8	2	1	0	0	1	0	0	1	0	0	0	0	0	0	HueSwitch
0	0	0	0	32	0	0	0	8	1	2	0	0	1	0	0	1	0	0	0	0	0	0	HueSwitch
0	0	0	0	40	0	0	0	8	2	1	0	0	1	0	0	1	0	0	0	0	0	0	HueSwitch
0	0	0	0	40	0	0	0	8	1	2	0	0	1	0	0	1	0	0	0	0	0	0	HueSwitch
0	0	0	0	32	0	0	0	8	2	1	0	0	1	0	0	1	0	0	0	0	0	0	HueSwitch
0	0	0	0	233	0	0	0	8	2	1	0	0	1	0	0	1	0	0	0	0	0	0	HueSwitch
0	0	0	0	32	0	0	0	8	1	2	0	0	1	0	0	1	0	0	0	0	0	0	HueSwitch
0	0	0	0	49	0	0	0	8	1	2	0	0	1	0	0	1	0	0	0	0	0	0	HueSwitch
0	0	0	0	900	0	0	0	8	1	2	0	0	1	0	0	1	0	0	0	0	0	0	HueSwitch
0	0	0	0	32	0	0	0	8	2	1	0	0	1	0	0	1	0	0	0	0	0	0	HueSwitch
0	0	0	0	32	0	0	0	8	2	1	0	0	1	0	0	1	0	0	0	0	0	0	HueSwitch
0	0	0	0	32	0	0	0	8	2	1	0	0	1	0	0	1	0	0	0	0	0	0	HueSwitch
0	0	0	0	32	0	0	0	8	1	2	0	0	1	0	0	1	0	0	0	0	0	0	HueSwitch
0	0	0	0	40	0	0	0	8	3	1	0	0	1	0	0	1	0	0	0	0	0	0	HueSwitch
0	0	0	0	40	0	0	0	8	1	3	0	0	1	0	0	1	0	0	0	0	0	0	HueSwitch
0	0	0	0	32	0	0	0	8	3	1	0	0	1	0	0	1	0	0	0	0	0	0	HueSwitch
0	0	0	0	225	0	0	0	8	3	1	0	0	1	0	0	1	0	0	0	0	0	0	HueSwitch
0	0	0	0	32	0	0	0	8	1	3	0	0	1	0	0	1	0	0	0	0	0	0	HueSwitch
0	0	0	0	49	0	0	0	8	1	3	0	0	1	0	0	1	0	0	0	0	0	0	HueSwitch
0	0	0	0	32	0	0	0	8	3	1	0	0	1	0	0	1	0	0	0	0	0	0	HueSwitch
0	0	0	0	896	0	0	0	8	1	3	0	0	1	0	0	1	0	0	0	0	0	0	HueSwitch
0	0	0	0	32	0	0	0	8	3	1	0	0	1	0	0	1	0	0	0	0	0	0	HueSwitch
0	0	0	0	459	0	0	0	8	1	3	0	0	1	0	0	1	0	0	0	0	0	0	HueSwitch
0	0	0	0	1480	0	0	0	8	1	3	0	0	1	0	0	1	0	0	0	0	0	0	HueSwitch
0	0	0	0	1480	0	0	0	8	1	3	0	0	1	0	0	1	0	0	0	0	0	0	HueSwitch
0	0	0	0	32	0	0	0	8	3	1	0	0	1	0	0	1	0	0	0	0	0	0	HueSwitch
0	0	0	0	391	0	0	0	8	1	3	0	0	1	0	0	1	0	0	0	0	0	0	HueSwitch
0	0	0	0	32	0	0	0	8	3	1	0	0	1	0	0	1	0	0	0	0	0	0	HueSwitch
0	0	0	0	32	0	0	0	8	3	1	0	0	1	0	0	1	0	0	0	0	0	0	HueSwitch
0	0	0	0	32	0	0	0	8	1	3	0	0	1	0	0	1	0	0	0	0	0	0	HueSwitch
0	0	0	0	40	0	0	0	8	3	1	0	0	1	0	0	1	0	0	0	0	0	0	HueSwitch
0	0	0	0	40	0	0	0	8	1	3	0	0	1	0	0	1	0	0	0	0	0	0	HueSwitch
0	0	0	0	32	0	0	0	8	3	1	0	0	1	0	0	1	0	0	0	0	0	0	HueSwitch
0	0	0	0	233	0	0	0	8	3	1	0	0	1	0	0	1	0	0	0	0	0	0	HueSwitch
0	0	0	0	32	0	0	0	8	1	3	0	0	1	0	0	1	0	0	0	0	0	0	HueSwitch
0	0	0	0	49	0	0	0	8	1	3	0	0	1	0	0	1	0	0	0	0	0	0	HueSwitch
0	0	0	0	900	0	0	0	8	1	3	0	0	1	0	0	1	0	0	0	0	0	0	HueSwitch
0	0	0	0	32	0	0	0	8	3	1	0	0	1	0	0	1	0	0	0	0	0	0	HueSwitch
0	0	0	0	32	0	0	0	8	3	1	0	0	1	0	0	1	0	0	0	0	0	0	HueSwitch
0	0	0	0	32	0	0	0	8	3	1	0	0	1	0	0	1	0	0	0	0	0	0	HueSwitch
0	0	0	0	32	0	0	0	8	1	3	0	0	1	0	0	1	0	0	0	0	0	0	HueSwitch
0	0	0	0	40	0	0	0	8	3	1	0	0	1	0	0	1	0	0	0	0	0	0	HueSwitch
0	0	0	0	40	0	0	0	8	1	3	0	0	1	0	0	1	0	0	0	0	0	0	HueSwitch
0	0	0	0	32	0	0	0	8	3	1	0	0	1	0	0	1	0	0	0	0	0	0	HueSwitch
0	0	0	0	233	0	0	0	8	3	1	0	0	1	0	0	1	0	0	0	0	0	0	HueSwitch
0	0	0	0	32	0	0	0	8	1	3	0	0	1	0	0	1	0	0	0	0	0	0	HueSwitch
0	0	0	0	49	0	0	0	8	1	3	0	0	1	0	0	1	0	0	0	0	0	0	HueSwitch
0	0	0	0	900	0	0	0	8	1	3	0	0	1	0	0	1	0	0	0	0	0	0	HueSwitch
0	0	0	0	32	0	0	0	8	3	1	0	0	1	0	0	1	0	0	0	0	0	0	HueSwitch
0	0	0	0	32	0	0	0	8	3	1	0	0	1	0	0	1	0	0	0	0	0	0	HueSwitch
0	0	0	0	32	0	0	0	8	3	1	0	0	1	0	0	1	0	0	0	0	0	0	HueSwitch
0	0	0	0	32	0	0	0	8	1	3	0	0	1	0	0	1	0	0	0	0	0	0	HueSwitch
0	0	0	0	40	0	0	0	8	2	1	0	0	1	0	0	1	0	0	0	0	0	0	HueSwitch
0	0	0	0	40	0	0	0	8	1	2	0	0	1	0	0	1	0	0	0	0	0	0	HueSwitch
0	0	0	0	32	0	0	0	8	2	1	0	0	1	0	0	1	0	0	0	0	0	0	HueSwitch
0	0	0	0	233	0	0	0	8	2	1	0	0	1	0	0	1	0	0	0	0	0	0	HueSwitch
0	0	0	0	32	0	0	0	8	1	2	0	0	1	0	0	1	0	0	0	0	0	0	HueSwitch
0	0	0	0	49	0	0	0	8	1	2	0	0	1	0	0	1	0	0	0	0	0	0	HueSwitch
0	0	0	0	900	0	0	0	8	1	2	0	0	1	0	0	1	0	0	0	0	0	0	HueSwitch
0	0	0	0	32	0	0	0	8	2	1	0	0	1	0	0	1	0	0	0	0	0	0	HueSwitch
0	0	0	0	32	0	0	0	8	2	1	0	0	1	0	0	1	0	0	0	0	0	0	HueSwitch
0	0	0	0	32	0	0	0	8	2	1	0	0	1	0	0	1	0	0	0	0	0	0	HueSwitch
0	0	0	0	32	0	0	0	8	1	2	0	0	1	0	0	1	0	0	0	0	0	0	HueSwitch
0	0	0	0	56	0	0	0	8	2	1	0	0	0	1	0	0	0	0	0	0	0	1	HueSwitch
0	0	0	0	56	0	0	0	8	1	2	0	0	0	1	0	0	0	0	0	0	0	1	HueSwitch
0	0	0	0	40	0	0	0	8	2	1	0	0	1	0	0	1	0	0	0	0	0	0	HueSwitch
0	0	0	0	40	0	0	0	8	1	2	0	0	1	0	0	1	0	0	0	0	0	0	HueSwitch
0	0	0	0	32	0	0	0	8	2	1	0	0	1	0	0	1	0	0	0	0	0	0	HueSwitch
0	0	0	0	233	0	0	0	8	2	1	0	0	1	0	0	1	0	0	0	0	0	0	HueSwitch
0	0	0	0	32	0	0	0	8	1	2	0	0	1	0	0	1	0	0	0	0	0	0	HueSwitch
0	0	0	0	49	0	0	0	8	1	2	0	0	1	0	0	1	0	0	0	0	0	0	HueSwitch
0	0	0	0	900	0	0	0	8	1	2	0	0	1	0	0	1	0	0	0	0	0	0	HueSwitch
0	0	0	0	32	0	0	0	8	2	1	0	0	1	0	0	1	0	0	0	0	0	0	HueSwitch
0	0	0	0	32	0	0	0	8	2	1	0	0	1	0	0	1	0	0	0	0	0	0	HueSwitch
0	0	0	0	32	0	0	0	8	2	1	0	0	1	0	0	1	0	0	0	0	0	0	HueSwitch
0	0	0	0	32	0	0	0	8	1	2	0	0	1	0	0	1	0	0	0	0	0	0	HueSwitch
0	0	0	0	40	0	0	0	8	2	1	0	0	1	0	0	1	0	0	0	0	0	0	HueSwitch
0	0	0	0	40	0	0	0	8	1	2	0	0	1	0	0	1	0	0	0	0	0	0	HueSwitch
0	0	0	0	32	0	0	0	8	2	1	0	0	1	0	0	1	0	0	0	0	0	0	HueSwitch
0	0	0	0	233	0	0	0	8	2	1	0	0	1	0	0	1	0	0	0	0	0	0	HueSwitch
0	0	0	0	32	0	0	0	8	1	2	0	0	1	0	0	1	0	0	0	0	0	0	HueSwitch
0	0	0	0	49	0	0	0	8	1	2	0	0	1	0	0	1	0	0	0	0	0	0	HueSwitch
0	0	0	0	900	0	0	0	8	1	2	0	0	1	0	0	1	0	0	0	0	0	0	HueSwitch
0	0	0	0	32	0	0	0	8	2	1	0	0	1	0	0	1	0	0	0	0	0	0	HueSwitch
0	0	0	0	32	0	0	0	8	2	1	0	0	1	0	0	1	0	0	0	0	0	0	HueSwitch
0	0	0	0	32	0	0	0	8	2	1	0	0	1	0	0	1	0	0	0	0	0	0	HueSwitch
0	0	0	0	32	0	0	0	8	1	2	0	0	1	0	0	1	0	0	0	0	0	0	HueSwitch
0	0	0	0	40	0	0	0	8	2	1	0	0	1	0	0	1	0	0	0	0	0	0	HueSwitch
0	0	0	0	40	0	0	0	8	1	2	0	0	1	0	0	1	0	0	0	0	0	0	HueSwitch
0	0	0	0	32	0	0	0	8	2	1	0	0	1	0	0	1	0	0	0	0	0	0	HueSwitch
0	0	0	0	233	0	0	0	8	2	1	0	0	1	0	0	1	0	0	0	0	0	0	HueSwitch
0	0	0	0	32	0	0	0	8	1	2	0	0	1	0	0	1	0	0	0	0	0	0	HueSwitch
0	0	0	0	49	0	0	0	8	1	2	0	0	1	0	0	1	0	0	0	0	0	0	HueSwitch
0	0	0	0	900	0	0	0	8	1	2	0	0	1	0	0	1	0	0	0	0	0	0	HueSwitch
0	0	0	0	32	0	0	0	8	2	1	0	0	1	0	0	1	0	0	0	0	0	0	HueSwitch
0	0	0	0	32	0	0	0	8	2	1	0	0	1	0	0	1	0	0	0	0	0	0	HueSwitch
0	0	0	0	32	0	0	0	8	2	1	0	0	1	0	0	1	0	0	0	0	0	0	HueSwitch
0	0	0	0	32	0	0	0	8	1	2	0	0	1	0	0	1	0	0	0	0	0	0	HueSwitch
0	0	0	0	40	0	0	0	8	2	1	0	0	1	0	0	1	0	0	0	0	0	0	HueSwitch
0	0	0	0	40	0	0	0	8	1	2	0	0	1	0	0	1	0	0	0	0	0	0	HueSwitch
0	0	0	0	32	0	0	0	8	2	1	0	0	1	0	0	1	0	0	0	0	0	0	HueSwitch
0	0	0	0	233	0	0	0	8	2	1	0	0	1	0	0	1	0	0	0	0	0	0	HueSwitch
0	0	0	0	32	0	0	0	8	1	2	0	0	1	0	0	1	0	0	0	0	0	0	HueSwitch
0	0	0	0	49	0	0	0	8	1	2	0	0	1	0	0	1	0	0	0	0	0	0	HueSwitch
0	0	0	0	900	0	0	0	8	1	2	0	0	1	0	0	1	0	0	0	0	0	0	HueSwitch
0	0	0	0	32	0	0	0	8	2	1	0	0	1	0	0	1	0	0	0	0	0	0	HueSwitch
0	0	0	0	32	0	0	0	8	2	1	0	0	1	0	0	1	0	0	0	0	0	0	HueSwitch
0	0	0	0	32	0	0	0	8	2	1	0	0	1	0	0	1	0	0	0	0	0	0	HueSwitch
0	0	0	0	32	0	0	0	8	1	2	0	0	1	0	0	1	0	0	0	0	0	0	HueSwitch
0	0	0	0	56	0	0	0	8	3	1	0	0	0	1	0	0	0	0	0	0	0	1	HueSwitch
0	0	0	0	56	0	0	0	8	3	1	0	0	0	1	0	0	0	0	0	0	0	1	HueSwitch
0	0	0	0	56	0	0	0	8	1	3	0	0	0	1	0	0	0	0	0	0	0	1	HueSwitch
0	0	0	0	56	0	0	0	8	1	3	0	0	0	1	0	0	0	0	0	0	0	1	HueSwitch
0	0	0	0	40	0	0	0	8	3	1	0	0	1	0	0	1	0	0	0	0	0	0	HueSwitch
0	0	0	0	40	0	0	0	8	1	3	0	0	1	0	0	1	0	0	0	0	0	0	HueSwitch
0	0	0	0	32	0	0	0	8	3	1	0	0	1	0	0	1	0	0	0	0	0	0	HueSwitch
0	0	0	0	233	0	0	0	8	3	1	0	0	1	0	0	1	0	0	0	0	0	0	HueSwitch
0	0	0	0	32	0	0	0	8	1	3	0	0	1	0	0	1	0	0	0	0	0	0	HueSwitch
0	0	0	0	49	0	0	0	8	1	3	0	0	1	0	0	1	0	0	0	0	0	0	HueSwitch
0	0	0	0	900	0	0	0	8	1	3	0	0	1	0	0	1	0	0	0	0	0	0	HueSwitch
0	0	0	0	32	0	0	0	8	3	1	0	0	1	0	0	1	0	0	0	0	0	0	HueSwitch
0	0	0	0	32	0	0	0	8	3	1	0	0	1	0	0	1	0	0	0	0	0	0	HueSwitch
0	0	0	0	32	0	0	0	8	3	1	0	0	1	0	0	1	0	0	0	0	0	0	HueSwitch
0	0	0	0	32	0	0	0	8	1	3	0	0	1	0	0	1	0	0	0	0	0	0	HueSwitch
0	0	0	0	40	0	0	0	8	3	1	0	0	1	0	0	1	0	0	0	0	0	0	HueSwitch
0	0	0	0	40	0	0	0	8	1	3	0	0	1	0	0	1	0	0	0	0	0	0	HueSwitch
0	0	0	0	32	0	0	0	8	3	1	0	0	1	0	0	1	0	0	0	0	0	0	HueSwitch
0	0	0	0	233	0	0	0	8	3	1	0	0	1	0	0	1	0	0	0	0	0	0	HueSwitch
0	0	0	0	32	0	0	0	8	1	3	0	0	1	0	0	1	0	0	0	0	0	0	HueSwitch
0	0	0	0	49	0	0	0	8	1	3	0	0	1	0	0	1	0	0	0	0	0	0	HueSwitch
0	0	0	0	900	0	0	0	8	1	3	0	0	1	0	0	1	0	0	0	0	0	0	HueSwitch
0	0	0	0	32	0	0	0	8	3	1	0	0	1	0	0	1	0	0	0	0	0	0	HueSwitch
0	0	0	0	32	0	0	0	8	3	1	0	0	1	0	0	1	0	0	0	0	0	0	HueSwitch
0	0	0	0	32	0	0	0	8	3	1	0	0	1	0	0	1	0	0	0	0	0	0	HueSwitch
0	0	0	0	32	0	0	0	8	1	3	0	0	1	0	0	1	0	0	0	0	0	0	HueSwitch
0	0	0	0	40	0	0	0	8	3	1	0	0	1	0	0	1	0	0	0	0	0	0	HueSwitch
0	0	0	0	40	0	0	0	8	1	3	0	0	1	0	0	1	0	0	0	0	0	0	HueSwitch
0	0	0	0	32	0	0	0	8	3	1	0	0	1	0	0	1	0	0	0	0	0	0	HueSwitch
0	0	0	0	233	0	0	0	8	3	1	0	0	1	0	0	1	0	0	0	0	0	0	HueSwitch
0	0	0	0	32	0	0	0	8	1	3	0	0	1	0	0	1	0	0	0	0	0	0	HueSwitch
0	0	0	0	49	0	0	0	8	1	3	0	0	1	0	0	1	0	0	0	0	0	0	HueSwitch
0	0	0	0	900	0	0	0	8	1	3	0	0	1	0	0	1	0	0	0	0	0	0	HueSwitch
0	0	0	0	32	0	0	0	8	3	1	0	0	1	0	0	1	0	0	0	0	0	0	HueSwitch
0	0	0	0	32	0	0	0	8	3	1	0	0	1	0	0	1	0	0	0	0	0	0	HueSwitch
0	0	0	0	32	0	0	0	8	3	1	0	0	1	0	0	1	0	0	0	0	0	0	HueSwitch
0	0	0	0	32	0	0	0	8	1	3	0	0	1	0	0	1	0	0	0	0	0	0	HueSwitch
0	0	0	0	40	0	0	0	8	2	1	0	0	1	0	0	1	0	0	0	0	0	0	HueSwitch
0	0	0	0	40	0	0	0	8	1	2	0	0	1	0	0	1	0	0	0	0	0	0	HueSwitch
0	0	0	0	32	0	0	0	8	2	1	0	0	1	0	0	1	0	0	0	0	0	0	HueSwitch
0	0	0	0	233	0	0	0	8	2	1	0	0	1	0	0	1	0	0	0	0	0	0	HueSwitch
0	0	0	0	32	0	0	0	8	1	2	0	0	1	0	0	1	0	0	0	0	0	0	HueSwitch
0	0	0	0	49	0	0	0	8	1	2	0	0	1	0	0	1	0	0	0	0	0	0	HueSwitch
0	0	0	0	900	0	0	0	8	1	2	0	0	1	0	0	1	0	0	0	0	0	0	HueSwitch
0	0	0	0	32	0	0	0	8	2	1	0	0	1	0	0	1	0	0	0	0	0	0	HueSwitch
0	0	0	0	900	0	0	0	8	1	2	0	0	1	0	0	1	0	0	0	0	0	0	HueSwitch
0	0	0	0	32	0	0	0	8	2	1	0	0	1	0	0	1	0	0	0	0	0	0	HueSwitch
0	0	0	0	44	0	0	0	8	2	1	0	0	1	0	0	1	0	0	0	0	0	0	HueSwitch
0	0	0	0	32	0	0	0	8	2	1	0	0	1	0	0	1	0	0	0	0	0	0	HueSwitch
0	0	0	0	32	0	0	0	8	1	2	0	0	1	0	0	1	0	0	0	0	0	0	HueSwitch
0	0	0	0	40	0	0	0	8	3	1	0	0	1	0	0	1	0	0	0	0	0	0	HueSwitch
0	0	0	0	40	0	0	0	8	1	3	0	0	1	0	0	1	0	0	0	0	0	0	HueSwitch
0	0	0	0	32	0	0	0	8	3	1	0	0	1	0	0	1	0	0	0	0	0	0	HueSwitch
0	0	0	0	233	0	0	0	8	3	1	0	0	1	0	0	1	0	0	0	0	0	0	HueSwitch
0	0	0	0	32	0	0	0	8	1	3	0	0	1	0	0	1	0	0	0	0	0	0	HueSwitch
0	0	0	0	49	0	0	0	8	1	3	0	0	1	0	0	1	0	0	0	0	0	0	HueSwitch
0	0	0	0	900	0	0	0	8	1	3	0	0	1	0	0	1	0	0	0	0	0	0	HueSwitch
0	0	0	0	32	0	0	0	8	3	1	0	0	1	0	0	1	0	0	0	0	0	0	HueSwitch
0	0	0	0	32	0	0	0	8	3	1	0	0	1	0	0	1	0	0	0	0	0	0	HueSwitch
0	0	0	0	32	0	0	0	8	3	1	0	0	1	0	0	1	0	0	0	0	0	0	HueSwitch
0	0	0	0	32	0	0	0	8	1	3	0	0	1	0	0	1	0	0	0	0	0	0	HueSwitch
0	0	0	0	40	0	0	0	8	2	1	0	0	1	0	0	1	0	0	0	0	0	0	HueSwitch
0	0	0	0	40	0	0	0	8	1	2	0	0	1	0	0	1	0	0	0	0	0	0	HueSwitch
0	0	0	0	32	0	0	0	8	2	1	0	0	1	0	0	1	0	0	0	0	0	0	HueSwitch
0	0	0	0	233	0	0	0	8	2	1	0	0	1	0	0	1	0	0	0	0	0	0	HueSwitch
0	0	0	0	32	0	0	0	8	1	2	0	0	1	0	0	1	0	0	0	0	0	0	HueSwitch
0	0	0	0	49	0	0	0	8	1	2	0	0	1	0	0	1	0	0	0	0	0	0	HueSwitch
0	0	0	0	900	0	0	0	8	1	2	0	0	1	0	0	1	0	0	0	0	0	0	HueSwitch
0	0	0	0	32	0	0	0	8	2	1	0	0	1	0	0	1	0	0	0	0	0	0	HueSwitch
0	0	0	0	32	0	0	0	8	2	1	0	0	1	0	0	1	0	0	0	0	0	0	HueSwitch
0	0	0	0	32	0	0	0	8	2	1	0	0	1	0	0	1	0	0	0	0	0	0	HueSwitch
0	0	0	0	32	0	0	0	8	1	2	0	0	1	0	0	1	0	0	0	0	0	0	HueSwitch
0	0	0	0	56	0	0	0	8	2	1	0	0	0	1	0	0	0	0	0	0	0	1	HueSwitch
0	0	0	0	56	0	0	0	8	1	2	0	0	0	1	0	0	0	0	0	0	0	1	HueSwitch
0	0	0	0	40	0	0	0	8	3	1	0	0	1	0	0	1	0	0	0	0	0	0	HueSwitch
0	0	0	0	40	0	0	0	8	1	3	0	0	1	0	0	1	0	0	0	0	0	0	HueSwitch
0	0	0	0	32	0	0	0	8	3	1	0	0	1	0	0	1	0	0	0	0	0	0	HueSwitch
0	0	0	0	233	0	0	0	8	3	1	0	0	1	0	0	1	0	0	0	0	0	0	HueSwitch
0	0	0	0	32	0	0	0	8	1	3	0	0	1	0	0	1	0	0	0	0	0	0	HueSwitch
0	0	0	0	49	0	0	0	8	1	3	0	0	1	0	0	1	0	0	0	0	0	0	HueSwitch
0	0	0	0	900	0	0	0	8	1	3	0	0	1	0	0	1	0	0	0	0	0	0	HueSwitch
0	0	0	0	32	0	0	0	8	3	1	0	0	1	0	0	1	0	0	0	0	0	0	HueSwitch
0	0	0	0	32	0	0	0	8	3	1	0	0	1	0	0	1	0	0	0	0	0	0	HueSwitch
0	0	0	0	32	0	0	0	8	3	1	0	0	1	0	0	1	0	0	0	0	0	0	HueSwitch
0	0	0	0	32	0	0	0	8	1	3	0	0	1	0	0	1	0	0	0	0	0	0	HueSwitch
0	0	0	0	40	0	0	0	8	3	1	0	0	1	0	0	1	0	0	0	0	0	0	HueSwitch
0	0	0	0	40	0	0	0	8	1	3	0	0	1	0	0	1	0	0	0	0	0	0	HueSwitch
0	0	0	0	32	0	0	0	8	3	1	0	0	1	0	0	1	0	0	0	0	0	0	HueSwitch
0	0	0	0	233	0	0	0	8	3	1	0	0	1	0	0	1	0	0	0	0	0	0	HueSwitch
0	0	0	0	32	0	0	0	8	1	3	0	0	1	0	0	1	0	0	0	0	0	0	HueSwitch
0	0	0	0	49	0	0	0	8	1	3	0	0	1	0	0	1	0	0	0	0	0	0	HueSwitch
0	0	0	0	900	0	0	0	8	1	3	0	0	1	0	0	1	0	0	0	0	0	0	HueSwitch
0	0	0	0	32	0	0	0	8	3	1	0	0	1	0	0	1	0	0	0	0	0	0	HueSwitch
0	0	0	0	32	0	0	0	8	3	1	0	0	1	0	0	1	0	0	0	0	0	0	HueSwitch
0	0	0	0	32	0	0	0	8	3	1	0	0	1	0	0	1	0	0	0	0	0	0	HueSwitch
0	0	0	0	32	0	0	0	8	1	3	0	0	1	0	0	1	0	0	0	0	0	0	HueSwitch
0	0	0	0	40	0	0	0	8	2	1	0	0	1	0	0	1	0	0	0	0	0	0	HueSwitch
0	0	0	0	40	0	0	0	8	1	2	0	0	1	0	0	1	0	0	0	0	0	0	HueSwitch
0	0	0	0	32	0	0	0	8	2	1	0	0	1	0	0	1	0	0	0	0	0	0	HueSwitch
0	0	0	0	233	0	0	0	8	2	1	0	0	1	0	0	1	0	0	0	0	0	0	HueSwitch
0	0	0	0	32	0	0	0	8	1	2	0	0	1	0	0	1	0	0	0	0	0	0	HueSwitch
0	0	0	0	49	0	0	0	8	1	2	0	0	1	0	0	1	0	0	0	0	0	0	HueSwitch
0	0	0	0	900	0	0	0	8	1	2	0	0	1	0	0	1	0	0	0	0	0	0	HueSwitch
0	0	0	0	32	0	0	0	8	2	1	0	0	1	0	0	1	0	0	0	0	0	0	HueSwitch
0	0	0	0	32	0	0	0	8	2	1	0	0	1	0	0	1	0	0	0	0	0	0	HueSwitch
0	0	0	0	32	0	0	0	8	2	1	0	0	1	0	0	1	0	0	0	0	0	0	HueSwitch
0	0	0	0	32	0	0	0	8	1	2	0	0	1	0	0	1	0	0	0	0	0	0	HueSwitch
0	0	0	0	40	0	0	0	8	2	1	0	0	1	0	0	1	0	0	0	0	0	0	HueSwitch
0	0	0	0	40	0	0	0	8	1	2	0	0	1	0	0	1	0	0	0	0	0	0	HueSwitch
0	0	0	0	32	0	0	0	8	2	1	0	0	1	0	0	1	0	0	0	0	0	0	HueSwitch
0	0	0	0	233	0	0	0	8	2	1	0	0	1	0	0	1	0	0	0	0	0	0	HueSwitch
0	0	0	0	32	0	0	0	8	1	2	0	0	1	0	0	1	0	0	0	0	0	0	HueSwitch
0	0	0	0	49	0	0	0	8	1	2	0	0	1	0	0	1	0	0	0	0	0	0	HueSwitch
0	0	0	0	900	0	0	0	8	1	2	0	0	1	0	0	1	0	0	0	0	0	0	HueSwitch
0	0	0	0	32	0	0	0	8	2	1	0	0	1	0	0	1	0	0	0	0	0	0	HueSwitch
0	0	0	0	32	0	0	0	8	2	1	0	0	1	0	0	1	0	0	0	0	0	0	HueSwitch
0	0	0	0	32	0	0	0	8	2	1	0	0	1	0	0	1	0	0	0	0	0	0	HueSwitch
0	0	0	0	32	0	0	0	8	1	2	0	0	1	0	0	1	0	0	0	0	0	0	HueSwitch
0	0	0	0	40	0	0	0	8	3	1	0	0	1	0	0	1	0	0	0	0	0	0	HueSwitch
0	0	0	0	40	0	0	0	8	1	3	0	0	1	0	0	1	0	0	0	0	0	0	HueSwitch
0	0	0	0	32	0	0	0	8	3	1	0	0	1	0	0	1	0	0	0	0	0	0	HueSwitch
0	0	0	0	233	0	0	0	8	3	1	0	0	1	0	0	1	0	0	0	0	0	0	HueSwitch
0	0	0	0	32	0	0	0	8	1	3	0	0	1	0	0	1	0	0	0	0	0	0	HueSwitch
0	0	0	0	49	0	0	0	8	1	3	0	0	1	0	0	1	0	0	0	0	0	0	HueSwitch
0	0	0	0	900	0	0	0	8	1	3	0	0	1	0	0	1	0	0	0	0	0	0	HueSwitch
0	0	0	0	900	0	0	0	8	1	3	0	0	1	0	0	1	0	0	0	0	0	0	HueSwitch
0	0	0	0	32	0	0	0	8	3	1	0	0	1	0	0	1	0	0	0	0	0	0	HueSwitch
0	0	0	0	32	0	0	0	8	3	1	0	0	1	0	0	1	0	0	0	0	0	0	HueSwitch
0	0	0	0	44	0	0	0	8	3	1	0	0	1	0	0	1	0	0	0	0	0	0	HueSwitch
0	0	0	0	32	0	0	0	8	3	1	0	0	1	0	0	1	0	0	0	0	0	0	HueSwitch
0	0	0	0	32	0	0	0	8	1	3	0	0	1	0	0	1	0	0	0	0	0	0	HueSwitch
0	0	0	0	40	0	0	0	8	3	1	0	0	1	0	0	1	0	0	0	0	0	0	HueSwitch
0	0	0	0	40	0	0	0	8	1	3	0	0	1	0	0	1	0	0	0	0	0	0	HueSwitch
0	0	0	0	32	0	0	0	8	3	1	0	0	1	0	0	1	0	0	0	0	0	0	HueSwitch
0	0	0	0	233	0	0	0	8	3	1	0	0	1	0	0	1	0	0	0	0	0	0	HueSwitch
0	0	0	0	32	0	0	0	8	1	3	0	0	1	0	0	1	0	0	0	0	0	0	HueSwitch
0	0	0	0	49	0	0	0	8	1	3	0	0	1	0	0	1	0	0	0	0	0	0	HueSwitch
0	0	0	0	900	0	0	0	8	1	3	0	0	1	0	0	1	0	0	0	0	0	0	HueSwitch
0	0	0	0	32	0	0	0	8	3	1	0	0	1	0	0	1	0	0	0	0	0	0	HueSwitch
0	0	0	0	32	0	0	0	8	3	1	0	0	1	0	0	1	0	0	0	0	0	0	HueSwitch
0	0	0	0	32	0	0	0	8	3	1	0	0	1	0	0	1	0	0	0	0	0	0	HueSwitch
0	0	0	0	32	0	0	0	8	1	3	0	0	1	0	0	1	0	0	0	0	0	0	HueSwitch
0	0	0	0	40	0	0	0	8	3	1	0	0	1	0	0	1	0	0	0	0	0	0	HueSwitch
0	0	0	0	40	0	0	0	8	1	3	0	0	1	0	0	1	0	0	0	0	0	0	HueSwitch
0	0	0	0	32	0	0	0	8	3	1	0	0	1	0	0	1	0	0	0	0	0	0	HueSwitch
0	0	0	0	233	0	0	0	8	3	1	0	0	1	0	0	1	0	0	0	0	0	0	HueSwitch
0	0	0	0	32	0	0	0	8	1	3	0	0	1	0	0	1	0	0	0	0	0	0	HueSwitch
0	0	0	0	49	0	0	0	8	1	3	0	0	1	0	0	1	0	0	0	0	0	0	HueSwitch
0	0	0	0	900	0	0	0	8	1	3	0	0	1	0	0	1	0	0	0	0	0	0	HueSwitch
0	0	0	0	32	0	0	0	8	3	1	0	0	1	0	0	1	0	0	0	0	0	0	HueSwitch
0	0	0	0	32	0	0	0	8	3	1	0	0	1	0	0	1	0	0	0	0	0	0	HueSwitch
0	0	0	0	32	0	0	0	8	3	1	0	0	1	0	0	1	0	0	0	0	0	0	HueSwitch
0	0	0	0	32	0	0	0	8	1	3	0	0	1	0	0	1	0	0	0	0	0	0	HueSwitch
0	0	0	0	40	0	0	0	8	2	1	0	0	1	0	0	1	0	0	0	0	0	0	HueSwitch
0	0	0	0	40	0	0	0	8	1	2	0	0	1	0	0	1	0	0	0	0	0	0	HueSwitch
0	0	0	0	32	0	0	0	8	2	1	0	0	1	0	0	1	0	0	0	0	0	0	HueSwitch
0	0	0	0	225	0	0	0	8	2	1	0	0	1	0	0	1	0	0	0	0	0	0	HueSwitch
0	0	0	0	32	0	0	0	8	1	2	0	0	1	0	0	1	0	0	0	0	0	0	HueSwitch
0	0	0	0	49	0	0	0	8	1	2	0	0	1	0	0	1	0	0	0	0	0	0	HueSwitch
0	0	0	0	32	0	0	0	8	2	1	0	0	1	0	0	1	0	0	0	0	0	0	HueSwitch
0	0	0	0	896	0	0	0	8	1	2	0	0	1	0	0	1	0	0	0	0	0	0	HueSwitch
0	0	0	0	32	0	0	0	8	2	1	0	0	1	0	0	1	0	0	0	0	0	0	HueSwitch
0	0	0	0	1326	0	0	0	8	1	2	0	0	1	0	0	1	0	0	0	0	0	0	HueSwitch
0	0	0	0	1480	0	0	0	8	1	2	0	0	1	0	0	1	0	0	0	0	0	0	HueSwitch
0	0	0	0	972	0	0	0	8	1	2	0	0	1	0	0	1	0	0	0	0	0	0	HueSwitch
0	0	0	0	32	0	0	0	8	2	1	0	0	1	0	0	1	0	0	0	0	0	0	HueSwitch
0	0	0	0	32	0	0	0	8	2	1	0	0	1	0	0	1	0	0	0	0	0	0	HueSwitch
0	0	0	0	32	0	0	0	8	2	1	0	0	1	0	0	1	0	0	0	0	0	0	HueSwitch
0	0	0	0	32	0	0	0	8	1	2	0	0	1	0	0	1	0	0	0	0	0	0	HueSwitch
0	0	0	0	40	0	0	0	8	2	1	0	0	1	0	0	1	0	0	0	0	0	0	HueSwitch
0	0	0	0	40	0	0	0	8	1	2	0	0	1	0	0	1	0	0	0	0	0	0	HueSwitch
0	0	0	0	32	0	0	0	8	2	1	0	0	1	0	0	1	0	0	0	0	0	0	HueSwitch
0	0	0	0	233	0	0	0	8	2	1	0	0	1	0	0	1	0	0	0	0	0	0	HueSwitch
0	0	0	0	32	0	0	0	8	1	2	0	0	1	0	0	1	0	0	0	0	0	0	HueSwitch
0	0	0	0	49	0	0	0	8	1	2	0	0	1	0	0	1	0	0	0	0	0	0	HueSwitch
0	0	0	0	32	0	0	0	8	2	1	0	0	1	0	0	1	0	0	0	0	0	0	HueSwitch
0	0	0	0	900	0	0	0	8	1	2	0	0	1	0	0	1	0	0	0	0	0	0	HueSwitch
0	0	0	0	32	0	0	0	8	2	1	0	0	1	0	0	1	0	0	0	0	0	0	HueSwitch
0	0	0	0	32	0	0	0	8	2	1	0	0	1	0	0	1	0	0	0	0	0	0	HueSwitch
0	0	0	0	32	0	0	0	8	1	2	0	0	1	0	0	1	0	0	0	0	0	0	HueSwitch
0	0	0	0	40	0	0	0	8	2	1	0	0	1	0	0	1	0	0	0	0	0	0	HueSwitch
0	0	0	0	40	0	0	0	8	1	2	0	0	1	0	0	1	0	0	0	0	0	0	HueSwitch
0	0	0	0	32	0	0	0	8	2	1	0	0	1	0	0	1	0	0	0	0	0	0	HueSwitch
0	0	0	0	233	0	0	0	8	2	1	0	0	1	0	0	1	0	0	0	0	0	0	HueSwitch
0	0	0	0	32	0	0	0	8	1	2	0	0	1	0	0	1	0	0	0	0	0	0	HueSwitch
0	0	0	0	49	0	0	0	8	1	2	0	0	1	0	0	1	0	0	0	0	0	0	HueSwitch
0	0	0	0	900	0	0	0	8	1	2	0	0	1	0	0	1	0	0	0	0	0	0	HueSwitch
0	0	0	0	32	0	0	0	8	2	1	0	0	1	0	0	1	0	0	0	0	0	0	HueSwitch
0	0	0	0	32	0	0	0	8	2	1	0	0	1	0	0	1	0	0	0	0	0	0	HueSwitch
0	0	0	0	32	0	0	0	8	2	1	0	0	1	0	0	1	0	0	0	0	0	0	HueSwitch
0	0	0	0	32	0	0	0	8	1	2	0	0	1	0	0	1	0	0	0	0	0	0	HueSwitch
0	0	0	0	40	0	0	0	8	3	1	0	0	1	0	0	1	0	0	0	0	0	0	HueSwitch
0	0	0	0	40	0	0	0	8	1	3	0	0	1	0	0	1	0	0	0	0	0	0	HueSwitch
0	0	0	0	32	0	0	0	8	3	1	0	0	1	0	0	1	0	0	0	0	0	0	HueSwitch
0	0	0	0	233	0	0	0	8	3	1	0	0	1	0	0	1	0	0	0	0	0	0	HueSwitch
0	0	0	0	32	0	0	0	8	1	3	0	0	1	0	0	1	0	0	0	0	0	0	HueSwitch
0	0	0	0	49	0	0	0	8	1	3	0	0	1	0	0	1	0	0	0	0	0	0	HueSwitch
0	0	0	0	900	0	0	0	8	1	3	0	0	1	0	0	1	0	0	0	0	0	0	HueSwitch
0	0	0	0	32	0	0	0	8	3	1	0	0	1	0	0	1	0	0	0	0	0	0	HueSwitch
0	0	0	0	32	0	0	0	8	3	1	0	0	1	0	0	1	0	0	0	0	0	0	HueSwitch
0	0	0	0	32	0	0	0	8	3	1	0	0	1	0	0	1	0	0	0	0	0	0	HueSwitch
0	0	0	0	32	0	0	0	8	1	3	0	0	1	0	0	1	0	0	0	0	0	0	HueSwitch
0	0	0	0	40	0	0	0	8	2	1	0	0	1	0	0	1	0	0	0	0	0	0	HueSwitch
0	0	0	0	40	0	0	0	8	1	2	0	0	1	0	0	1	0	0	0	0	0	0	HueSwitch
0	0	0	0	32	0	0	0	8	2	1	0	0	1	0	0	1	0	0	0	0	0	0	HueSwitch
0	0	0	0	233	0	0	0	8	2	1	0	0	1	0	0	1	0	0	0	0	0	0	HueSwitch
0	0	0	0	32	0	0	0	8	1	2	0	0	1	0	0	1	0	0	0	0	0	0	HueSwitch
0	0	0	0	49	0	0	0	8	1	2	0	0	1	0	0	1	0	0	0	0	0	0	HueSwitch
0	0	0	0	900	0	0	0	8	1	2	0	0	1	0	0	1	0	0	0	0	0	0	HueSwitch
0	0	0	0	32	0	0	0	8	2	1	0	0	1	0	0	1	0	0	0	0	0	0	HueSwitch
0	0	0	0	32	0	0	0	8	2	1	0	0	1	0	0	1	0	0	0	0	0	0	HueSwitch
0	0	0	0	32	0	0	0	8	2	1	0	0	1	0	0	1	0	0	0	0	0	0	HueSwitch
0	0	0	0	32	0	0	0	8	1	2	0	0	1	0	0	1	0	0	0	0	0	0	HueSwitch
0	0	0	0	40	0	0	0	8	3	1	0	0	1	0	0	1	0	0	0	0	0	0	HueSwitch
0	0	0	0	40	0	0	0	8	1	3	0	0	1	0	0	1	0	0	0	0	0	0	HueSwitch
0	0	0	0	32	0	0	0	8	3	1	0	0	1	0	0	1	0	0	0	0	0	0	HueSwitch
0	0	0	0	233	0	0	0	8	3	1	0	0	1	0	0	1	0	0	0	0	0	0	HueSwitch
0	0	0	0	32	0	0	0	8	1	3	0	0	1	0	0	1	0	0	0	0	0	0	HueSwitch
0	0	0	0	49	0	0	0	8	1	3	0	0	1	0	0	1	0	0	0	0	0	0	HueSwitch
0	0	0	0	900	0	0	0	8	1	3	0	0	1	0	0	1	0	0	0	0	0	0	HueSwitch
0	0	0	0	32	0	0	0	8	3	1	0	0	1	0	0	1	0	0	0	0	0	0	HueSwitch
0	0	0	0	32	0	0	0	8	3	1	0	0	1	0	0	1	0	0	0	0	0	0	HueSwitch
0	0	0	0	32	0	0	0	8	3	1	0	0	1	0	0	1	0	0	0	0	0	0	HueSwitch
0	0	0	0	32	0	0	0	8	1	3	0	0	1	0	0	1	0	0	0	0	0	0	HueSwitch
0	0	0	0	40	0	0	0	8	3	1	0	0	1	0	0	1	0	0	0	0	0	0	HueSwitch
0	0	0	0	40	0	0	0	8	1	3	0	0	1	0	0	1	0	0	0	0	0	0	HueSwitch
0	0	0	0	32	0	0	0	8	3	1	0	0	1	0	0	1	0	0	0	0	0	0	HueSwitch
0	0	0	0	233	0	0	0	8	3	1	0	0	1	0	0	1	0	0	0	0	0	0	HueSwitch
0	0	0	0	32	0	0	0	8	1	3	0	0	1	0	0	1	0	0	0	0	0	0	HueSwitch
0	0	0	0	49	0	0	0	8	1	3	0	0	1	0	0	1	0	0	0	0	0	0	HueSwitch
0	0	0	0	900	0	0	0	8	1	3	0	0	1	0	0	1	0	0	0	0	0	0	HueSwitch
0	0	0	0	32	0	0	0	8	3	1	0	0	1	0	0	1	0	0	0	0	0	0	HueSwitch
0	0	0	0	32	0	0	0	8	3	1	0	0	1	0	0	1	0	0	0	0	0	0	HueSwitch
0	0	0	0	32	0	0	0	8	3	1	0	0	1	0	0	1	0	0	0	0	0	0	HueSwitch
0	0	0	0	32	0	0	0	8	1	3	0	0	1	0	0	1	0	0	0	0	0	0	HueSwitch
0	0	0	0	40	0	0	0	8	3	1	0	0	1	0	0	1	0	0	0	0	0	0	HueSwitch
0	0	0	0	40	0	0	0	8	1	3	0	0	1	0	0	1	0	0	0	0	0	0	HueSwitch
0	0	0	0	32	0	0	0	8	3	1	0	0	1	0	0	1	0	0	0	0	0	0	HueSwitch
0	0	0	0	233	0	0	0	8	3	1	0	0	1	0	0	1	0	0	0	0	0	0	HueSwitch
0	0	0	0	32	0	0	0	8	1	3	0	0	1	0	0	1	0	0	0	0	0	0	HueSwitch
0	0	0	0	49	0	0	0	8	1	3	0	0	1	0	0	1	0	0	0	0	0	0	HueSwitch
0	0	0	0	900	0	0	0	8	1	3	0	0	1	0	0	1	0	0	0	0	0	0	HueSwitch
0	0	0	0	32	0	0	0	8	3	1	0	0	1	0	0	1	0	0	0	0	0	0	HueSwitch
0	0	0	0	32	0	0	0	8	3	1	0	0	1	0	0	1	0	0	0	0	0	0	HueSwitch
0	0	0	0	32	0	0	0	8	3	1	0	0	1	0	0	1	0	0	0	0	0	0	HueSwitch
0	0	0	0	32	0	0	0	8	1	3	0	0	1	0	0	1	0	0	0	0	0	0	HueSwitch
0	0	0	0	40	0	0	0	8	3	1	0	0	1	0	0	1	0	0	0	0	0	0	HueSwitch
0	0	0	0	40	0	0	0	8	1	3	0	0	1	0	0	1	0	0	0	0	0	0	HueSwitch
0	0	0	0	32	0	0	0	8	3	1	0	0	1	0	0	1	0	0	0	0	0	0	HueSwitch
0	0	0	0	233	0	0	0	8	3	1	0	0	1	0	0	1	0	0	0	0	0	0	HueSwitch
0	0	0	0	32	0	0	0	8	1	3	0	0	1	0	0	1	0	0	0	0	0	0	HueSwitch
0	0	0	0	49	0	0	0	8	1	3	0	0	1	0	0	1	0	0	0	0	0	0	HueSwitch
0	0	0	0	900	0	0	0	8	1	3	0	0	1	0	0	1	0	0	0	0	0	0	HueSwitch
0	0	0	0	32	0	0	0	8	3	1	0	0	1	0	0	1	0	0	0	0	0	0	HueSwitch
0	0	0	0	32	0	0	0	8	3	1	0	0	1	0	0	1	0	0	0	0	0	0	HueSwitch
0	0	0	0	32	0	0	0	8	3	1	0	0	1	0	0	1	0	0	0	0	0	0	HueSwitch
0	0	0	0	32	0	0	0	8	1	3	0	0	1	0	0	1	0	0	0	0	0	0	HueSwitch
0	0	0	0	40	0	0	0	8	2	1	0	0	1	0	0	1	0	0	0	0	0	0	HueSwitch
0	0	0	0	40	0	0	0	8	1	2	0	0	1	0	0	1	0	0	0	0	0	0	HueSwitch
0	0	0	0	32	0	0	0	8	2	1	0	0	1	0	0	1	0	0	0	0	0	0	HueSwitch
0	0	0	0	233	0	0	0	8	2	1	0	0	1	0	0	1	0	0	0	0	0	0	HueSwitch
0	0	0	0	32	0	0	0	8	1	2	0	0	1	0	0	1	0	0	0	0	0	0	HueSwitch
0	0	0	0	49	0	0	0	8	1	2	0	0	1	0	0	1	0	0	0	0	0	0	HueSwitch
0	0	0	0	900	0	0	0	8	1	2	0	0	1	0	0	1	0	0	0	0	0	0	HueSwitch
0	0	0	0	32	0	0	0	8	2	1	0	0	1	0	0	1	0	0	0	0	0	0	HueSwitch
0	0	0	0	32	0	0	0	8	2	1	0	0	1	0	0	1	0	0	0	0	0	0	HueSwitch
0	0	0	0	32	0	0	0	8	2	1	0	0	1	0	0	1	0	0	0	0	0	0	HueSwitch
0	0	0	0	32	0	0	0	8	1	2	0	0	1	0	0	1	0	0	0	0	0	0	HueSwitch
0	0	0	0	40	0	0	0	8	2	1	0	0	1	0	0	1	0	0	0	0	0	0	HueSwitch
0	0	0	0	40	0	0	0	8	1	2	0	0	1	0	0	1	0	0	0	0	0	0	HueSwitch
0	0	0	0	32	0	0	0	8	2	1	0	0	1	0	0	1	0	0	0	0	0	0	HueSwitch
0	0	0	0	233	0	0	0	8	2	1	0	0	1	0	0	1	0	0	0	0	0	0	HueSwitch
0	0	0	0	32	0	0	0	8	1	2	0	0	1	0	0	1	0	0	0	0	0	0	HueSwitch
0	0	0	0	49	0	0	0	8	1	2	0	0	1	0	0	1	0	0	0	0	0	0	HueSwitch
0	0	0	0	900	0	0	0	8	1	2	0	0	1	0	0	1	0	0	0	0	0	0	HueSwitch
0	0	0	0	32	0	0	0	8	2	1	0	0	1	0	0	1	0	0	0	0	0	0	HueSwitch
0	0	0	0	32	0	0	0	8	2	1	0	0	1	0	0	1	0	0	0	0	0	0	HueSwitch
0	0	0	0	32	0	0	0	8	2	1	0	0	1	0	0	1	0	0	0	0	0	0	HueSwitch
0	0	0	0	32	0	0	0	8	1	2	0	0	1	0	0	1	0	0	0	0	0	0	HueSwitch
0	0	0	0	40	0	0	0	8	3	1	0	0	1	0	0	1	0	0	0	0	0	0	HueSwitch
0	0	0	0	40	0	0	0	8	1	3	0	0	1	0	0	1	0	0	0	0	0	0	HueSwitch
0	0	0	0	32	0	0	0	8	3	1	0	0	1	0	0	1	0	0	0	0	0	0	HueSwitch
0	0	0	0	233	0	0	0	8	3	1	0	0	1	0	0	1	0	0	0	0	0	0	HueSwitch
0	0	0	0	32	0	0	0	8	1	3	0	0	1	0	0	1	0	0	0	0	0	0	HueSwitch
0	0	0	0	49	0	0	0	8	1	3	0	0	1	0	0	1	0	0	0	0	0	0	HueSwitch
0	0	0	0	900	0	0	0	8	1	3	0	0	1	0	0	1	0	0	0	0	0	0	HueSwitch
0	0	0	0	32	0	0	0	8	3	1	0	0	1	0	0	1	0	0	0	0	0	0	HueSwitch
0	0	0	0	32	0	0	0	8	3	1	0	0	1	0	0	1	0	0	0	0	0	0	HueSwitch
0	0	0	0	32	0	0	0	8	3	1	0	0	1	0	0	1	0	0	0	0	0	0	HueSwitch
0	0	0	0	32	0	0	0	8	1	3	0	0	1	0	0	1	0	0	0	0	0	0	HueSwitch
0	0	0	0	40	0	0	0	8	2	1	0	0	1	0	0	1	0	0	0	0	0	0	HueSwitch
0	0	0	0	40	0	0	0	8	1	2	0	0	1	0	0	1	0	0	0	0	0	0	HueSwitch
0	0	0	0	32	0	0	0	8	2	1	0	0	1	0	0	1	0	0	0	0	0	0	HueSwitch
0	0	0	0	233	0	0	0	8	2	1	0	0	1	0	0	1	0	0	0	0	0	0	HueSwitch
0	0	0	0	32	0	0	0	8	1	2	0	0	1	0	0	1	0	0	0	0	0	0	HueSwitch
0	0	0	0	49	0	0	0	8	1	2	0	0	1	0	0	1	0	0	0	0	0	0	HueSwitch
0	0	0	0	900	0	0	0	8	1	2	0	0	1	0	0	1	0	0	0	0	0	0	HueSwitch
0	0	0	0	32	0	0	0	8	2	1	0	0	1	0	0	1	0	0	0	0	0	0	HueSwitch
0	0	0	0	32	0	0	0	8	2	1	0	0	1	0	0	1	0	0	0	0	0	0	HueSwitch
0	0	0	0	32	0	0	0	8	2	1	0	0	1	0	0	1	0	0	0	0	0	0	HueSwitch
0	0	0	0	32	0	0	0	8	1	2	0	0	1	0	0	1	0	0	0	0	0	0	HueSwitch
0	0	0	0	40	0	0	0	8	3	1	0	0	1	0	0	1	0	0	0	0	0	0	HueSwitch
0	0	0	0	40	0	0	0	8	1	3	0	0	1	0	0	1	0	0	0	0	0	0	HueSwitch
0	0	0	0	32	0	0	0	8	3	1	0	0	1	0	0	1	0	0	0	0	0	0	HueSwitch
0	0	0	0	233	0	0	0	8	3	1	0	0	1	0	0	1	0	0	0	0	0	0	HueSwitch
0	0	0	0	32	0	0	0	8	1	3	0	0	1	0	0	1	0	0	0	0	0	0	HueSwitch
0	0	0	0	49	0	0	0	8	1	3	0	0	1	0	0	1	0	0	0	0	0	0	HueSwitch
0	0	0	0	900	0	0	0	8	1	3	0	0	1	0	0	1	0	0	0	0	0	0	HueSwitch
0	0	0	0	32	0	0	0	8	3	1	0	0	1	0	0	1	0	0	0	0	0	0	HueSwitch
0	0	0	0	32	0	0	0	8	3	1	0	0	1	0	0	1	0	0	0	0	0	0	HueSwitch
0	0	0	0	32	0	0	0	8	3	1	0	0	1	0	0	1	0	0	0	0	0	0	HueSwitch
0	0	0	0	32	0	0	0	8	1	3	0	0	1	0	0	1	0	0	0	0	0	0	HueSwitch
0	0	0	0	40	0	0	0	8	3	1	0	0	1	0	0	1	0	0	0	0	0	0	HueSwitch
0	0	0	0	40	0	0	0	8	1	3	0	0	1	0	0	1	0	0	0	0	0	0	HueSwitch
0	0	0	0	32	0	0	0	8	3	1	0	0	1	0	0	1	0	0	0	0	0	0	HueSwitch
0	0	0	0	233	0	0	0	8	3	1	0	0	1	0	0	1	0	0	0	0	0	0	HueSwitch
0	0	0	0	32	0	0	0	8	1	3	0	0	1	0	0	1	0	0	0	0	0	0	HueSwitch
0	0	0	0	49	0	0	0	8	1	3	0	0	1	0	0	1	0	0	0	0	0	0	HueSwitch
0	0	0	0	32	0	0	0	8	3	1	0	0	1	0	0	1	0	0	0	0	0	0	HueSwitch
0	0	0	0	900	0	0	0	8	1	3	0	0	1	0	0	1	0	0	0	0	0	0	HueSwitch
0	0	0	0	32	0	0	0	8	3	1	0	0	1	0	0	1	0	0	0	0	0	0	HueSwitch
0	0	0	0	32	0	0	0	8	3	1	0	0	1	0	0	1	0	0	0	0	0	0	HueSwitch
0	0	0	0	32	0	0	0	8	1	3	0	0	1	0	0	1	0	0	0	0	0	0	HueSwitch
0	0	0	0	40	0	0	0	8	2	1	0	0	1	0	0	1	0	0	0	0	0	0	HueSwitch
0	0	0	0	40	0	0	0	8	1	2	0	0	1	0	0	1	0	0	0	0	0	0	HueSwitch
0	0	0	0	32	0	0	0	8	2	1	0	0	1	0	0	1	0	0	0	0	0	0	HueSwitch
0	0	0	0	233	0	0	0	8	2	1	0	0	1	0	0	1	0	0	0	0	0	0	HueSwitch
0	0	0	0	32	0	0	0	8	1	2	0	0	1	0	0	1	0	0	0	0	0	0	HueSwitch
0	0	0	0	49	0	0	0	8	1	2	0	0	1	0	0	1	0	0	0	0	0	0	HueSwitch
0	0	0	0	900	0	0	0	8	1	2	0	0	1	0	0	1	0	0	0	0	0	0	HueSwitch
0	0	0	0	32	0	0	0	8	2	1	0	0	1	0	0	1	0	0	0	0	0	0	HueSwitch
0	0	0	0	32	0	0	0	8	2	1	0	0	1	0	0	1	0	0	0	0	0	0	HueSwitch
0	0	0	0	32	0	0	0	8	2	1	0	0	1	0	0	1	0	0	0	0	0	0	HueSwitch
0	0	0	0	32	0	0	0	8	1	2	0	0	1	0	0	1	0	0	0	0	0	0	HueSwitch
0	0	0	0	40	0	0	0	8	3	1	0	0	1	0	0	1	0	0	0	0	0	0	HueSwitch
0	0	0	0	40	0	0	0	8	1	3	0	0	1	0	0	1	0	0	0	0	0	0	HueSwitch
0	0	0	0	32	0	0	0	8	3	1	0	0	1	0	0	1	0	0	0	0	0	0	HueSwitch
0	0	0	0	233	0	0	0	8	3	1	0	0	1	0	0	1	0	0	0	0	0	0	HueSwitch
0	0	0	0	32	0	0	0	8	1	3	0	0	1	0	0	1	0	0	0	0	0	0	HueSwitch
0	0	0	0	49	0	0	0	8	1	3	0	0	1	0	0	1	0	0	0	0	0	0	HueSwitch
0	0	0	0	900	0	0	0	8	1	3	0	0	1	0	0	1	0	0	0	0	0	0	HueSwitch
0	0	0	0	900	0	0	0	8	1	3	0	0	1	0	0	1	0	0	0	0	0	0	HueSwitch
0	0	0	0	32	0	0	0	8	3	1	0	0	1	0	0	1	0	0	0	0	0	0	HueSwitch
0	0	0	0	32	0	0	0	8	3	1	0	0	1	0	0	1	0	0	0	0	0	0	HueSwitch
0	0	0	0	44	0	0	0	8	3	1	0	0	1	0	0	1	0	0	0	0	0	0	HueSwitch
0	0	0	0	32	0	0	0	8	3	1	0	0	1	0	0	1	0	0	0	0	0	0	HueSwitch
0	0	0	0	32	0	0	0	8	1	3	0	0	1	0	0	1	0	0	0	0	0	0	HueSwitch
0	0	0	0	40	0	0	0	8	2	1	0	0	1	0	0	1	0	0	0	0	0	0	HueSwitch
0	0	0	0	40	0	0	0	8	1	2	0	0	1	0	0	1	0	0	0	0	0	0	HueSwitch
0	0	0	0	32	0	0	0	8	2	1	0	0	1	0	0	1	0	0	0	0	0	0	HueSwitch
0	0	0	0	233	0	0	0	8	2	1	0	0	1	0	0	1	0	0	0	0	0	0	HueSwitch
0	0	0	0	32	0	0	0	8	1	2	0	0	1	0	0	1	0	0	0	0	0	0	HueSwitch
0	0	0	0	49	0	0	0	8	1	2	0	0	1	0	0	1	0	0	0	0	0	0	HueSwitch
0	0	0	0	900	0	0	0	8	1	2	0	0	1	0	0	1	0	0	0	0	0	0	HueSwitch
0	0	0	0	32	0	0	0	8	2	1	0	0	1	0	0	1	0	0	0	0	0	0	HueSwitch
0	0	0	0	32	0	0	0	8	2	1	0	0	1	0	0	1	0	0	0	0	0	0	HueSwitch
0	0	0	0	32	0	0	0	8	2	1	0	0	1	0	0	1	0	0	0	0	0	0	HueSwitch
0	0	0	0	32	0	0	0	8	1	2	0	0	1	0	0	1	0	0	0	0	0	0	HueSwitch
0	0	0	0	40	0	0	0	8	2	1	0	0	1	0	0	1	0	0	0	0	0	0	HueSwitch
0	0	0	0	40	0	0	0	8	1	2	0	0	1	0	0	1	0	0	0	0	0	0	HueSwitch
0	0	0	0	32	0	0	0	8	2	1	0	0	1	0	0	1	0	0	0	0	0	0	HueSwitch
0	0	0	0	233	0	0	0	8	2	1	0	0	1	0	0	1	0	0	0	0	0	0	HueSwitch
0	0	0	0	32	0	0	0	8	1	2	0	0	1	0	0	1	0	0	0	0	0	0	HueSwitch
0	0	0	0	49	0	0	0	8	1	2	0	0	1	0	0	1	0	0	0	0	0	0	HueSwitch
0	0	0	0	900	0	0	0	8	1	2	0	0	1	0	0	1	0	0	0	0	0	0	HueSwitch
0	0	0	0	32	0	0	0	8	2	1	0	0	1	0	0	1	0	0	0	0	0	0	HueSwitch
0	0	0	0	32	0	0	0	8	2	1	0	0	1	0	0	1	0	0	0	0	0	0	HueSwitch
0	0	0	0	32	0	0	0	8	2	1	0	0	1	0	0	1	0	0	0	0	0	0	HueSwitch
0	0	0	0	32	0	0	0	8	1	2	0	0	1	0	0	1	0	0	0	0	0	0	HueSwitch
0	0	0	0	40	0	0	0	8	3	1	0	0	1	0	0	1	0	0	0	0	0	0	HueSwitch
0	0	0	0	40	0	0	0	8	1	3	0	0	1	0	0	1	0	0	0	0	0	0	HueSwitch
0	0	0	0	32	0	0	0	8	3	1	0	0	1	0	0	1	0	0	0	0	0	0	HueSwitch
0	0	0	0	233	0	0	0	8	3	1	0	0	1	0	0	1	0	0	0	0	0	0	HueSwitch
0	0	0	0	32	0	0	0	8	1	3	0	0	1	0	0	1	0	0	0	0	0	0	HueSwitch
0	0	0	0	49	0	0	0	8	1	3	0	0	1	0	0	1	0	0	0	0	0	0	HueSwitch
0	0	0	0	900	0	0	0	8	1	3	0	0	1	0	0	1	0	0	0	0	0	0	HueSwitch
0	0	0	0	32	0	0	0	8	3	1	0	0	1	0	0	1	0	0	0	0	0	0	HueSwitch
0	0	0	0	32	0	0	0	8	3	1	0	0	1	0	0	1	0	0	0	0	0	0	HueSwitch
0	0	0	0	32	0	0	0	8	3	1	0	0	1	0	0	1	0	0	0	0	0	0	HueSwitch
0	0	0	0	32	0	0	0	8	1	3	0	0	1	0	0	1	0	0	0	0	0	0	HueSwitch
0	0	0	0	40	0	0	0	8	2	1	0	0	1	0	0	1	0	0	0	0	0	0	HueSwitch
0	0	0	0	40	0	0	0	8	1	2	0	0	1	0	0	1	0	0	0	0	0	0	HueSwitch
0	0	0	0	32	0	0	0	8	2	1	0	0	1	0	0	1	0	0	0	0	0	0	HueSwitch
0	0	0	0	233	0	0	0	8	2	1	0	0	1	0	0	1	0	0	0	0	0	0	HueSwitch
0	0	0	0	32	0	0	0	8	1	2	0	0	1	0	0	1	0	0	0	0	0	0	HueSwitch
0	0	0	0	49	0	0	0	8	1	2	0	0	1	0	0	1	0	0	0	0	0	0	HueSwitch
0	0	0	0	900	0	0	0	8	1	2	0	0	1	0	0	1	0	0	0	0	0	0	HueSwitch
0	0	0	0	32	0	0	0	8	2	1	0	0	1	0	0	1	0	0	0	0	0	0	HueSwitch
0	0	0	0	32	0	0	0	8	2	1	0	0	1	0	0	1	0	0	0	0	0	0	HueSwitch
0	0	0	0	32	0	0	0	8	2	1	0	0	1	0	0	1	0	0	0	0	0	0	HueSwitch
0	0	0	0	32	0	0	0	8	1	2	0	0	1	0	0	1	0	0	0	0	0	0	HueSwitch
0	0	0	0	40	0	0	0	8	3	1	0	0	1	0	0	1	0	0	0	0	0	0	HueSwitch
0	0	0	0	40	0	0	0	8	1	3	0	0	1	0	0	1	0	0	0	0	0	0	HueSwitch
0	0	0	0	32	0	0	0	8	3	1	0	0	1	0	0	1	0	0	0	0	0	0	HueSwitch
0	0	0	0	225	0	0	0	8	3	1	0	0	1	0	0	1	0	0	0	0	0	0	HueSwitch
0	0	0	0	32	0	0	0	8	1	3	0	0	1	0	0	1	0	0	0	0	0	0	HueSwitch
0	0	0	0	49	0	0	0	8	1	3	0	0	1	0	0	1	0	0	0	0	0	0	HueSwitch
0	0	0	0	32	0	0	0	8	3	1	0	0	1	0	0	1	0	0	0	0	0	0	HueSwitch
0	0	0	0	896	0	0	0	8	1	3	0	0	1	0	0	1	0	0	0	0	0	0	HueSwitch
0	0	0	0	32	0	0	0	8	3	1	0	0	1	0	0	1	0	0	0	0	0	0	HueSwitch
0	0	0	0	216	0	0	0	8	1	3	0	0	1	0	0	1	0	0	0	0	0	0	HueSwitch
0	0	0	0	1480	0	0	0	8	1	3	0	0	1	0	0	1	0	0	0	0	0	0	HueSwitch
0	0	0	0	32	0	0	0	8	3	1	0	0	1	0	0	1	0	0	0	0	0	0	HueSwitch
0	0	0	0	999	0	0	0	8	1	3	0	0	1	0	0	1	0	0	0	0	0	0	HueSwitch
0	0	0	0	1115	0	0	0	8	1	3	0	0	1	0	0	1	0	0	0	0	0	0	HueSwitch
0	0	0	0	32	0	0	0	8	3	1	0	0	1	0	0	1	0	0	0	0	0	0	HueSwitch
0	0	0	0	32	0	0	0	8	3	1	0	0	1	0	0	1	0	0	0	0	0	0	HueSwitch
0	0	0	0	32	0	0	0	8	3	1	0	0	1	0	0	1	0	0	0	0	0	0	HueSwitch
0	0	0	0	32	0	0	0	8	1	3	0	0	1	0	0	1	0	0	0	0	0	0	HueSwitch
0	0	0	0	40	0	0	0	8	2	1	0	0	1	0	0	1	0	0	0	0	0	0	HueSwitch
0	0	0	0	40	0	0	0	8	1	2	0	0	1	0	0	1	0	0	0	0	0	0	HueSwitch
0	0	0	0	32	0	0	0	8	2	1	0	0	1	0	0	1	0	0	0	0	0	0	HueSwitch
0	0	0	0	233	0	0	0	8	2	1	0	0	1	0	0	1	0	0	0	0	0	0	HueSwitch
0	0	0	0	32	0	0	0	8	1	2	0	0	1	0	0	1	0	0	0	0	0	0	HueSwitch
0	0	0	0	49	0	0	0	8	1	2	0	0	1	0	0	1	0	0	0	0	0	0	HueSwitch
0	0	0	0	32	0	0	0	8	2	1	0	0	1	0	0	1	0	0	0	0	0	0	HueSwitch
0	0	0	0	900	0	0	0	8	1	2	0	0	1	0	0	1	0	0	0	0	0	0	HueSwitch
0	0	0	0	32	0	0	0	8	2	1	0	0	1	0	0	1	0	0	0	0	0	0	HueSwitch
0	0	0	0	32	0	0	0	8	2	1	0	0	1	0	0	1	0	0	0	0	0	0	HueSwitch
0	0	0	0	32	0	0	0	8	1	2	0	0	1	0	0	1	0	0	0	0	0	0	HueSwitch
0	0	0	0	40	0	0	0	8	3	1	0	0	1	0	0	1	0	0	0	0	0	0	HueSwitch
0	0	0	0	40	0	0	0	8	1	3	0	0	1	0	0	1	0	0	0	0	0	0	HueSwitch
0	0	0	0	32	0	0	0	8	3	1	0	0	1	0	0	1	0	0	0	0	0	0	HueSwitch
0	0	0	0	233	0	0	0	8	3	1	0	0	1	0	0	1	0	0	0	0	0	0	HueSwitch
0	0	0	0	32	0	0	0	8	1	3	0	0	1	0	0	1	0	0	0	0	0	0	HueSwitch
0	0	0	0	49	0	0	0	8	1	3	0	0	1	0	0	1	0	0	0	0	0	0	HueSwitch
0	0	0	0	900	0	0	0	8	1	3	0	0	1	0	0	1	0	0	0	0	0	0	HueSwitch
0	0	0	0	900	0	0	0	8	1	3	0	0	1	0	0	1	0	0	0	0	0	0	HueSwitch
0	0	0	0	32	0	0	0	8	3	1	0	0	1	0	0	1	0	0	0	0	0	0	HueSwitch
0	0	0	0	32	0	0	0	8	3	1	0	0	1	0	0	1	0	0	0	0	0	0	HueSwitch
0	0	0	0	44	0	0	0	8	3	1	0	0	1	0	0	1	0	0	0	0	0	0	HueSwitch
0	0	0	0	32	0	0	0	8	3	1	0	0	1	0	0	1	0	0	0	0	0	0	HueSwitch
0	0	0	0	32	0	0	0	8	1	3	0	0	1	0	0	1	0	0	0	0	0	0	HueSwitch
0	0	0	0	40	0	0	0	8	2	1	0	0	1	0	0	1	0	0	0	0	0	0	HueSwitch
0	0	0	0	40	0	0	0	8	1	2	0	0	1	0	0	1	0	0	0	0	0	0	HueSwitch
0	0	0	0	32	0	0	0	8	2	1	0	0	1	0	0	1	0	0	0	0	0	0	HueSwitch
0	0	0	0	233	0	0	0	8	2	1	0	0	1	0	0	1	0	0	0	0	0	0	HueSwitch
0	0	0	0	32	0	0	0	8	1	2	0	0	1	0	0	1	0	0	0	0	0	0	HueSwitch
0	0	0	0	49	0	0	0	8	1	2	0	0	1	0	0	1	0	0	0	0	0	0	HueSwitch
0	0	0	0	900	0	0	0	8	1	2	0	0	1	0	0	1	0	0	0	0	0	0	HueSwitch
0	0	0	0	32	0	0	0	8	2	1	0	0	1	0	0	1	0	0	0	0	0	0	HueSwitch
0	0	0	0	32	0	0	0	8	2	1	0	0	1	0	0	1	0	0	0	0	0	0	HueSwitch
0	0	0	0	32	0	0	0	8	2	1	0	0	1	0	0	1	0	0	0	0	0	0	HueSwitch
0	0	0	0	32	0	0	0	8	1	2	0	0	1	0	0	1	0	0	0	0	0	0	HueSwitch
