0	0	0	1	0	0	0	0	1	0	0	0	0	0	0	0	0	0	0	0	0	0	0	D-LinkSwitch
0	0	0	1	0	0	0	0	1	0	0	0	0	0	0	0	0	0	0	0	0	0	0	D-LinkSwitch
0	0	0	0	0	0	0	0	1	0	0	0	0	0	0	0	0	0	0	0	0	0	0	D-LinkSwitch
0	0	0	0	0	0	0	0	1	0	0	0	0	0	0	0	0	0	0	0	0	0	0	D-LinkSwitch
0	0	0	0	0	0	0	0	1	0	0	0	0	0	0	0	0	0	0	0	0	0	0	D-LinkSwitch
0	0	0	0	317	0	0	0	2	1	1	0	0	0	1	0	0	1	1	0	0	0	0	D-LinkSwitch
0	0	0	0	329	0	0	0	2	1	1	0	0	0	1	0	0	1	1	0	0	0	0	D-LinkSwitch
0	0	0	0	16	0	0	1	3	0	0	0	0	0	0	0	0	0	0	0	0	0	0	D-LinkSwitch
0	0	0	0	523	0	0	0	4	2	2	0	0	0	1	0	0	0	0	0	0	1	0	D-LinkSwitch
0	0	0	0	108	0	0	0	4	2	2	0	0	0	1	0	0	0	0	0	0	1	0	D-LinkSwitch
0	0	0	0	523	0	0	0	4	2	2	0	0	0	1	0	0	0	0	0	0	1	0	D-LinkSwitch
0	0	0	0	523	0	0	0	4	2	2	0	0	0	1	0	0	0	0	0	0	1	0	D-LinkSwitch
0	0	0	0	493	0	0	0	4	2	2	0	0	0	1	0	0	0	0	0	0	1	0	D-LinkSwitch
0	0	0	0	299	0	0	0	4	2	2	0	0	0	1	0	0	0	0	0	0	1	0	D-LinkSwitch
0	0	0	0	274	0	0	0	4	2	2	0	0	0	1	0	0	0	0	0	0	1	0	D-LinkSwitch
0	0	0	0	16	0	0	1	4	0	0	0	0	0	0	0	0	0	0	0	0	0	0	D-LinkSwitch
0	1	0	0	0	0	0	0	4	0	0	0	0	0	0	0	0	0	0	0	0	0	0	D-LinkSwitch
0	1	0	0	0	0	0	0	4	0	0	0	0	0	0	0	0	0	0	0	0	0	0	D-LinkSwitch
0	0	0	0	40	0	0	0	5	3	1	0	0	0	1	0	0	0	0	0	1	0	0	D-LinkSwitch
0	0	0	0	40	0	0	0	5	2	1	0	0	0	1	0	0	0	0	0	1	0	0	D-LinkSwitch
0	0	0	0	72	0	0	0	6	1	2	0	0	0	1	0	0	0	0	0	1	0	0	D-LinkSwitch
0	0	0	0	56	0	0	0	7	3	1	0	0	0	1	0	0	0	0	0	0	0	1	D-LinkSwitch
0	0	0	0	361	0	0	0	7	1	3	0	0	0	1	0	0	0	0	0	1	0	0	D-LinkSwitch
0	0	0	0	79	0	0	0	7	2	1	0	0	0	1	0	0	0	0	0	1	0	0	D-LinkSwitch
0	0	0	0	135	0	0	0	7	1	2	0	0	0	1	0	0	0	0	0	1	0	0	D-LinkSwitch
0	0	0	0	40	0	0	0	7	2	1	0	0	0	1	0	0	0	0	0	1	0	0	D-LinkSwitch
0	0	0	0	56	0	0	0	7	1	3	0	0	0	1	0	0	0	0	0	0	0	1	D-LinkSwitch
0	0	0	0	337	0	0	0	7	1	2	0	0	0	1	0	0	0	0	0	1	0	0	D-LinkSwitch
0	0	0	0	40	0	0	0	8	2	1	0	0	1	0	0	1	0	0	0	0	0	0	D-LinkSwitch
0	0	0	0	40	0	0	0	8	1	2	0	0	1	0	0	1	0	0	0	0	0	0	D-LinkSwitch
0	0	0	0	32	0	0	0	8	2	1	0	0	1	0	0	1	0	0	0	0	0	0	D-LinkSwitch
0	0	0	0	169	0	0	0	8	2	1	0	0	1	0	0	1	0	0	0	0	0	0	D-LinkSwitch
0	0	0	0	32	0	0	0	8	1	2	0	0	1	0	0	1	0	0	0	0	0	0	D-LinkSwitch
0	0	0	0	692	0	0	0	8	1	2	0	0	1	0	0	1	0	0	0	0	0	0	D-LinkSwitch
0	0	0	0	32	0	0	0	8	2	1	0	0	1	0	0	1	0	0	0	0	0	0	D-LinkSwitch
0	0	0	0	16	0	0	1	8	0	0	0	0	0	0	0	0	0	0	0	0	0	0	D-LinkSwitch
0	0	0	0	32	0	0	0	8	2	1	0	0	1	0	0	1	0	0	0	0	0	0	D-LinkSwitch
0	0	0	0	298	0	0	0	8	2	2	0	0	0	1	0	0	0	0	0	0	1	0	D-LinkSwitch
0	0	0	0	32	0	0	0	8	1	2	0	0	1	0	0	1	0	0	0	0	0	0	D-LinkSwitch
0	0	0	0	32	0	0	0	8	2	1	0	0	1	0	0	1	0	0	0	0	0	0	D-LinkSwitch
0	0	0	0	298	0	0	0	8	2	2	0	0	0	1	0	0	0	0	0	0	1	0	D-LinkSwitch
0	0	0	0	298	0	0	0	8	2	2	0	0	0	1	0	0	0	0	0	0	1	0	D-LinkSwitch
0	0	0	0	274	0	0	0	8	2	2	0	0	0	1	0	0	0	0	0	0	1	0	D-LinkSwitch
0	0	0	0	255	0	0	0	8	2	2	0	0	0	1	0	0	0	0	0	0	1	0	D-LinkSwitch
0	0	0	0	255	0	0	0	8	2	2	0	0	0	1	0	0	0	0	0	0	1	0	D-LinkSwitch
0	0	0	0	255	0	0	0	8	2	2	0	0	0	1	0	0	0	0	0	0	1	0	D-LinkSwitch
0	0	0	0	344	0	0	0	8	2	2	0	0	0	1	0	0	0	0	0	0	1	0	D-LinkSwitch
0	0	0	0	230	0	0	0	8	2	2	0	0	0	1	0	0	0	0	0	0	1	0	D-LinkSwitch
0	0	0	0	16	0	0	1	8	0	0	0	0	0	0	0	0	0	0	0	0	0	0	D-LinkSwitch
0	0	0	0	344	0	0	0	8	2	2	0	0	0	1	0	0	0	0	0	0	1	0	D-LinkSwitch
0	1	0	0	0	0	0	0	8	0	0	0	0	0	0	0	0	0	0	0	0	0	0	D-LinkSwitch
0	1	0	0	0	0	0	0	8	0	0	0	0	0	0	0	0	0	0	0	0	0	0	D-LinkSwitch
0	0	0	0	274	0	0	0	8	2	2	0	0	0	1	0	0	0	0	0	0	1	0	D-LinkSwitch
0	0	0	0	344	0	0	0	8	2	2	0	0	0	1	0	0	0	0	0	0	1	0	D-LinkSwitch
0	0	0	0	307	0	0	0	8	2	2	0	0	0	1	0	0	0	0	0	0	1	0	D-LinkSwitch
0	0	0	0	344	0	0	0	8	2	2	0	0	0	1	0	0	0	0	0	0	1	0	D-LinkSwitch
0	0	0	0	274	0	0	0	8	2	2	0	0	0	1	0	0	0	0	0	0	1	0	D-LinkSwitch
0	0	0	0	16	0	0	1	8	0	0	0	0	0	0	0	0	0	0	0	0	0	0	D-LinkSwitch
0	0	0	0	43	0	0	0	8	3	1	0	0	0	1	0	0	0	0	0	1	0	0	D-LinkSwitch
0	0	0	0	151	0	0	0	8	1	3	0	0	0	1	0	0	0	0	0	1	0	0	D-LinkSwitch
0	0	0	0	40	0	0	0	9	2	1	0	0	1	0	1	0	0	0	0	0	0	0	D-LinkSwitch
0	0	0	0	40	0	0	0	9	1	2	0	0	1	0	1	0	0	0	0	0	0	0	D-LinkSwitch
0	0	0	0	32	0	0	0	9	2	1	0	0	1	0	1	0	0	0	0	0	0	0	D-LinkSwitch
0	0	0	0	239	0	0	0	9	2	1	0	0	1	0	1	0	0	0	0	0	0	0	D-LinkSwitch
0	0	0	0	32	0	0	0	9	1	2	0	0	1	0	1	0	0	0	0	0	0	0	D-LinkSwitch
0	0	0	0	1400	0	0	0	9	1	2	0	0	1	0	1	0	0	0	0	0	0	0	D-LinkSwitch
0	0	0	0	1400	0	0	0	9	1	2	0	0	1	0	1	0	0	0	0	0	0	0	D-LinkSwitch
0	0	0	0	1113	0	0	0	9	1	2	0	0	1	0	1	0	0	0	0	0	0	0	D-LinkSwitch
0	0	0	0	32	0	0	0	9	2	1	0	0	1	0	1	0	0	0	0	0	0	0	D-LinkSwitch
0	0	0	0	32	0	0	0	9	2	1	0	0	1	0	1	0	0	0	0	0	0	0	D-LinkSwitch
0	0	0	0	32	0	0	0	9	2	1	0	0	1	0	1	0	0	0	0	0	0	0	D-LinkSwitch
0	0	0	0	166	0	0	0	9	2	1	0	0	1	0	1	0	0	0	0	0	0	0	D-LinkSwitch
0	0	0	0	266	0	0	0	9	1	2	0	0	1	0	1	0	0	0	0	0	0	0	D-LinkSwitch
0	0	0	0	32	0	0	0	9	2	1	0	0	1	0	1	0	0	0	0	0	0	0	D-LinkSwitch
0	0	0	0	554	0	0	0	9	2	1	0	0	1	0	1	0	0	0	0	0	0	0	D-LinkSwitch
0	0	0	0	32	0	0	0	9	1	2	0	0	1	0	1	0	0	0	0	0	0	0	D-LinkSwitch
0	0	0	0	581	0	0	0	9	1	2	0	0	1	0	1	0	0	0	0	0	0	0	D-LinkSwitch
0	0	0	0	69	0	0	0	9	1	2	0	0	1	0	1	0	0	0	0	0	0	0	D-LinkSwitch
0	0	0	0	32	0	0	0	9	2	1	0	0	1	0	1	0	0	0	0	0	0	0	D-LinkSwitch
0	0	0	0	32	0	0	0	9	2	1	0	0	1	0	1	0	0	0	0	0	0	0	D-LinkSwitch
0	0	0	0	32	0	0	0	9	2	1	0	0	1	0	1	0	0	0	0	0	0	0	D-LinkSwitch
0	0	0	0	40	0	0	0	9	2	1	0	0	1	0	1	0	0	0	0	0	0	0	D-LinkSwitch
0	0	0	0	40	0	0	0	9	1	2	0	0	1	0	1	0	0	0	0	0	0	0	D-LinkSwitch
0	0	0	0	32	0	0	0	9	2	1	0	0	1	0	1	0	0	0	0	0	0	0	D-LinkSwitch
0	0	0	0	239	0	0	0	9	2	1	0	0	1	0	1	0	0	0	0	0	0	0	D-LinkSwitch
0	0	0	0	32	0	0	0	9	1	2	0	0	1	0	1	0	0	0	0	0	0	0	D-LinkSwitch
0	0	0	0	1400	0	0	0	9	1	2	0	0	1	0	1	0	0	0	0	0	0	0	D-LinkSwitch
0	0	0	0	1400	0	0	0	9	1	2	0	0	1	0	1	0	0	0	0	0	0	0	D-LinkSwitch
0	0	0	0	1113	0	0	0	9	1	2	0	0	1	0	1	0	0	0	0	0	0	0	D-LinkSwitch
0	0	0	0	32	0	0	0	9	2	1	0	0	1	0	1	0	0	0	0	0	0	0	D-LinkSwitch
0	0	0	0	32	0	0	0	9	2	1	0	0	1	0	1	0	0	0	0	0	0	0	D-LinkSwitch
0	0	0	0	32	0	0	0	9	2	1	0	0	1	0	1	0	0	0	0	0	0	0	D-LinkSwitch
0	0	0	0	16	0	0	1	9	0	0	0	0	0	0	0	0	0	0	0	0	0	0	D-LinkSwitch
0	0	0	0	166	0	0	0	9	2	1	0	0	1	0	1	0	0	0	0	0	0	0	D-LinkSwitch
0	0	0	0	266	0	0	0	9	1	2	0	0	1	0	1	0	0	0	0	0	0	0	D-LinkSwitch
0	0	0	0	32	0	0	0	9	2	1	0	0	1	0	1	0	0	0	0	0	0	0	D-LinkSwitch
0	0	0	0	570	0	0	0	9	2	1	0	0	1	0	1	0	0	0	0	0	0	0	D-LinkSwitch
0	0	0	0	32	0	0	0	9	1	2	0	0	1	0	1	0	0	0	0	0	0	0	D-LinkSwitch
0	0	0	0	1194	0	0	0	9	2	1	0	0	1	0	1	0	0	0	0	0	0	0	D-LinkSwitch
0	0	0	0	32	0	0	0	9	1	2	0	0	1	0	1	0	0	0	0	0	0	0	D-LinkSwitch
0	0	0	0	298	0	0	0	9	2	2	0	0	0	1	0	0	0	0	0	0	1	0	D-LinkSwitch
0	0	0	0	629	0	0	0	9	1	2	0	0	1	0	1	0	0	0	0	0	0	0	D-LinkSwitch
0	0	0	0	32	0	0	0	9	2	1	0	0	1	0	1	0	0	0	0	0	0	0	D-LinkSwitch
0	0	0	0	32	0	0	0	9	2	1	0	0	1	0	1	0	0	0	0	0	0	0	D-LinkSwitch
0	0	0	0	69	0	0	0	9	1	2	0	0	1	0	1	0	0	0	0	0	0	0	D-LinkSwitch
0	0	0	0	32	0	0	0	9	1	2	0	0	1	0	1	0	0	0	0	0	0	0	D-LinkSwitch
0	0	0	0	20	0	0	0	9	2	1	0	0	1	0	1	0	0	0	0	0	0	0	D-LinkSwitch
0	0	0	0	20	0	0	0	9	2	1	0	0	1	0	1	0	0	0	0	0	0	0	D-LinkSwitch
0	0	0	0	298	0	0	0	9	2	2	0	0	0	1	0	0	0	0	0	0	1	0	D-LinkSwitch
0	0	0	0	40	0	0	0	9	2	1	0	0	1	0	1	0	0	0	0	0	0	0	D-LinkSwitch
0	0	0	0	40	0	0	0	9	1	2	0	0	1	0	1	0	0	0	0	0	0	0	D-LinkSwitch
0	0	0	0	32	0	0	0	9	2	1	0	0	1	0	1	0	0	0	0	0	0	0	D-LinkSwitch
0	0	0	0	239	0	0	0	9	2	1	0	0	1	0	1	0	0	0	0	0	0	0	D-LinkSwitch
0	0	0	0	32	0	0	0	9	1	2	0	0	1	0	1	0	0	0	0	0	0	0	D-LinkSwitch
0	0	0	0	1400	0	0	0	9	1	2	0	0	1	0	1	0	0	0	0	0	0	0	D-LinkSwitch
0	0	0	0	1400	0	0	0	9	1	2	0	0	1	0	1	0	0	0	0	0	0	0	D-LinkSwitch
0	0	0	0	1113	0	0	0	9	1	2	0	0	1	0	1	0	0	0	0	0	0	0	D-LinkSwitch
0	0	0	0	32	0	0	0	9	2	1	0	0	1	0	1	0	0	0	0	0	0	0	D-LinkSwitch
0	0	0	0	32	0	0	0	9	2	1	0	0	1	0	1	0	0	0	0	0	0	0	D-LinkSwitch
0	0	0	0	32	0	0	0	9	2	1	0	0	1	0	1	0	0	0	0	0	0	0	D-LinkSwitch
0	0	0	0	166	0	0	0	9	2	1	0	0	1	0	1	0	0	0	0	0	0	0	D-LinkSwitch
0	0	0	0	266	0	0	0	9	1	2	0	0	1	0	1	0	0	0	0	0	0	0	D-LinkSwitch
0	0	0	0	32	0	0	0	9	2	1	0	0	1	0	1	0	0	0	0	0	0	0	D-LinkSwitch
0	0	0	0	426	0	0	0	9	2	1	0	0	1	0	1	0	0	0	0	0	0	0	D-LinkSwitch
0	0	0	0	298	0	0	0	9	2	2	0	0	0	1	0	0	0	0	0	0	1	0	D-LinkSwitch
0	0	0	0	32	0	0	0	9	1	2	0	0	1	0	1	0	0	0	0	0	0	0	D-LinkSwitch
0	0	0	0	274	0	0	0	9	2	2	0	0	0	1	0	0	0	0	0	0	1	0	D-LinkSwitch
0	0	0	0	40	0	0	0	9	3	1	0	0	0	1	0	0	0	0	0	1	0	0	D-LinkSwitch
0	0	0	0	72	0	0	0	9	1	3	0	0	0	1	0	0	0	0	0	1	0	0	D-LinkSwitch
0	0	0	0	56	0	0	0	10	3	1	0	0	0	1	0	0	0	0	0	0	0	1	D-LinkSwitch
0	0	0	0	255	0	0	0	10	2	2	0	0	0	1	0	0	0	0	0	0	1	0	D-LinkSwitch
0	0	0	0	56	0	0	0	10	1	3	0	0	0	1	0	0	0	0	0	0	0	1	D-LinkSwitch
0	0	0	0	437	0	0	0	10	1	2	0	0	1	0	1	0	0	0	0	0	0	0	D-LinkSwitch
0	0	0	0	69	0	0	0	10	1	2	0	0	1	0	1	0	0	0	0	0	0	0	D-LinkSwitch
0	0	0	0	32	0	0	0	10	2	1	0	0	1	0	1	0	0	0	0	0	0	0	D-LinkSwitch
0	0	0	0	32	0	0	0	10	2	1	0	0	1	0	1	0	0	0	0	0	0	0	D-LinkSwitch
0	0	0	0	45	0	0	0	10	2	1	0	0	0	1	0	0	0	0	0	1	0	0	D-LinkSwitch
0	0	0	0	262	0	0	0	10	1	2	0	0	0	1	0	0	0	0	0	1	0	0	D-LinkSwitch
0	0	0	0	40	0	0	0	11	2	1	0	0	1	0	1	0	0	0	0	0	0	0	D-LinkSwitch
0	0	0	0	32	0	0	0	11	1	2	0	0	1	0	1	0	0	0	0	0	0	0	D-LinkSwitch
0	0	0	0	20	0	0	0	11	2	1	0	0	1	0	1	0	0	0	0	0	0	0	D-LinkSwitch
0	0	0	0	255	0	0	0	11	2	2	0	0	0	1	0	0	0	0	0	0	1	0	D-LinkSwitch
0	0	0	0	227	0	0	0	11	2	1	0	0	1	0	1	0	0	0	0	0	0	0	D-LinkSwitch
0	0	0	0	20	0	0	0	11	1	2	0	0	1	0	1	0	0	0	0	0	0	0	D-LinkSwitch
0	0	0	0	78	0	0	0	11	1	2	0	0	1	0	1	0	0	0	0	0	0	0	D-LinkSwitch
0	0	0	0	1400	0	0	0	11	1	2	0	0	1	0	1	0	0	0	0	0	0	0	D-LinkSwitch
0	0	0	0	1400	0	0	0	11	1	2	0	0	1	0	1	0	0	0	0	0	0	0	D-LinkSwitch
0	0	0	0	666	0	0	0	11	1	2	0	0	1	0	1	0	0	0	0	0	0	0	D-LinkSwitch
0	0	0	0	20	0	0	0	11	2	1	0	0	1	0	1	0	0	0	0	0	0	0	D-LinkSwitch
0	0	0	0	20	0	0	0	11	2	1	0	0	1	0	1	0	0	0	0	0	0	0	D-LinkSwitch
0	0	0	0	20	0	0	0	11	2	1	0	0	1	0	1	0	0	0	0	0	0	0	D-LinkSwitch
0	0	0	0	20	0	0	0	11	2	1	0	0	1	0	1	0	0	0	0	0	0	0	D-LinkSwitch
0	0	0	0	356	0	0	0	11	1	2	0	0	1	0	1	0	0	0	0	0	0	0	D-LinkSwitch
0	0	0	0	29	0	0	0	11	1	2	0	0	1	0	1	0	0	0	0	0	0	0	D-LinkSwitch
0	0	0	0	20	0	0	0	11	2	1	0	0	1	0	1	0	0	0	0	0	0	0	D-LinkSwitch
0	0	0	0	20	0	0	0	11	2	1	0	0	1	0	1	0	0	0	0	0	0	0	D-LinkSwitch
0	0	0	0	154	0	0	0	11	2	1	0	0	1	0	1	0	0	0	0	0	0	0	D-LinkSwitch
0	0	0	0	139	0	0	0	11	1	2	0	0	1	0	1	0	0	0	0	0	0	0	D-LinkSwitch
0	0	0	0	26	0	0	0	11	1	2	0	0	1	0	1	0	0	0	0	0	0	0	D-LinkSwitch
0	0	0	0	73	0	0	0	11	1	2	0	0	1	0	1	0	0	0	0	0	0	0	D-LinkSwitch
0	0	0	0	73	0	0	0	11	1	2	0	0	1	0	1	0	0	0	0	0	0	0	D-LinkSwitch
0	0	0	0	32	0	0	0	11	2	1	0	0	1	0	1	0	0	0	0	0	0	0	D-LinkSwitch
0	0	0	0	32	0	0	0	11	2	1	0	0	1	0	1	0	0	0	0	0	0	0	D-LinkSwitch
0	0	0	0	222	0	0	0	11	2	1	0	0	1	0	1	0	0	0	0	0	0	0	D-LinkSwitch
0	0	0	0	255	0	0	0	11	2	2	0	0	0	1	0	0	0	0	0	0	1	0	D-LinkSwitch
0	0	0	0	20	0	0	0	11	1	2	0	0	1	0	1	0	0	0	0	0	0	0	D-LinkSwitch
0	0	0	0	344	0	0	0	11	2	2	0	0	0	1	0	0	0	0	0	0	1	0	D-LinkSwitch
0	0	0	0	46	0	0	0	11	2	1	0	0	0	1	0	0	0	0	0	1	0	0	D-LinkSwitch
0	0	0	0	230	0	0	0	11	2	2	0	0	0	1	0	0	0	0	0	0	1	0	D-LinkSwitch
0	0	0	0	344	0	0	0	11	1	2	0	0	0	1	0	0	0	0	0	1	0	0	D-LinkSwitch
0	0	0	0	40	0	0	0	12	3	1	0	0	1	0	0	1	0	0	0	0	0	0	D-LinkSwitch
0	0	0	0	40	0	0	0	12	1	3	0	0	1	0	0	1	0	0	0	0	0	0	D-LinkSwitch
0	0	0	0	32	0	0	0	12	3	1	0	0	1	0	0	1	0	0	0	0	0	0	D-LinkSwitch
0	0	0	0	231	0	0	0	12	3	1	0	0	1	0	0	1	0	0	0	0	0	0	D-LinkSwitch
0	0	0	0	32	0	0	0	12	1	3	0	0	1	0	0	1	0	0	0	0	0	0	D-LinkSwitch
0	0	0	0	237	0	0	0	12	1	3	0	0	1	0	0	1	0	0	0	0	0	0	D-LinkSwitch
0	0	0	0	32	0	0	0	12	3	1	0	0	1	0	0	1	0	0	0	0	0	0	D-LinkSwitch
0	0	0	0	32	0	0	0	12	3	1	0	0	1	0	0	1	0	0	0	0	0	0	D-LinkSwitch
0	0	0	0	32	0	0	0	12	1	3	0	0	1	0	0	1	0	0	0	0	0	0	D-LinkSwitch
0	0	0	0	32	0	0	0	12	3	1	0	0	1	0	0	1	0	0	0	0	0	0	D-LinkSwitch
0	0	0	0	344	0	0	0	12	2	2	0	0	0	1	0	0	0	0	0	0	1	0	D-LinkSwitch
0	0	0	0	274	0	0	0	12	2	2	0	0	0	1	0	0	0	0	0	0	1	0	D-LinkSwitch
0	0	0	0	16	0	0	1	12	0	0	0	0	0	0	0	0	0	0	0	0	0	0	D-LinkSwitch
0	0	0	0	57	0	0	0	12	1	2	0	0	1	0	1	0	0	0	0	0	0	0	D-LinkSwitch
0	0	0	0	1097	0	0	0	12	1	2	0	0	1	0	1	0	0	0	0	0	0	0	D-LinkSwitch
0	0	0	0	20	0	0	0	12	2	1	0	0	1	0	1	0	0	0	0	0	0	0	D-LinkSwitch
0	0	0	0	20	0	0	0	12	2	1	0	0	1	0	1	0	0	0	0	0	0	0	D-LinkSwitch
0	0	0	0	40	0	0	0	12	2	1	0	0	1	0	1	0	0	0	0	0	0	0	D-LinkSwitch
0	0	0	0	32	0	0	0	12	1	2	0	0	1	0	1	0	0	0	0	0	0	0	D-LinkSwitch
0	0	0	0	20	0	0	0	12	2	1	0	0	1	0	1	0	0	0	0	0	0	0	D-LinkSwitch
0	0	0	0	227	0	0	0	12	2	1	0	0	1	0	1	0	0	0	0	0	0	0	D-LinkSwitch
0	0	0	0	20	0	0	0	12	1	2	0	0	1	0	1	0	0	0	0	0	0	0	D-LinkSwitch
0	0	0	0	78	0	0	0	12	1	2	0	0	1	0	1	0	0	0	0	0	0	0	D-LinkSwitch
0	0	0	0	1400	0	0	0	12	1	2	0	0	1	0	1	0	0	0	0	0	0	0	D-LinkSwitch
0	0	0	0	1400	0	0	0	12	1	2	0	0	1	0	1	0	0	0	0	0	0	0	D-LinkSwitch
0	0	0	0	666	0	0	0	12	1	2	0	0	1	0	1	0	0	0	0	0	0	0	D-LinkSwitch
0	0	0	0	20	0	0	0	12	2	1	0	0	1	0	1	0	0	0	0	0	0	0	D-LinkSwitch
0	0	0	0	20	0	0	0	12	2	1	0	0	1	0	1	0	0	0	0	0	0	0	D-LinkSwitch
0	0	0	0	20	0	0	0	12	2	1	0	0	1	0	1	0	0	0	0	0	0	0	D-LinkSwitch
0	0	0	0	20	0	0	0	12	2	1	0	0	1	0	1	0	0	0	0	0	0	0	D-LinkSwitch
0	0	0	0	356	0	0	0	12	1	2	0	0	1	0	1	0	0	0	0	0	0	0	D-LinkSwitch
0	0	0	0	29	0	0	0	12	1	2	0	0	1	0	1	0	0	0	0	0	0	0	D-LinkSwitch
0	0	0	0	20	0	0	0	12	2	1	0	0	1	0	1	0	0	0	0	0	0	0	D-LinkSwitch
0	0	0	0	20	0	0	0	12	2	1	0	0	1	0	1	0	0	0	0	0	0	0	D-LinkSwitch
0	0	0	0	16	0	0	1	12	0	0	0	0	0	0	0	0	0	0	0	0	0	0	D-LinkSwitch
0	0	0	0	298	0	0	0	12	2	2	0	0	0	1	0	0	0	0	0	0	1	0	D-LinkSwitch
0	0	0	0	154	0	0	0	12	2	1	0	0	1	0	1	0	0	0	0	0	0	0	D-LinkSwitch
0	0	0	0	139	0	0	0	12	1	2	0	0	1	0	1	0	0	0	0	0	0	0	D-LinkSwitch
0	0	0	0	26	0	0	0	12	1	2	0	0	1	0	1	0	0	0	0	0	0	0	D-LinkSwitch
0	0	0	0	73	0	0	0	12	1	2	0	0	1	0	1	0	0	0	0	0	0	0	D-LinkSwitch
0	0	0	0	73	0	0	0	12	1	2	0	0	1	0	1	0	0	0	0	0	0	0	D-LinkSwitch
0	0	0	0	32	0	0	0	12	2	1	0	0	1	0	1	0	0	0	0	0	0	0	D-LinkSwitch
0	0	0	0	222	0	0	0	12	2	1	0	0	1	0	1	0	0	0	0	0	0	0	D-LinkSwitch
0	0	0	0	20	0	0	0	12	1	2	0	0	1	0	1	0	0	0	0	0	0	0	D-LinkSwitch
0	0	0	0	1400	0	0	0	12	2	1	0	0	1	0	1	0	0	0	0	0	0	0	D-LinkSwitch
0	0	0	0	442	0	0	0	12	2	1	0	0	1	0	1	0	0	0	0	0	0	0	D-LinkSwitch
0	0	0	0	20	0	0	0	12	1	2	0	0	1	0	1	0	0	0	0	0	0	0	D-LinkSwitch
0	0	0	0	20	0	0	0	12	1	2	0	0	1	0	1	0	0	0	0	0	0	0	D-LinkSwitch
0	0	0	0	298	0	0	0	12	2	2	0	0	0	1	0	0	0	0	0	0	1	0	D-LinkSwitch
0	0	0	0	57	0	0	0	12	1	2	0	0	1	0	1	0	0	0	0	0	0	0	D-LinkSwitch
0	0	0	0	1049	0	0	0	12	1	2	0	0	1	0	1	0	0	0	0	0	0	0	D-LinkSwitch
0	0	0	0	20	0	0	0	12	2	1	0	0	1	0	1	0	0	0	0	0	0	0	D-LinkSwitch
0	0	0	0	20	0	0	0	12	2	1	0	0	1	0	1	0	0	0	0	0	0	0	D-LinkSwitch
0	0	0	0	862	0	0	0	12	2	1	0	0	1	0	1	0	0	0	0	0	0	0	D-LinkSwitch
0	0	0	0	20	0	0	0	12	1	2	0	0	1	0	1	0	0	0	0	0	0	0	D-LinkSwitch
0	0	0	0	298	0	0	0	12	2	2	0	0	0	1	0	0	0	0	0	0	1	0	D-LinkSwitch
0	0	0	0	57	0	0	0	12	1	2	0	0	1	0	1	0	0	0	0	0	0	0	D-LinkSwitch
0	0	0	0	1049	0	0	0	12	1	2	0	0	1	0	1	0	0	0	0	0	0	0	D-LinkSwitch
0	0	0	0	20	0	0	0	12	2	1	0	0	1	0	1	0	0	0	0	0	0	0	D-LinkSwitch
0	0	0	0	20	0	0	0	12	2	1	0	0	1	0	1	0	0	0	0	0	0	0	D-LinkSwitch
0	0	0	0	862	0	0	0	12	2	1	0	0	1	0	1	0	0	0	0	0	0	0	D-LinkSwitch
0	0	0	0	20	0	0	0	12	1	2	0	0	1	0	1	0	0	0	0	0	0	0	D-LinkSwitch
0	0	0	0	244	0	0	0	12	2	2	0	0	0	1	0	0	0	0	0	0	1	0	D-LinkSwitch
0	0	0	0	88	0	0	0	12	2	2	0	0	0	1	0	0	0	0	0	0	1	0	D-LinkSwitch
0	0	0	0	257	0	0	0	12	2	2	0	0	0	1	0	0	0	0	0	0	1	0	D-LinkSwitch
0	0	0	0	40	0	0	0	12	2	1	0	0	0	1	0	0	0	0	0	1	0	0	D-LinkSwitch
0	0	0	0	72	0	0	0	12	1	2	0	0	0	1	0	0	0	0	0	1	0	0	D-LinkSwitch
0	0	0	0	56	0	0	0	12	3	1	0	0	0	1	0	0	0	0	0	0	0	1	D-LinkSwitch
0	0	0	0	56	0	0	0	12	1	3	0	0	0	1	0	0	0	0	0	0	0	1	D-LinkSwitch
0	0	0	0	257	0	0	0	12	2	2	0	0	0	1	0	0	0	0	0	0	1	0	D-LinkSwitch
0	0	0	0	257	0	0	0	12	2	2	0	0	0	1	0	0	0	0	0	0	1	0	D-LinkSwitch
0	0	0	0	346	0	0	0	12	2	2	0	0	0	1	0	0	0	0	0	0	1	0	D-LinkSwitch
0	0	0	0	214	0	0	0	12	2	2	0	0	0	1	0	0	0	0	0	0	1	0	D-LinkSwitch
0	0	0	0	49	0	0	0	12	2	2	0	0	0	1	0	0	0	0	0	0	1	0	D-LinkSwitch
0	0	0	0	46	0	0	0	12	3	1	0	0	0	1	0	0	0	0	0	1	0	0	D-LinkSwitch
0	0	0	0	344	0	0	0	12	1	3	0	0	0	1	0	0	0	0	0	1	0	0	D-LinkSwitch
0	0	0	0	40	0	0	0	13	2	1	0	0	1	0	0	1	0	0	0	0	0	0	D-LinkSwitch
0	0	0	0	40	0	0	0	13	1	2	0	0	1	0	0	1	0	0	0	0	0	0	D-LinkSwitch
0	0	0	0	32	0	0	0	13	2	1	0	0	1	0	0	1	0	0	0	0	0	0	D-LinkSwitch
0	0	0	0	231	0	0	0	13	2	1	0	0	1	0	0	1	0	0	0	0	0	0	D-LinkSwitch
0	0	0	0	32	0	0	0	13	1	2	0	0	1	0	0	1	0	0	0	0	0	0	D-LinkSwitch
0	0	0	0	237	0	0	0	13	1	2	0	0	1	0	0	1	0	0	0	0	0	0	D-LinkSwitch
0	0	0	0	32	0	0	0	13	2	1	0	0	1	0	0	1	0	0	0	0	0	0	D-LinkSwitch
0	0	0	0	32	0	0	0	13	2	1	0	0	1	0	0	1	0	0	0	0	0	0	D-LinkSwitch
0	0	0	0	32	0	0	0	13	1	2	0	0	1	0	0	1	0	0	0	0	0	0	D-LinkSwitch
0	0	0	0	32	0	0	0	13	2	1	0	0	1	0	0	1	0	0	0	0	0	0	D-LinkSwitch
0	0	0	0	346	0	0	0	13	2	2	0	0	0	1	0	0	0	0	0	0	1	0	D-LinkSwitch
0	0	0	0	274	0	0	0	13	2	2	0	0	0	1	0	0	0	0	0	0	1	0	D-LinkSwitch
0	0	0	0	16	0	0	1	13	0	0	0	0	0	0	0	0	0	0	0	0	0	0	D-LinkSwitch
0	0	0	0	16	0	0	1	13	0	0	0	0	0	0	0	0	0	0	0	0	0	0	D-LinkSwitch
0	0	0	0	43	0	0	0	13	2	1	0	0	0	1	0	0	0	0	0	1	0	0	D-LinkSwitch
0	0	0	0	151	0	0	0	13	1	2	0	0	0	1	0	0	0	0	0	1	0	0	D-LinkSwitch
0	0	0	0	40	0	0	0	14	3	1	0	0	1	0	0	1	0	0	0	0	0	0	D-LinkSwitch
0	0	0	0	40	0	0	0	14	1	3	0	0	1	0	0	1	0	0	0	0	0	0	D-LinkSwitch
0	0	0	0	32	0	0	0	14	3	1	0	0	1	0	0	1	0	0	0	0	0	0	D-LinkSwitch
0	0	0	0	336	0	0	0	14	3	1	0	0	1	0	0	1	0	0	0	0	0	0	D-LinkSwitch
0	0	0	0	32	0	0	0	14	1	3	0	0	1	0	0	1	0	0	0	0	0	0	D-LinkSwitch
0	0	0	0	525	0	0	0	14	1	3	0	0	1	0	0	1	0	0	0	0	0	0	D-LinkSwitch
0	0	0	0	32	0	0	0	14	3	1	0	0	1	0	0	1	0	0	0	0	0	0	D-LinkSwitch
0	0	0	0	32	0	0	0	14	3	1	0	0	1	0	0	1	0	0	0	0	0	0	D-LinkSwitch
0	0	0	0	32	0	0	0	14	1	3	0	0	1	0	0	1	0	0	0	0	0	0	D-LinkSwitch
0	0	0	0	298	0	0	0	14	2	2	0	0	0	1	0	0	0	0	0	0	1	0	D-LinkSwitch
0	0	0	0	32	0	0	0	14	3	1	0	0	1	0	0	1	0	0	0	0	0	0	D-LinkSwitch
0	0	0	0	298	0	0	0	14	2	2	0	0	0	1	0	0	0	0	0	0	1	0	D-LinkSwitch
0	0	0	0	298	0	0	0	14	2	2	0	0	0	1	0	0	0	0	0	0	1	0	D-LinkSwitch
0	0	0	0	193	0	0	0	14	2	2	0	0	0	1	0	0	0	0	0	0	1	0	D-LinkSwitch
0	0	0	0	122	0	0	0	14	2	2	0	0	0	1	0	0	0	0	0	0	1	0	D-LinkSwitch
0	0	0	0	20	0	0	0	14	1	2	0	0	1	0	1	0	0	0	0	0	0	0	D-LinkSwitch
0	0	0	0	20	0	0	0	14	2	1	0	0	1	0	1	0	0	0	0	0	0	0	D-LinkSwitch
0	0	0	0	257	0	0	0	14	2	2	0	0	0	1	0	0	0	0	0	0	1	0	D-LinkSwitch
0	0	0	0	52	0	0	0	14	2	1	0	0	0	1	0	0	0	0	0	1	0	0	D-LinkSwitch
0	0	0	0	257	0	0	0	14	2	2	0	0	0	1	0	0	0	0	0	0	1	0	D-LinkSwitch
0	1	0	0	0	0	0	0	14	0	0	0	0	0	0	0	0	0	0	0	0	0	0	D-LinkSwitch
0	1	0	0	0	0	0	0	14	0	0	0	0	0	0	0	0	0	0	0	0	0	0	D-LinkSwitch
0	0	0	0	20	0	0	0	14	1	2	0	0	1	0	1	0	0	0	0	0	0	0	D-LinkSwitch
0	0	0	0	20	0	0	0	14	2	1	0	0	1	0	1	0	0	0	0	0	0	0	D-LinkSwitch
0	0	0	0	269	0	0	0	14	1	2	0	0	0	1	0	0	0	0	0	1	0	0	D-LinkSwitch
0	0	0	0	40	0	0	0	15	3	1	0	0	1	0	0	1	0	0	0	0	0	0	D-LinkSwitch
0	0	0	0	257	0	0	0	15	2	2	0	0	0	1	0	0	0	0	0	0	1	0	D-LinkSwitch
0	0	0	0	32	0	0	0	15	1	3	0	0	1	0	0	1	0	0	0	0	0	0	D-LinkSwitch
0	0	0	0	20	0	0	0	15	3	1	0	0	1	0	0	1	0	0	0	0	0	0	D-LinkSwitch
0	0	0	0	224	0	0	0	15	3	1	0	0	1	0	0	1	0	0	0	0	0	0	D-LinkSwitch
0	0	0	0	346	0	0	0	15	2	2	0	0	0	1	0	0	0	0	0	0	1	0	D-LinkSwitch
0	0	0	0	20	0	0	0	15	1	3	0	0	1	0	0	1	0	0	0	0	0	0	D-LinkSwitch
0	0	0	0	389	0	0	0	15	1	3	0	0	1	0	0	1	0	0	0	0	0	0	D-LinkSwitch
0	0	0	0	1400	0	0	0	15	1	3	0	0	1	0	0	1	0	0	0	0	0	0	D-LinkSwitch
0	0	0	0	1400	0	0	0	15	1	3	0	0	1	0	0	1	0	0	0	0	0	0	D-LinkSwitch
0	0	0	0	1400	0	0	0	15	1	3	0	0	1	0	0	1	0	0	0	0	0	0	D-LinkSwitch
0	0	0	0	20	0	0	0	15	3	1	0	0	1	0	0	1	0	0	0	0	0	0	D-LinkSwitch
0	0	0	0	20	0	0	0	15	3	1	0	0	1	0	0	1	0	0	0	0	0	0	D-LinkSwitch
0	0	0	0	20	0	0	0	15	3	1	0	0	1	0	0	1	0	0	0	0	0	0	D-LinkSwitch
0	0	0	0	20	0	0	0	15	3	1	0	0	1	0	0	1	0	0	0	0	0	0	D-LinkSwitch
0	0	0	0	214	0	0	0	15	2	2	0	0	0	1	0	0	0	0	0	0	1	0	D-LinkSwitch
0	0	0	0	49	0	0	0	15	2	2	0	0	0	1	0	0	0	0	0	0	1	0	D-LinkSwitch
0	0	0	0	1400	0	0	0	15	1	3	0	0	1	0	0	1	0	0	0	0	0	0	D-LinkSwitch
0	0	0	0	1400	0	0	0	15	1	3	0	0	1	0	0	1	0	0	0	0	0	0	D-LinkSwitch
0	0	0	0	1400	0	0	0	15	1	3	0	0	1	0	0	1	0	0	0	0	0	0	D-LinkSwitch
0	0	0	0	1400	0	0	0	15	1	3	0	0	1	0	0	1	0	0	0	0	0	0	D-LinkSwitch
0	0	0	0	1400	0	0	0	15	1	3	0	0	1	0	0	1	0	0	0	0	0	0	D-LinkSwitch
0	0	0	0	1400	0	0	0	15	1	3	0	0	1	0	0	1	0	0	0	0	0	0	D-LinkSwitch
0	0	0	0	1400	0	0	0	15	1	3	0	0	1	0	0	1	0	0	0	0	0	0	D-LinkSwitch
0	0	0	0	1400	0	0	0	15	1	3	0	0	1	0	0	1	0	0	0	0	0	0	D-LinkSwitch
0	0	0	0	1400	0	0	0	15	1	3	0	0	1	0	0	1	0	0	0	0	0	0	D-LinkSwitch
0	0	0	0	1400	0	0	0	15	1	3	0	0	1	0	0	1	0	0	0	0	0	0	D-LinkSwitch
0	0	0	0	20	0	0	0	15	3	1	0	0	1	0	0	1	0	0	0	0	0	0	D-LinkSwitch
0	0	0	0	20	0	0	0	15	3	1	0	0	1	0	0	1	0	0	0	0	0	0	D-LinkSwitch
0	0	0	0	20	0	0	0	15	3	1	0	0	1	0	0	1	0	0	0	0	0	0	D-LinkSwitch
0	0	0	0	20	0	0	0	15	3	1	0	0	1	0	0	1	0	0	0	0	0	0	D-LinkSwitch
0	0	0	0	20	0	0	0	15	3	1	0	0	1	0	0	1	0	0	0	0	0	0	D-LinkSwitch
0	0	0	0	20	0	0	0	15	3	1	0	0	1	0	0	1	0	0	0	0	0	0	D-LinkSwitch
0	0	0	0	20	0	0	0	15	3	1	0	0	1	0	0	1	0	0	0	0	0	0	D-LinkSwitch
0	0	0	0	20	0	0	0	15	3	1	0	0	1	0	0	1	0	0	0	0	0	0	D-LinkSwitch
0	0	0	0	1400	0	0	0	15	1	3	0	0	1	0	0	1	0	0	0	0	0	0	D-LinkSwitch
0	0	0	0	1400	0	0	0	15	1	3	0	0	1	0	0	1	0	0	0	0	0	0	D-LinkSwitch
0	0	0	0	1400	0	0	0	15	1	3	0	0	1	0	0	1	0	0	0	0	0	0	D-LinkSwitch
0	0	0	0	20	0	0	0	15	3	1	0	0	1	0	0	1	0	0	0	0	0	0	D-LinkSwitch
0	0	0	0	1400	0	0	0	15	1	3	0	0	1	0	0	1	0	0	0	0	0	0	D-LinkSwitch
0	0	0	0	20	0	0	0	15	3	1	0	0	1	0	0	1	0	0	0	0	0	0	D-LinkSwitch
0	0	0	0	1400	0	0	0	15	1	3	0	0	1	0	0	1	0	0	0	0	0	0	D-LinkSwitch
0	0	0	0	1400	0	0	0	15	1	3	0	0	1	0	0	1	0	0	0	0	0	0	D-LinkSwitch
0	0	0	0	1400	0	0	0	15	1	3	0	0	1	0	0	1	0	0	0	0	0	0	D-LinkSwitch
0	0	0	0	1400	0	0	0	15	1	3	0	0	1	0	0	1	0	0	0	0	0	0	D-LinkSwitch
0	0	0	0	1400	0	0	0	15	1	3	0	0	1	0	0	1	0	0	0	0	0	0	D-LinkSwitch
0	0	0	0	1400	0	0	0	15	1	3	0	0	1	0	0	1	0	0	0	0	0	0	D-LinkSwitch
0	0	0	0	1400	0	0	0	15	1	3	0	0	1	0	0	1	0	0	0	0	0	0	D-LinkSwitch
0	0	0	0	20	0	0	0	15	3	1	0	0	1	0	0	1	0	0	0	0	0	0	D-LinkSwitch
0	0	0	0	20	0	0	0	15	3	1	0	0	1	0	0	1	0	0	0	0	0	0	D-LinkSwitch
0	0	0	0	20	0	0	0	15	3	1	0	0	1	0	0	1	0	0	0	0	0	0	D-LinkSwitch
0	0	0	0	1400	0	0	0	15	1	3	0	0	1	0	0	1	0	0	0	0	0	0	D-LinkSwitch
0	0	0	0	20	0	0	0	15	3	1	0	0	1	0	0	1	0	0	0	0	0	0	D-LinkSwitch
0	0	0	0	1400	0	0	0	15	1	3	0	0	1	0	0	1	0	0	0	0	0	0	D-LinkSwitch
0	0	0	0	1400	0	0	0	15	1	3	0	0	1	0	0	1	0	0	0	0	0	0	D-LinkSwitch
0	0	0	0	1400	0	0	0	15	1	3	0	0	1	0	0	1	0	0	0	0	0	0	D-LinkSwitch
0	0	0	0	1400	0	0	0	15	1	3	0	0	1	0	0	1	0	0	0	0	0	0	D-LinkSwitch
0	0	0	0	20	0	0	0	15	3	1	0	0	1	0	0	1	0	0	0	0	0	0	D-LinkSwitch
0	0	0	0	20	0	0	0	15	3	1	0	0	1	0	0	1	0	0	0	0	0	0	D-LinkSwitch
0	0	0	0	1400	0	0	0	15	1	3	0	0	1	0	0	1	0	0	0	0	0	0	D-LinkSwitch
0	0	0	0	1400	0	0	0	15	1	3	0	0	1	0	0	1	0	0	0	0	0	0	D-LinkSwitch
0	0	0	0	20	0	0	0	15	3	1	0	0	1	0	0	1	0	0	0	0	0	0	D-LinkSwitch
0	0	0	0	1400	0	0	0	15	1	3	0	0	1	0	0	1	0	0	0	0	0	0	D-LinkSwitch
0	0	0	0	1400	0	0	0	15	1	3	0	0	1	0	0	1	0	0	0	0	0	0	D-LinkSwitch
0	0	0	0	1400	0	0	0	15	1	3	0	0	1	0	0	1	0	0	0	0	0	0	D-LinkSwitch
0	0	0	0	1400	0	0	0	15	1	3	0	0	1	0	0	1	0	0	0	0	0	0	D-LinkSwitch
0	0	0	0	20	0	0	0	15	3	1	0	0	1	0	0	1	0	0	0	0	0	0	D-LinkSwitch
0	0	0	0	20	0	0	0	15	3	1	0	0	1	0	0	1	0	0	0	0	0	0	D-LinkSwitch
0	0	0	0	1400	0	0	0	15	1	3	0	0	1	0	0	1	0	0	0	0	0	0	D-LinkSwitch
0	0	0	0	1400	0	0	0	15	1	3	0	0	1	0	0	1	0	0	0	0	0	0	D-LinkSwitch
0	0	0	0	20	0	0	0	15	3	1	0	0	1	0	0	1	0	0	0	0	0	0	D-LinkSwitch
0	0	0	0	1400	0	0	0	15	1	3	0	0	1	0	0	1	0	0	0	0	0	0	D-LinkSwitch
0	0	0	0	1400	0	0	0	15	1	3	0	0	1	0	0	1	0	0	0	0	0	0	D-LinkSwitch
0	0	0	0	1400	0	0	0	15	1	3	0	0	1	0	0	1	0	0	0	0	0	0	D-LinkSwitch
0	0	0	0	1400	0	0	0	15	1	3	0	0	1	0	0	1	0	0	0	0	0	0	D-LinkSwitch
0	0	0	0	20	0	0	0	15	3	1	0	0	1	0	0	1	0	0	0	0	0	0	D-LinkSwitch
0	0	0	0	20	0	0	0	15	3	1	0	0	1	0	0	1	0	0	0	0	0	0	D-LinkSwitch
0	0	0	0	1400	0	0	0	15	1	3	0	0	1	0	0	1	0	0	0	0	0	0	D-LinkSwitch
0	0	0	0	1400	0	0	0	15	1	3	0	0	1	0	0	1	0	0	0	0	0	0	D-LinkSwitch
0	0	0	0	20	0	0	0	15	3	1	0	0	1	0	0	1	0	0	0	0	0	0	D-LinkSwitch
0	0	0	0	1400	0	0	0	15	1	3	0	0	1	0	0	1	0	0	0	0	0	0	D-LinkSwitch
0	0	0	0	1400	0	0	0	15	1	3	0	0	1	0	0	1	0	0	0	0	0	0	D-LinkSwitch
0	0	0	0	1400	0	0	0	15	1	3	0	0	1	0	0	1	0	0	0	0	0	0	D-LinkSwitch
0	0	0	0	1400	0	0	0	15	1	3	0	0	1	0	0	1	0	0	0	0	0	0	D-LinkSwitch
0	0	0	0	20	0	0	0	15	3	1	0	0	1	0	0	1	0	0	0	0	0	0	D-LinkSwitch
0	0	0	0	20	0	0	0	15	3	1	0	0	1	0	0	1	0	0	0	0	0	0	D-LinkSwitch
0	0	0	0	1400	0	0	0	15	1	3	0	0	1	0	0	1	0	0	0	0	0	0	D-LinkSwitch
0	0	0	0	1400	0	0	0	15	1	3	0	0	1	0	0	1	0	0	0	0	0	0	D-LinkSwitch
0	0	0	0	20	0	0	0	15	3	1	0	0	1	0	0	1	0	0	0	0	0	0	D-LinkSwitch
0	0	0	0	1400	0	0	0	15	1	3	0	0	1	0	0	1	0	0	0	0	0	0	D-LinkSwitch
0	0	0	0	1400	0	0	0	15	1	3	0	0	1	0	0	1	0	0	0	0	0	0	D-LinkSwitch
0	0	0	0	1400	0	0	0	15	1	3	0	0	1	0	0	1	0	0	0	0	0	0	D-LinkSwitch
0	0	0	0	1400	0	0	0	15	1	3	0	0	1	0	0	1	0	0	0	0	0	0	D-LinkSwitch
0	0	0	0	20	0	0	0	15	3	1	0	0	1	0	0	1	0	0	0	0	0	0	D-LinkSwitch
0	0	0	0	1400	0	0	0	15	1	3	0	0	1	0	0	1	0	0	0	0	0	0	D-LinkSwitch
0	0	0	0	1400	0	0	0	15	1	3	0	0	1	0	0	1	0	0	0	0	0	0	D-LinkSwitch
0	0	0	0	20	0	0	0	15	3	1	0	0	1	0	0	1	0	0	0	0	0	0	D-LinkSwitch
0	0	0	0	20	0	0	0	15	3	1	0	0	1	0	0	1	0	0	0	0	0	0	D-LinkSwitch
0	0	0	0	1400	0	0	0	15	1	3	0	0	1	0	0	1	0	0	0	0	0	0	D-LinkSwitch
0	0	0	0	1400	0	0	0	15	1	3	0	0	1	0	0	1	0	0	0	0	0	0	D-LinkSwitch
0	0	0	0	1400	0	0	0	15	1	3	0	0	1	0	0	1	0	0	0	0	0	0	D-LinkSwitch
0	0	0	0	1400	0	0	0	15	1	3	0	0	1	0	0	1	0	0	0	0	0	0	D-LinkSwitch
0	0	0	0	20	0	0	0	15	3	1	0	0	1	0	0	1	0	0	0	0	0	0	D-LinkSwitch
0	0	0	0	20	0	0	0	15	3	1	0	0	1	0	0	1	0	0	0	0	0	0	D-LinkSwitch
0	0	0	0	1400	0	0	0	15	1	3	0	0	1	0	0	1	0	0	0	0	0	0	D-LinkSwitch
0	0	0	0	1400	0	0	0	15	1	3	0	0	1	0	0	1	0	0	0	0	0	0	D-LinkSwitch
0	0	0	0	20	0	0	0	15	3	1	0	0	1	0	0	1	0	0	0	0	0	0	D-LinkSwitch
0	0	0	0	346	0	0	0	15	2	2	0	0	0	1	0	0	0	0	0	0	1	0	D-LinkSwitch
0	0	0	0	1400	0	0	0	15	1	3	0	0	1	0	0	1	0	0	0	0	0	0	D-LinkSwitch
0	0	0	0	1400	0	0	0	15	1	3	0	0	1	0	0	1	0	0	0	0	0	0	D-LinkSwitch
0	0	0	0	1400	0	0	0	15	1	3	0	0	1	0	0	1	0	0	0	0	0	0	D-LinkSwitch
0	0	0	0	1400	0	0	0	15	1	3	0	0	1	0	0	1	0	0	0	0	0	0	D-LinkSwitch
0	0	0	0	20	0	0	0	15	3	1	0	0	1	0	0	1	0	0	0	0	0	0	D-LinkSwitch
0	0	0	0	1400	0	0	0	15	1	3	0	0	1	0	0	1	0	0	0	0	0	0	D-LinkSwitch
0	0	0	0	1400	0	0	0	15	1	3	0	0	1	0	0	1	0	0	0	0	0	0	D-LinkSwitch
0	0	0	0	20	0	0	0	15	3	1	0	0	1	0	0	1	0	0	0	0	0	0	D-LinkSwitch
0	0	0	0	20	0	0	0	15	3	1	0	0	1	0	0	1	0	0	0	0	0	0	D-LinkSwitch
0	0	0	0	1400	0	0	0	15	1	3	0	0	1	0	0	1	0	0	0	0	0	0	D-LinkSwitch
0	0	0	0	1400	0	0	0	15	1	3	0	0	1	0	0	1	0	0	0	0	0	0	D-LinkSwitch
0	0	0	0	1400	0	0	0	15	1	3	0	0	1	0	0	1	0	0	0	0	0	0	D-LinkSwitch
0	0	0	0	1400	0	0	0	15	1	3	0	0	1	0	0	1	0	0	0	0	0	0	D-LinkSwitch
0	0	0	0	20	0	0	0	15	3	1	0	0	1	0	0	1	0	0	0	0	0	0	D-LinkSwitch
0	0	0	0	20	0	0	0	15	3	1	0	0	1	0	0	1	0	0	0	0	0	0	D-LinkSwitch
0	0	0	0	1400	0	0	0	15	1	3	0	0	1	0	0	1	0	0	0	0	0	0	D-LinkSwitch
0	0	0	0	1400	0	0	0	15	1	3	0	0	1	0	0	1	0	0	0	0	0	0	D-LinkSwitch
0	0	0	0	20	0	0	0	15	3	1	0	0	1	0	0	1	0	0	0	0	0	0	D-LinkSwitch
0	0	0	0	1400	0	0	0	15	1	3	0	0	1	0	0	1	0	0	0	0	0	0	D-LinkSwitch
0	0	0	0	1400	0	0	0	15	1	3	0	0	1	0	0	1	0	0	0	0	0	0	D-LinkSwitch
0	0	0	0	20	0	0	0	15	3	1	0	0	1	0	0	1	0	0	0	0	0	0	D-LinkSwitch
0	0	0	0	1400	0	0	0	15	1	3	0	0	1	0	0	1	0	0	0	0	0	0	D-LinkSwitch
0	0	0	0	1400	0	0	0	15	1	3	0	0	1	0	0	1	0	0	0	0	0	0	D-LinkSwitch
0	0	0	0	1400	0	0	0	15	1	3	0	0	1	0	0	1	0	0	0	0	0	0	D-LinkSwitch
0	0	0	0	1400	0	0	0	15	1	3	0	0	1	0	0	1	0	0	0	0	0	0	D-LinkSwitch
0	0	0	0	1400	0	0	0	15	1	3	0	0	1	0	0	1	0	0	0	0	0	0	D-LinkSwitch
0	0	0	0	1400	0	0	0	15	1	3	0	0	1	0	0	1	0	0	0	0	0	0	D-LinkSwitch
0	0	0	0	20	0	0	0	15	3	1	0	0	1	0	0	1	0	0	0	0	0	0	D-LinkSwitch
0	0	0	0	1400	0	0	0	15	1	3	0	0	1	0	0	1	0	0	0	0	0	0	D-LinkSwitch
0	0	0	0	1400	0	0	0	15	1	3	0	0	1	0	0	1	0	0	0	0	0	0	D-LinkSwitch
0	0	0	0	20	0	0	0	15	3	1	0	0	1	0	0	1	0	0	0	0	0	0	D-LinkSwitch
0	0	0	0	20	0	0	0	15	3	1	0	0	1	0	0	1	0	0	0	0	0	0	D-LinkSwitch
0	0	0	0	20	0	0	0	15	3	1	0	0	1	0	0	1	0	0	0	0	0	0	D-LinkSwitch
0	0	0	0	1400	0	0	0	15	1	3	0	0	1	0	0	1	0	0	0	0	0	0	D-LinkSwitch
0	0	0	0	1400	0	0	0	15	1	3	0	0	1	0	0	1	0	0	0	0	0	0	D-LinkSwitch
0	0	0	0	20	0	0	0	15	3	1	0	0	1	0	0	1	0	0	0	0	0	0	D-LinkSwitch
0	0	0	0	1400	0	0	0	15	1	3	0	0	1	0	0	1	0	0	0	0	0	0	D-LinkSwitch
0	0	0	0	1400	0	0	0	15	1	3	0	0	1	0	0	1	0	0	0	0	0	0	D-LinkSwitch
0	0	0	0	20	0	0	0	15	3	1	0	0	1	0	0	1	0	0	0	0	0	0	D-LinkSwitch
0	0	0	0	1400	0	0	0	15	1	3	0	0	1	0	0	1	0	0	0	0	0	0	D-LinkSwitch
0	0	0	0	1400	0	0	0	15	1	3	0	0	1	0	0	1	0	0	0	0	0	0	D-LinkSwitch
0	0	0	0	1400	0	0	0	15	1	3	0	0	1	0	0	1	0	0	0	0	0	0	D-LinkSwitch
0	0	0	0	1400	0	0	0	15	1	3	0	0	1	0	0	1	0	0	0	0	0	0	D-LinkSwitch
0	0	0	0	20	0	0	0	15	3	1	0	0	1	0	0	1	0	0	0	0	0	0	D-LinkSwitch
0	0	0	0	20	0	0	0	15	3	1	0	0	1	0	0	1	0	0	0	0	0	0	D-LinkSwitch
0	0	0	0	1400	0	0	0	15	1	3	0	0	1	0	0	1	0	0	0	0	0	0	D-LinkSwitch
0	0	0	0	1400	0	0	0	15	1	3	0	0	1	0	0	1	0	0	0	0	0	0	D-LinkSwitch
0	0	0	0	1400	0	0	0	15	1	3	0	0	1	0	0	1	0	0	0	0	0	0	D-LinkSwitch
0	0	0	0	1400	0	0	0	15	1	3	0	0	1	0	0	1	0	0	0	0	0	0	D-LinkSwitch
0	0	0	0	20	0	0	0	15	3	1	0	0	1	0	0	1	0	0	0	0	0	0	D-LinkSwitch
0	0	0	0	20	0	0	0	15	3	1	0	0	1	0	0	1	0	0	0	0	0	0	D-LinkSwitch
0	0	0	0	1400	0	0	0	15	1	3	0	0	1	0	0	1	0	0	0	0	0	0	D-LinkSwitch
0	0	0	0	1400	0	0	0	15	1	3	0	0	1	0	0	1	0	0	0	0	0	0	D-LinkSwitch
0	0	0	0	20	0	0	0	15	3	1	0	0	1	0	0	1	0	0	0	0	0	0	D-LinkSwitch
0	0	0	0	1400	0	0	0	15	1	3	0	0	1	0	0	1	0	0	0	0	0	0	D-LinkSwitch
0	0	0	0	1400	0	0	0	15	1	3	0	0	1	0	0	1	0	0	0	0	0	0	D-LinkSwitch
0	0	0	0	20	0	0	0	15	3	1	0	0	1	0	0	1	0	0	0	0	0	0	D-LinkSwitch
0	0	0	0	1400	0	0	0	15	1	3	0	0	1	0	0	1	0	0	0	0	0	0	D-LinkSwitch
0	0	0	0	1400	0	0	0	15	1	3	0	0	1	0	0	1	0	0	0	0	0	0	D-LinkSwitch
0	0	0	0	1400	0	0	0	15	1	3	0	0	1	0	0	1	0	0	0	0	0	0	D-LinkSwitch
0	0	0	0	1400	0	0	0	15	1	3	0	0	1	0	0	1	0	0	0	0	0	0	D-LinkSwitch
0	0	0	0	20	0	0	0	15	3	1	0	0	1	0	0	1	0	0	0	0	0	0	D-LinkSwitch
0	0	0	0	1400	0	0	0	15	1	3	0	0	1	0	0	1	0	0	0	0	0	0	D-LinkSwitch
0	0	0	0	1400	0	0	0	15	1	3	0	0	1	0	0	1	0	0	0	0	0	0	D-LinkSwitch
0	0	0	0	1400	0	0	0	15	1	3	0	0	1	0	0	1	0	0	0	0	0	0	D-LinkSwitch
0	0	0	0	1400	0	0	0	15	1	3	0	0	1	0	0	1	0	0	0	0	0	0	D-LinkSwitch
0	0	0	0	20	0	0	0	15	3	1	0	0	1	0	0	1	0	0	0	0	0	0	D-LinkSwitch
0	0	0	0	20	0	0	0	15	3	1	0	0	1	0	0	1	0	0	0	0	0	0	D-LinkSwitch
0	0	0	0	20	0	0	0	15	3	1	0	0	1	0	0	1	0	0	0	0	0	0	D-LinkSwitch
0	0	0	0	1400	0	0	0	15	1	3	0	0	1	0	0	1	0	0	0	0	0	0	D-LinkSwitch
0	0	0	0	1400	0	0	0	15	1	3	0	0	1	0	0	1	0	0	0	0	0	0	D-LinkSwitch
0	0	0	0	20	0	0	0	15	3	1	0	0	1	0	0	1	0	0	0	0	0	0	D-LinkSwitch
0	0	0	0	1400	0	0	0	15	1	3	0	0	1	0	0	1	0	0	0	0	0	0	D-LinkSwitch
0	0	0	0	1400	0	0	0	15	1	3	0	0	1	0	0	1	0	0	0	0	0	0	D-LinkSwitch
0	0	0	0	20	0	0	0	15	3	1	0	0	1	0	0	1	0	0	0	0	0	0	D-LinkSwitch
0	0	0	0	1400	0	0	0	15	1	3	0	0	1	0	0	1	0	0	0	0	0	0	D-LinkSwitch
0	0	0	0	1400	0	0	0	15	1	3	0	0	1	0	0	1	0	0	0	0	0	0	D-LinkSwitch
0	0	0	0	20	0	0	0	15	3	1	0	0	1	0	0	1	0	0	0	0	0	0	D-LinkSwitch
0	0	0	0	1400	0	0	0	15	1	3	0	0	1	0	0	1	0	0	0	0	0	0	D-LinkSwitch
0	0	0	0	1400	0	0	0	15	1	3	0	0	1	0	0	1	0	0	0	0	0	0	D-LinkSwitch
0	0	0	0	20	0	0	0	15	3	1	0	0	1	0	0	1	0	0	0	0	0	0	D-LinkSwitch
0	0	0	0	1400	0	0	0	15	1	3	0	0	1	0	0	1	0	0	0	0	0	0	D-LinkSwitch
0	0	0	0	1400	0	0	0	15	1	3	0	0	1	0	0	1	0	0	0	0	0	0	D-LinkSwitch
0	0	0	0	1400	0	0	0	15	1	3	0	0	1	0	0	1	0	0	0	0	0	0	D-LinkSwitch
0	0	0	0	1400	0	0	0	15	1	3	0	0	1	0	0	1	0	0	0	0	0	0	D-LinkSwitch
0	0	0	0	20	0	0	0	15	3	1	0	0	1	0	0	1	0	0	0	0	0	0	D-LinkSwitch
0	0	0	0	20	0	0	0	15	3	1	0	0	1	0	0	1	0	0	0	0	0	0	D-LinkSwitch
0	0	0	0	1400	0	0	0	15	1	3	0	0	1	0	0	1	0	0	0	0	0	0	D-LinkSwitch
0	0	0	0	1400	0	0	0	15	1	3	0	0	1	0	0	1	0	0	0	0	0	0	D-LinkSwitch
0	0	0	0	20	0	0	0	15	3	1	0	0	1	0	0	1	0	0	0	0	0	0	D-LinkSwitch
0	0	0	0	1400	0	0	0	15	1	3	0	0	1	0	0	1	0	0	0	0	0	0	D-LinkSwitch
0	0	0	0	1400	0	0	0	15	1	3	0	0	1	0	0	1	0	0	0	0	0	0	D-LinkSwitch
0	0	0	0	20	0	0	0	15	3	1	0	0	1	0	0	1	0	0	0	0	0	0	D-LinkSwitch
0	0	0	0	1400	0	0	0	15	1	3	0	0	1	0	0	1	0	0	0	0	0	0	D-LinkSwitch
0	0	0	0	1400	0	0	0	15	1	3	0	0	1	0	0	1	0	0	0	0	0	0	D-LinkSwitch
0	0	0	0	20	0	0	0	15	3	1	0	0	1	0	0	1	0	0	0	0	0	0	D-LinkSwitch
0	0	0	0	1400	0	0	0	15	1	3	0	0	1	0	0	1	0	0	0	0	0	0	D-LinkSwitch
0	0	0	0	1400	0	0	0	15	1	3	0	0	1	0	0	1	0	0	0	0	0	0	D-LinkSwitch
0	0	0	0	20	0	0	0	15	3	1	0	0	1	0	0	1	0	0	0	0	0	0	D-LinkSwitch
0	0	0	0	1400	0	0	0	15	1	3	0	0	1	0	0	1	0	0	0	0	0	0	D-LinkSwitch
0	0	0	0	1400	0	0	0	15	1	3	0	0	1	0	0	1	0	0	0	0	0	0	D-LinkSwitch
0	0	0	0	1400	0	0	0	15	1	3	0	0	1	0	0	1	0	0	0	0	0	0	D-LinkSwitch
0	0	0	0	1400	0	0	0	15	1	3	0	0	1	0	0	1	0	0	0	0	0	0	D-LinkSwitch
0	0	0	0	20	0	0	0	15	3	1	0	0	1	0	0	1	0	0	0	0	0	0	D-LinkSwitch
0	0	0	0	20	0	0	0	15	3	1	0	0	1	0	0	1	0	0	0	0	0	0	D-LinkSwitch
0	0	0	0	1400	0	0	0	15	1	3	0	0	1	0	0	1	0	0	0	0	0	0	D-LinkSwitch
0	0	0	0	1400	0	0	0	15	1	3	0	0	1	0	0	1	0	0	0	0	0	0	D-LinkSwitch
0	0	0	0	20	0	0	0	15	3	1	0	0	1	0	0	1	0	0	0	0	0	0	D-LinkSwitch
0	0	0	0	258	0	0	0	15	2	2	0	0	0	1	0	0	0	0	0	0	1	0	D-LinkSwitch
0	0	0	0	49	0	0	0	15	2	2	0	0	0	1	0	0	0	0	0	0	1	0	D-LinkSwitch
0	0	0	0	1400	0	0	0	15	1	3	0	0	1	0	0	1	0	0	0	0	0	0	D-LinkSwitch
0	0	0	0	1400	0	0	0	15	1	3	0	0	1	0	0	1	0	0	0	0	0	0	D-LinkSwitch
0	0	0	0	20	0	0	0	15	3	1	0	0	1	0	0	1	0	0	0	0	0	0	D-LinkSwitch
0	0	0	0	1400	0	0	0	15	1	3	0	0	1	0	0	1	0	0	0	0	0	0	D-LinkSwitch
0	0	0	0	1400	0	0	0	15	1	3	0	0	1	0	0	1	0	0	0	0	0	0	D-LinkSwitch
0	0	0	0	20	0	0	0	15	3	1	0	0	1	0	0	1	0	0	0	0	0	0	D-LinkSwitch
0	0	0	0	1400	0	0	0	15	1	3	0	0	1	0	0	1	0	0	0	0	0	0	D-LinkSwitch
0	0	0	0	1400	0	0	0	15	1	3	0	0	1	0	0	1	0	0	0	0	0	0	D-LinkSwitch
0	0	0	0	20	0	0	0	15	3	1	0	0	1	0	0	1	0	0	0	0	0	0	D-LinkSwitch
0	0	0	0	1400	0	0	0	15	1	3	0	0	1	0	0	1	0	0	0	0	0	0	D-LinkSwitch
0	0	0	0	1400	0	0	0	15	1	3	0	0	1	0	0	1	0	0	0	0	0	0	D-LinkSwitch
0	0	0	0	20	0	0	0	15	3	1	0	0	1	0	0	1	0	0	0	0	0	0	D-LinkSwitch
0	0	0	0	1400	0	0	0	15	1	3	0	0	1	0	0	1	0	0	0	0	0	0	D-LinkSwitch
0	0	0	0	1400	0	0	0	15	1	3	0	0	1	0	0	1	0	0	0	0	0	0	D-LinkSwitch
0	0	0	0	20	0	0	0	15	3	1	0	0	1	0	0	1	0	0	0	0	0	0	D-LinkSwitch
0	0	0	0	1400	0	0	0	15	1	3	0	0	1	0	0	1	0	0	0	0	0	0	D-LinkSwitch
0	0	0	0	1400	0	0	0	15	1	3	0	0	1	0	0	1	0	0	0	0	0	0	D-LinkSwitch
0	0	0	0	20	0	0	0	15	3	1	0	0	1	0	0	1	0	0	0	0	0	0	D-LinkSwitch
0	0	0	0	1400	0	0	0	15	1	3	0	0	1	0	0	1	0	0	0	0	0	0	D-LinkSwitch
0	0	0	0	1400	0	0	0	15	1	3	0	0	1	0	0	1	0	0	0	0	0	0	D-LinkSwitch
0	0	0	0	20	0	0	0	15	3	1	0	0	1	0	0	1	0	0	0	0	0	0	D-LinkSwitch
0	0	0	0	1400	0	0	0	15	1	3	0	0	1	0	0	1	0	0	0	0	0	0	D-LinkSwitch
0	0	0	0	1400	0	0	0	15	1	3	0	0	1	0	0	1	0	0	0	0	0	0	D-LinkSwitch
0	0	0	0	20	0	0	0	15	3	1	0	0	1	0	0	1	0	0	0	0	0	0	D-LinkSwitch
0	0	0	0	1400	0	0	0	15	1	3	0	0	1	0	0	1	0	0	0	0	0	0	D-LinkSwitch
0	0	0	0	1400	0	0	0	15	1	3	0	0	1	0	0	1	0	0	0	0	0	0	D-LinkSwitch
0	0	0	0	20	0	0	0	15	3	1	0	0	1	0	0	1	0	0	0	0	0	0	D-LinkSwitch
0	0	0	0	1400	0	0	0	15	1	3	0	0	1	0	0	1	0	0	0	0	0	0	D-LinkSwitch
0	0	0	0	1400	0	0	0	15	1	3	0	0	1	0	0	1	0	0	0	0	0	0	D-LinkSwitch
0	0	0	0	20	0	0	0	15	3	1	0	0	1	0	0	1	0	0	0	0	0	0	D-LinkSwitch
0	0	0	0	1400	0	0	0	15	1	3	0	0	1	0	0	1	0	0	0	0	0	0	D-LinkSwitch
0	0	0	0	1400	0	0	0	15	1	3	0	0	1	0	0	1	0	0	0	0	0	0	D-LinkSwitch
0	0	0	0	20	0	0	0	15	3	1	0	0	1	0	0	1	0	0	0	0	0	0	D-LinkSwitch
0	0	0	0	1400	0	0	0	15	1	3	0	0	1	0	0	1	0	0	0	0	0	0	D-LinkSwitch
0	0	0	0	1400	0	0	0	15	1	3	0	0	1	0	0	1	0	0	0	0	0	0	D-LinkSwitch
0	0	0	0	20	0	0	0	15	3	1	0	0	1	0	0	1	0	0	0	0	0	0	D-LinkSwitch
0	0	0	0	1400	0	0	0	15	1	3	0	0	1	0	0	1	0	0	0	0	0	0	D-LinkSwitch
0	0	0	0	1400	0	0	0	15	1	3	0	0	1	0	0	1	0	0	0	0	0	0	D-LinkSwitch
0	0	0	0	20	0	0	0	15	3	1	0	0	1	0	0	1	0	0	0	0	0	0	D-LinkSwitch
0	0	0	0	1400	0	0	0	15	1	3	0	0	1	0	0	1	0	0	0	0	0	0	D-LinkSwitch
0	0	0	0	1400	0	0	0	15	1	3	0	0	1	0	0	1	0	0	0	0	0	0	D-LinkSwitch
0	0	0	0	20	0	0	0	15	3	1	0	0	1	0	0	1	0	0	0	0	0	0	D-LinkSwitch
0	0	0	0	1400	0	0	0	15	1	3	0	0	1	0	0	1	0	0	0	0	0	0	D-LinkSwitch
0	0	0	0	1400	0	0	0	15	1	3	0	0	1	0	0	1	0	0	0	0	0	0	D-LinkSwitch
0	0	0	0	20	0	0	0	15	3	1	0	0	1	0	0	1	0	0	0	0	0	0	D-LinkSwitch
0	0	0	0	1400	0	0	0	15	1	3	0	0	1	0	0	1	0	0	0	0	0	0	D-LinkSwitch
0	0	0	0	1400	0	0	0	15	1	3	0	0	1	0	0	1	0	0	0	0	0	0	D-LinkSwitch
0	0	0	0	20	0	0	0	15	3	1	0	0	1	0	0	1	0	0	0	0	0	0	D-LinkSwitch
0	0	0	0	1400	0	0	0	15	1	3	0	0	1	0	0	1	0	0	0	0	0	0	D-LinkSwitch
0	0	0	0	1400	0	0	0	15	1	3	0	0	1	0	0	1	0	0	0	0	0	0	D-LinkSwitch
0	0	0	0	20	0	0	0	15	3	1	0	0	1	0	0	1	0	0	0	0	0	0	D-LinkSwitch
0	0	0	0	1400	0	0	0	15	1	3	0	0	1	0	0	1	0	0	0	0	0	0	D-LinkSwitch
0	0	0	0	1400	0	0	0	15	1	3	0	0	1	0	0	1	0	0	0	0	0	0	D-LinkSwitch
0	0	0	0	20	0	0	0	15	3	1	0	0	1	0	0	1	0	0	0	0	0	0	D-LinkSwitch
0	0	0	0	1400	0	0	0	15	1	3	0	0	1	0	0	1	0	0	0	0	0	0	D-LinkSwitch
0	0	0	0	1400	0	0	0	15	1	3	0	0	1	0	0	1	0	0	0	0	0	0	D-LinkSwitch
0	0	0	0	20	0	0	0	15	3	1	0	0	1	0	0	1	0	0	0	0	0	0	D-LinkSwitch
0	0	0	0	1400	0	0	0	15	1	3	0	0	1	0	0	1	0	0	0	0	0	0	D-LinkSwitch
0	0	0	0	1400	0	0	0	15	1	3	0	0	1	0	0	1	0	0	0	0	0	0	D-LinkSwitch
0	0	0	0	20	0	0	0	15	3	1	0	0	1	0	0	1	0	0	0	0	0	0	D-LinkSwitch
0	0	0	0	1400	0	0	0	15	1	3	0	0	1	0	0	1	0	0	0	0	0	0	D-LinkSwitch
0	0	0	0	1400	0	0	0	15	1	3	0	0	1	0	0	1	0	0	0	0	0	0	D-LinkSwitch
0	0	0	0	20	0	0	0	15	3	1	0	0	1	0	0	1	0	0	0	0	0	0	D-LinkSwitch
0	0	0	0	1400	0	0	0	15	1	3	0	0	1	0	0	1	0	0	0	0	0	0	D-LinkSwitch
0	0	0	0	1400	0	0	0	15	1	3	0	0	1	0	0	1	0	0	0	0	0	0	D-LinkSwitch
0	0	0	0	20	0	0	0	15	3	1	0	0	1	0	0	1	0	0	0	0	0	0	D-LinkSwitch
0	0	0	0	1400	0	0	0	15	1	3	0	0	1	0	0	1	0	0	0	0	0	0	D-LinkSwitch
0	0	0	0	1400	0	0	0	15	1	3	0	0	1	0	0	1	0	0	0	0	0	0	D-LinkSwitch
0	0	0	0	20	0	0	0	15	3	1	0	0	1	0	0	1	0	0	0	0	0	0	D-LinkSwitch
0	0	0	0	1400	0	0	0	15	1	3	0	0	1	0	0	1	0	0	0	0	0	0	D-LinkSwitch
0	0	0	0	1400	0	0	0	15	1	3	0	0	1	0	0	1	0	0	0	0	0	0	D-LinkSwitch
0	0	0	0	20	0	0	0	15	3	1	0	0	1	0	0	1	0	0	0	0	0	0	D-LinkSwitch
0	0	0	0	1400	0	0	0	15	1	3	0	0	1	0	0	1	0	0	0	0	0	0	D-LinkSwitch
0	0	0	0	1400	0	0	0	15	1	3	0	0	1	0	0	1	0	0	0	0	0	0	D-LinkSwitch
0	0	0	0	20	0	0	0	15	3	1	0	0	1	0	0	1	0	0	0	0	0	0	D-LinkSwitch
0	0	0	0	984	0	0	0	15	1	3	0	0	1	0	0	1	0	0	0	0	0	0	D-LinkSwitch
0	0	0	0	20	0	0	0	15	3	1	0	0	1	0	0	1	0	0	0	0	0	0	D-LinkSwitch
0	0	0	0	20	0	0	0	15	3	1	0	0	1	0	0	1	0	0	0	0	0	0	D-LinkSwitch
0	0	0	0	346	0	0	0	15	2	2	0	0	0	1	0	0	0	0	0	0	1	0	D-LinkSwitch
0	0	0	0	20	0	0	0	15	1	3	0	0	1	0	0	1	0	0	0	0	0	0	D-LinkSwitch
0	0	0	0	20	0	0	0	15	3	1	0	0	1	0	0	1	0	0	0	0	0	0	D-LinkSwitch
0	0	0	0	20	0	0	0	15	2	1	0	0	1	0	1	0	0	0	0	0	0	0	D-LinkSwitch
0	0	0	0	20	0	0	0	15	2	1	0	0	1	0	1	0	0	0	0	0	0	0	D-LinkSwitch
0	0	0	0	57	0	0	0	15	1	2	0	0	1	0	1	0	0	0	0	0	0	0	D-LinkSwitch
0	0	0	0	20	0	0	0	15	1	2	0	0	1	0	1	0	0	0	0	0	0	0	D-LinkSwitch
0	0	0	0	57	0	0	0	15	1	2	0	0	1	0	1	0	0	0	0	0	0	0	D-LinkSwitch
0	0	0	0	20	0	0	0	15	1	2	0	0	1	0	1	0	0	0	0	0	0	0	D-LinkSwitch
0	0	0	0	20	0	0	0	15	2	1	0	0	1	0	1	0	0	0	0	0	0	0	D-LinkSwitch
0	0	0	0	20	0	0	0	15	2	1	0	0	1	0	1	0	0	0	0	0	0	0	D-LinkSwitch
0	0	0	0	20	0	0	0	15	2	1	0	0	1	0	1	0	0	0	0	0	0	0	D-LinkSwitch
0	0	0	0	20	0	0	0	15	2	1	0	0	1	0	1	0	0	0	0	0	0	0	D-LinkSwitch
0	0	0	0	43	0	0	0	15	2	1	0	0	0	1	0	0	0	0	0	1	0	0	D-LinkSwitch
0	0	0	0	349	0	0	0	15	1	2	0	0	0	1	0	0	0	0	0	1	0	0	D-LinkSwitch
0	0	0	0	40	0	0	0	15	2	1	0	0	1	0	1	0	0	0	0	0	0	0	D-LinkSwitch
0	0	0	0	40	0	0	0	15	1	2	0	0	1	0	1	0	0	0	0	0	0	0	D-LinkSwitch
0	0	0	0	32	0	0	0	15	2	1	0	0	1	0	1	0	0	0	0	0	0	0	D-LinkSwitch
0	0	0	0	331	0	0	0	15	2	1	0	0	1	0	1	0	0	0	0	0	0	0	D-LinkSwitch
0	0	0	0	32	0	0	0	15	1	2	0	0	1	0	1	0	0	0	0	0	0	0	D-LinkSwitch
0	0	0	0	1400	0	0	0	15	1	2	0	0	1	0	1	0	0	0	0	0	0	0	D-LinkSwitch
0	0	0	0	1400	0	0	0	15	1	2	0	0	1	0	1	0	0	0	0	0	0	0	D-LinkSwitch
0	0	0	0	1115	0	0	0	15	1	2	0	0	1	0	1	0	0	0	0	0	0	0	D-LinkSwitch
0	0	0	0	32	0	0	0	15	2	1	0	0	1	0	1	0	0	0	0	0	0	0	D-LinkSwitch
0	0	0	0	32	0	0	0	15	2	1	0	0	1	0	1	0	0	0	0	0	0	0	D-LinkSwitch
0	0	0	0	32	0	0	0	15	2	1	0	0	1	0	1	0	0	0	0	0	0	0	D-LinkSwitch
0	0	0	0	158	0	0	0	15	2	1	0	0	1	0	1	0	0	0	0	0	0	0	D-LinkSwitch
0	0	0	0	258	0	0	0	15	1	2	0	0	1	0	1	0	0	0	0	0	0	0	D-LinkSwitch
0	0	0	0	32	0	0	0	15	2	1	0	0	1	0	1	0	0	0	0	0	0	0	D-LinkSwitch
0	0	0	0	16	0	0	1	15	0	0	0	0	0	0	0	0	0	0	0	0	0	0	D-LinkSwitch
0	0	0	0	471	0	0	0	15	2	1	0	0	1	0	1	0	0	0	0	0	0	0	D-LinkSwitch
0	0	0	0	32	0	0	0	15	1	2	0	0	1	0	1	0	0	0	0	0	0	0	D-LinkSwitch
0	0	0	0	40	0	0	0	15	2	1	0	0	1	0	1	0	0	0	0	0	0	0	D-LinkSwitch
0	0	0	0	40	0	0	0	15	1	2	0	0	1	0	1	0	0	0	0	0	0	0	D-LinkSwitch
0	0	0	0	32	0	0	0	15	2	1	0	0	1	0	1	0	0	0	0	0	0	0	D-LinkSwitch
0	0	0	0	523	0	0	0	15	2	1	0	0	1	0	1	0	0	0	0	0	0	0	D-LinkSwitch
0	0	0	0	32	0	0	0	15	1	2	0	0	1	0	1	0	0	0	0	0	0	0	D-LinkSwitch
0	0	0	0	169	0	0	0	15	1	2	0	0	1	0	1	0	0	0	0	0	0	0	D-LinkSwitch
0	0	0	0	32	0	0	0	15	2	1	0	0	1	0	1	0	0	0	0	0	0	0	D-LinkSwitch
0	0	0	0	301	0	0	0	15	1	2	0	0	1	0	1	0	0	0	0	0	0	0	D-LinkSwitch
0	0	0	0	63	0	0	0	15	1	2	0	0	1	0	1	0	0	0	0	0	0	0	D-LinkSwitch
0	0	0	0	32	0	0	0	15	2	1	0	0	1	0	1	0	0	0	0	0	0	0	D-LinkSwitch
0	0	0	0	32	0	0	0	15	2	1	0	0	1	0	1	0	0	0	0	0	0	0	D-LinkSwitch
0	0	0	0	83	0	0	0	15	2	1	0	0	1	0	1	0	0	0	0	0	0	0	D-LinkSwitch
0	0	0	0	32	0	0	0	15	2	1	0	0	1	0	1	0	0	0	0	0	0	0	D-LinkSwitch
0	0	0	0	32	0	0	0	15	1	2	0	0	1	0	1	0	0	0	0	0	0	0	D-LinkSwitch
0	0	0	0	382	0	0	0	15	2	1	0	0	1	0	1	0	0	0	0	0	0	0	D-LinkSwitch
0	0	0	0	32	0	0	0	15	1	2	0	0	1	0	1	0	0	0	0	0	0	0	D-LinkSwitch
0	0	0	0	428	0	0	0	15	1	2	0	0	1	0	1	0	0	0	0	0	0	0	D-LinkSwitch
0	0	0	0	63	0	0	0	15	1	2	0	0	1	0	1	0	0	0	0	0	0	0	D-LinkSwitch
0	0	0	0	32	0	0	0	15	2	1	0	0	1	0	1	0	0	0	0	0	0	0	D-LinkSwitch
0	0	0	0	32	0	0	0	15	2	1	0	0	1	0	1	0	0	0	0	0	0	0	D-LinkSwitch
0	0	0	0	45	0	0	0	15	3	1	0	0	0	1	0	0	0	0	0	1	0	0	D-LinkSwitch
0	0	0	0	61	0	0	0	15	1	3	0	0	0	1	0	0	0	0	0	1	0	0	D-LinkSwitch
0	0	0	0	40	0	0	0	16	3	1	0	0	1	0	1	0	0	0	0	0	0	0	D-LinkSwitch
0	0	0	0	32	0	0	0	16	1	3	0	0	1	0	1	0	0	0	0	0	0	0	D-LinkSwitch
0	0	0	0	20	0	0	0	16	3	1	0	0	1	0	1	0	0	0	0	0	0	0	D-LinkSwitch
0	0	0	0	319	0	0	0	16	3	1	0	0	1	0	1	0	0	0	0	0	0	0	D-LinkSwitch
0	0	0	0	20	0	0	0	16	1	3	0	0	1	0	1	0	0	0	0	0	0	0	D-LinkSwitch
0	0	0	0	78	0	0	0	16	1	3	0	0	1	0	1	0	0	0	0	0	0	0	D-LinkSwitch
0	0	0	0	1400	0	0	0	16	1	3	0	0	1	0	1	0	0	0	0	0	0	0	D-LinkSwitch
0	0	0	0	1400	0	0	0	16	1	3	0	0	1	0	1	0	0	0	0	0	0	0	D-LinkSwitch
0	0	0	0	666	0	0	0	16	1	3	0	0	1	0	1	0	0	0	0	0	0	0	D-LinkSwitch
0	0	0	0	20	0	0	0	16	3	1	0	0	1	0	1	0	0	0	0	0	0	0	D-LinkSwitch
0	0	0	0	20	0	0	0	16	3	1	0	0	1	0	1	0	0	0	0	0	0	0	D-LinkSwitch
0	0	0	0	20	0	0	0	16	3	1	0	0	1	0	1	0	0	0	0	0	0	0	D-LinkSwitch
0	0	0	0	20	0	0	0	16	3	1	0	0	1	0	1	0	0	0	0	0	0	0	D-LinkSwitch
0	0	0	0	358	0	0	0	16	1	3	0	0	1	0	1	0	0	0	0	0	0	0	D-LinkSwitch
0	0	0	0	29	0	0	0	16	1	3	0	0	1	0	1	0	0	0	0	0	0	0	D-LinkSwitch
0	0	0	0	20	0	0	0	16	3	1	0	0	1	0	1	0	0	0	0	0	0	0	D-LinkSwitch
0	0	0	0	20	0	0	0	16	3	1	0	0	1	0	1	0	0	0	0	0	0	0	D-LinkSwitch
0	0	0	0	170	0	0	0	16	3	1	0	0	1	0	1	0	0	0	0	0	0	0	D-LinkSwitch
0	0	0	0	139	0	0	0	16	1	3	0	0	1	0	1	0	0	0	0	0	0	0	D-LinkSwitch
0	0	0	0	26	0	0	0	16	1	3	0	0	1	0	1	0	0	0	0	0	0	0	D-LinkSwitch
0	0	0	0	89	0	0	0	16	1	3	0	0	1	0	1	0	0	0	0	0	0	0	D-LinkSwitch
0	0	0	0	89	0	0	0	16	1	3	0	0	1	0	1	0	0	0	0	0	0	0	D-LinkSwitch
0	0	0	0	32	0	0	0	16	3	1	0	0	1	0	1	0	0	0	0	0	0	0	D-LinkSwitch
0	0	0	0	32	0	0	0	16	2	1	0	0	1	0	1	0	0	0	0	0	0	0	D-LinkSwitch
0	0	0	0	201	0	0	0	16	3	1	0	0	1	0	1	0	0	0	0	0	0	0	D-LinkSwitch
0	0	0	0	20	0	0	0	16	1	3	0	0	1	0	1	0	0	0	0	0	0	0	D-LinkSwitch
0	0	0	0	1065	0	0	0	16	1	3	0	0	1	0	1	0	0	0	0	0	0	0	D-LinkSwitch
0	0	0	0	20	0	0	0	16	3	1	0	0	1	0	1	0	0	0	0	0	0	0	D-LinkSwitch
0	0	0	0	40	0	0	0	16	3	1	0	0	1	0	1	0	0	0	0	0	0	0	D-LinkSwitch
0	0	0	0	32	0	0	0	16	1	3	0	0	1	0	1	0	0	0	0	0	0	0	D-LinkSwitch
0	0	0	0	20	0	0	0	16	3	1	0	0	1	0	1	0	0	0	0	0	0	0	D-LinkSwitch
0	0	0	0	455	0	0	0	16	3	1	0	0	1	0	1	0	0	0	0	0	0	0	D-LinkSwitch
0	0	0	0	20	0	0	0	16	1	3	0	0	1	0	1	0	0	0	0	0	0	0	D-LinkSwitch
0	0	0	0	106	0	0	0	16	1	3	0	0	1	0	1	0	0	0	0	0	0	0	D-LinkSwitch
0	0	0	0	26	0	0	0	16	1	3	0	0	1	0	1	0	0	0	0	0	0	0	D-LinkSwitch
0	0	0	0	89	0	0	0	16	1	3	0	0	1	0	1	0	0	0	0	0	0	0	D-LinkSwitch
0	0	0	0	20	0	0	0	16	3	1	0	0	1	0	1	0	0	0	0	0	0	0	D-LinkSwitch
0	0	0	0	20	0	0	0	16	3	1	0	0	1	0	1	0	0	0	0	0	0	0	D-LinkSwitch
0	0	0	0	20	0	0	0	16	3	1	0	0	1	0	1	0	0	0	0	0	0	0	D-LinkSwitch
0	0	0	0	95	0	0	0	16	3	1	0	0	1	0	1	0	0	0	0	0	0	0	D-LinkSwitch
0	0	0	0	20	0	0	0	16	1	3	0	0	1	0	1	0	0	0	0	0	0	0	D-LinkSwitch
0	0	0	0	201	0	0	0	16	3	1	0	0	1	0	1	0	0	0	0	0	0	0	D-LinkSwitch
0	0	0	0	20	0	0	0	16	1	3	0	0	1	0	1	0	0	0	0	0	0	0	D-LinkSwitch
0	0	0	0	841	0	0	0	16	3	1	0	0	1	0	1	0	0	0	0	0	0	0	D-LinkSwitch
0	0	0	0	20	0	0	0	16	1	3	0	0	1	0	1	0	0	0	0	0	0	0	D-LinkSwitch
0	0	0	0	20	0	0	0	16	1	3	0	0	1	0	1	0	0	0	0	0	0	0	D-LinkSwitch
0	0	0	0	20	0	0	0	16	3	1	0	0	1	0	1	0	0	0	0	0	0	0	D-LinkSwitch
0	0	0	0	20	0	0	0	16	1	3	0	0	1	0	1	0	0	0	0	0	0	0	D-LinkSwitch
0	0	0	0	20	0	0	0	16	3	1	0	0	1	0	1	0	0	0	0	0	0	0	D-LinkSwitch
0	0	0	0	20	0	0	0	16	3	1	0	0	1	0	1	0	0	0	0	0	0	0	D-LinkSwitch
0	0	0	0	20	0	0	0	16	1	3	0	0	1	0	1	0	0	0	0	0	0	0	D-LinkSwitch
0	0	0	0	20	0	0	0	16	1	3	0	0	1	0	1	0	0	0	0	0	0	0	D-LinkSwitch
0	0	0	0	20	0	0	0	16	3	1	0	0	1	0	1	0	0	0	0	0	0	0	D-LinkSwitch
0	0	0	0	20	0	0	0	16	3	1	0	0	1	0	1	0	0	0	0	0	0	0	D-LinkSwitch
0	0	0	0	20	0	0	0	16	1	3	0	0	1	0	1	0	0	0	0	0	0	0	D-LinkSwitch
0	0	0	0	20	0	0	0	16	1	3	0	0	1	0	1	0	0	0	0	0	0	0	D-LinkSwitch
0	0	0	0	20	0	0	0	16	3	1	0	0	1	0	1	0	0	0	0	0	0	0	D-LinkSwitch
0	0	0	0	20	0	0	0	16	1	3	0	0	1	0	1	0	0	0	0	0	0	0	D-LinkSwitch
0	0	0	0	20	0	0	0	16	3	1	0	0	1	0	1	0	0	0	0	0	0	0	D-LinkSwitch
0	0	0	0	20	0	0	0	16	1	3	0	0	1	0	1	0	0	0	0	0	0	0	D-LinkSwitch
0	0	0	0	20	0	0	0	16	3	1	0	0	1	0	1	0	0	0	0	0	0	0	D-LinkSwitch
0	0	0	0	20	0	0	0	16	3	1	0	0	1	0	1	0	0	0	0	0	0	0	D-LinkSwitch
0	0	0	0	20	0	0	0	16	1	3	0	0	1	0	1	0	0	0	0	0	0	0	D-LinkSwitch
0	0	0	0	20	0	0	0	16	3	1	0	0	1	0	1	0	0	0	0	0	0	0	D-LinkSwitch
0	0	0	0	20	0	0	0	16	1	3	0	0	1	0	1	0	0	0	0	0	0	0	D-LinkSwitch
0	0	0	0	20	0	0	0	16	1	3	0	0	1	0	1	0	0	0	0	0	0	0	D-LinkSwitch
0	0	0	0	20	0	0	0	16	3	1	0	0	1	0	1	0	0	0	0	0	0	0	D-LinkSwitch
0	0	0	0	20	0	0	0	16	1	3	0	0	1	0	1	0	0	0	0	0	0	0	D-LinkSwitch
0	0	0	0	20	0	0	0	16	3	1	0	0	1	0	1	0	0	0	0	0	0	0	D-LinkSwitch
0	1	0	0	0	0	0	0	16	0	0	0	0	0	0	0	0	0	0	0	0	0	0	D-LinkSwitch
0	1	0	0	0	0	0	0	16	0	0	0	0	0	0	0	0	0	0	0	0	0	0	D-LinkSwitch
0	0	0	0	20	0	0	0	16	1	3	0	0	1	0	1	0	0	0	0	0	0	0	D-LinkSwitch
0	0	0	0	20	0	0	0	16	3	1	0	0	1	0	1	0	0	0	0	0	0	0	D-LinkSwitch
0	0	0	0	20	0	0	0	16	1	3	0	0	1	0	1	0	0	0	0	0	0	0	D-LinkSwitch
0	0	0	0	20	0	0	0	16	3	1	0	0	1	0	1	0	0	0	0	0	0	0	D-LinkSwitch
