0	0	0	1	0	0	0	0	1	0	0	0	0	0	0	0	0	0	0	0	0	0	0	WeMoInsightSwitch2
0	0	0	1	0	0	0	0	1	0	0	0	0	0	0	0	0	0	0	0	0	0	0	WeMoInsightSwitch2
0	0	0	0	308	0	0	0	2	1	1	0	0	0	1	0	0	1	1	0	0	0	0	WeMoInsightSwitch2
0	0	0	0	308	0	0	0	3	1	1	0	0	0	1	0	0	1	1	0	0	0	0	WeMoInsightSwitch2
0	0	0	0	308	0	0	0	3	1	1	0	0	0	1	0	0	1	1	0	0	0	0	WeMoInsightSwitch2
0	0	0	0	308	0	0	0	3	1	1	0	0	0	1	0	0	1	1	0	0	0	0	WeMoInsightSwitch2
0	1	0	0	0	0	0	0	3	0	0	0	0	0	0	0	0	0	0	0	0	0	0	WeMoInsightSwitch2
0	1	0	0	0	0	0	0	3	0	0	0	0	0	0	0	0	0	0	0	0	0	0	WeMoInsightSwitch2
0	0	0	0	40	0	0	0	4	3	2	0	0	1	0	0	0	0	0	0	0	0	0	WeMoInsightSwitch2
0	1	0	0	0	0	0	0	4	0	0	0	0	0	0	0	0	0	0	0	0	0	0	WeMoInsightSwitch2
0	1	0	0	0	0	0	0	4	0	0	0	0	0	0	0	0	0	0	0	0	0	0	WeMoInsightSwitch2
0	0	0	0	64	0	0	0	5	0	0	1	0	0	0	0	0	0	0	0	0	0	0	WeMoInsightSwitch2
0	0	0	0	64	0	0	0	5	0	0	1	0	0	0	0	0	0	0	0	0	0	0	WeMoInsightSwitch2
0	0	0	0	56	0	0	0	6	2	1	0	0	0	1	0	0	0	0	0	0	0	1	WeMoInsightSwitch2
0	0	0	0	64	0	0	0	6	0	0	1	0	0	0	0	0	0	0	0	0	0	0	WeMoInsightSwitch2
0	0	0	0	64	0	0	0	6	0	0	1	0	0	0	0	0	0	0	0	0	0	0	WeMoInsightSwitch2
0	0	0	0	56	0	0	0	7	2	1	0	0	0	1	0	0	0	0	0	0	0	1	WeMoInsightSwitch2
0	0	0	0	56	0	0	0	7	1	2	0	0	0	1	0	0	0	0	0	0	0	1	WeMoInsightSwitch2
0	0	0	0	56	0	0	0	7	1	1	0	0	0	1	0	0	0	0	0	0	0	1	WeMoInsightSwitch2
0	0	0	0	56	0	0	0	7	1	1	0	0	0	1	0	0	0	0	0	0	0	1	WeMoInsightSwitch2
0	0	0	0	38	0	0	0	8	2	1	0	0	0	1	0	0	0	0	0	1	0	0	WeMoInsightSwitch2
0	0	0	0	339	0	0	0	8	1	2	0	0	0	1	0	0	0	0	0	1	0	0	WeMoInsightSwitch2
0	0	0	0	42	0	0	0	8	2	1	0	0	0	1	0	0	0	0	0	1	0	0	WeMoInsightSwitch2
0	0	0	0	341	0	0	0	8	1	2	0	0	0	1	0	0	0	0	0	1	0	0	WeMoInsightSwitch2
0	0	0	0	32	0	0	0	9	2	1	0	0	1	0	1	0	0	0	0	0	0	0	WeMoInsightSwitch2
0	0	0	0	32	0	0	0	9	1	2	0	0	1	0	1	0	0	0	0	0	0	0	WeMoInsightSwitch2
0	0	0	0	20	0	0	0	9	2	1	0	0	1	0	1	0	0	0	0	0	0	0	WeMoInsightSwitch2
0	0	0	0	141	0	0	0	9	2	1	0	0	1	0	1	0	0	0	0	0	0	0	WeMoInsightSwitch2
0	0	0	0	32	0	0	0	10	2	2	0	0	1	0	0	0	0	0	0	0	0	0	WeMoInsightSwitch2
0	0	0	0	20	0	0	0	10	1	2	0	0	1	0	1	0	0	0	0	0	0	0	WeMoInsightSwitch2
0	0	0	0	1400	0	0	0	10	1	2	0	0	1	0	1	0	0	0	0	0	0	0	WeMoInsightSwitch2
0	0	0	0	1400	0	0	0	10	1	2	0	0	1	0	1	0	0	0	0	0	0	0	WeMoInsightSwitch2
0	0	0	0	1356	0	0	0	10	1	2	0	0	1	0	1	0	0	0	0	0	0	0	WeMoInsightSwitch2
0	0	0	0	1400	0	0	0	10	1	2	0	0	1	0	1	0	0	0	0	0	0	0	WeMoInsightSwitch2
0	0	0	0	57	0	0	0	10	1	2	0	0	1	0	1	0	0	0	0	0	0	0	WeMoInsightSwitch2
0	0	0	0	20	0	0	0	10	2	1	0	0	1	0	1	0	0	0	0	0	0	0	WeMoInsightSwitch2
0	0	0	0	20	0	0	0	10	2	1	0	0	1	0	1	0	0	0	0	0	0	0	WeMoInsightSwitch2
0	0	0	0	20	0	0	0	10	2	1	0	0	1	0	1	0	0	0	0	0	0	0	WeMoInsightSwitch2
0	0	0	0	20	0	0	0	10	2	1	0	0	1	0	1	0	0	0	0	0	0	0	WeMoInsightSwitch2
0	0	0	0	20	0	0	0	10	2	1	0	0	1	0	1	0	0	0	0	0	0	0	WeMoInsightSwitch2
0	0	0	0	32	0	0	0	10	2	2	0	0	1	0	0	0	0	0	0	0	0	0	WeMoInsightSwitch2
0	0	0	0	20	0	0	0	10	2	2	0	0	1	0	0	0	0	0	0	0	0	0	WeMoInsightSwitch2
0	0	0	0	369	0	0	0	10	2	2	0	0	1	0	0	0	0	0	0	0	0	0	WeMoInsightSwitch2
0	0	0	0	20	0	0	0	10	2	2	0	0	1	0	0	0	0	0	0	0	0	0	WeMoInsightSwitch2
0	0	0	0	33	0	0	0	10	2	2	0	0	1	0	0	0	0	0	0	0	0	0	WeMoInsightSwitch2
0	0	0	0	20	0	0	0	10	2	2	0	0	1	0	0	0	0	0	0	0	0	0	WeMoInsightSwitch2
0	0	0	0	20	0	0	0	10	2	2	0	0	1	0	0	0	0	0	0	0	0	0	WeMoInsightSwitch2
0	0	0	0	20	0	0	0	10	2	2	0	0	1	0	0	0	0	0	0	0	0	0	WeMoInsightSwitch2
0	0	0	0	20	0	0	0	10	2	2	0	0	1	0	0	0	0	0	0	0	0	0	WeMoInsightSwitch2
0	0	0	0	218	0	0	0	10	2	1	0	0	1	0	1	0	0	0	0	0	0	0	WeMoInsightSwitch2
0	0	0	0	79	0	0	0	10	1	2	0	0	1	0	1	0	0	0	0	0	0	0	WeMoInsightSwitch2
0	0	0	0	20	0	0	0	10	2	1	0	0	1	0	1	0	0	0	0	0	0	0	WeMoInsightSwitch2
0	0	0	0	414	0	0	0	10	2	1	0	0	1	0	1	0	0	0	0	0	0	0	WeMoInsightSwitch2
0	0	0	0	73	0	0	0	10	1	2	0	0	1	0	1	0	0	0	0	0	0	0	WeMoInsightSwitch2
0	0	0	0	377	0	0	0	10	1	2	0	0	1	0	1	0	0	0	0	0	0	0	WeMoInsightSwitch2
0	0	0	0	94	0	0	0	10	2	1	0	0	1	0	1	0	0	0	0	0	0	0	WeMoInsightSwitch2
0	0	0	0	1400	0	0	0	10	2	1	0	0	1	0	1	0	0	0	0	0	0	0	WeMoInsightSwitch2
0	0	0	0	20	0	0	0	10	1	2	0	0	1	0	1	0	0	0	0	0	0	0	WeMoInsightSwitch2
0	0	0	0	1400	0	0	0	10	2	1	0	0	1	0	1	0	0	0	0	0	0	0	WeMoInsightSwitch2
0	0	0	0	1400	0	0	0	10	2	1	0	0	1	0	1	0	0	0	0	0	0	0	WeMoInsightSwitch2
0	0	0	0	1400	0	0	0	10	2	1	0	0	1	0	1	0	0	0	0	0	0	0	WeMoInsightSwitch2
0	0	0	0	20	0	0	0	10	1	2	0	0	1	0	1	0	0	0	0	0	0	0	WeMoInsightSwitch2
0	0	0	0	1400	0	0	0	10	2	1	0	0	1	0	1	0	0	0	0	0	0	0	WeMoInsightSwitch2
0	0	0	0	1400	0	0	0	10	2	1	0	0	1	0	1	0	0	0	0	0	0	0	WeMoInsightSwitch2
0	0	0	0	1400	0	0	0	10	2	1	0	0	1	0	1	0	0	0	0	0	0	0	WeMoInsightSwitch2
0	0	0	0	20	0	0	0	10	1	2	0	0	1	0	1	0	0	0	0	0	0	0	WeMoInsightSwitch2
0	0	0	0	1400	0	0	0	10	2	1	0	0	1	0	1	0	0	0	0	0	0	0	WeMoInsightSwitch2
0	0	0	0	1400	0	0	0	10	2	1	0	0	1	0	1	0	0	0	0	0	0	0	WeMoInsightSwitch2
0	0	0	0	16	0	0	1	11	0	0	0	0	0	0	0	0	0	0	0	0	0	0	WeMoInsightSwitch2
0	0	0	0	20	0	0	0	11	1	2	0	0	1	0	1	0	0	0	0	0	0	0	WeMoInsightSwitch2
0	0	0	0	20	0	0	0	11	1	2	0	0	1	0	1	0	0	0	0	0	0	0	WeMoInsightSwitch2
0	0	0	0	20	0	0	0	11	1	2	0	0	1	0	1	0	0	0	0	0	0	0	WeMoInsightSwitch2
0	0	0	0	1400	0	0	0	11	2	1	0	0	1	0	1	0	0	0	0	0	0	0	WeMoInsightSwitch2
0	0	0	0	58	0	0	0	11	2	1	0	0	1	0	1	0	0	0	0	0	0	0	WeMoInsightSwitch2
0	0	0	0	1400	0	0	0	11	2	1	0	0	1	0	1	0	0	0	0	0	0	0	WeMoInsightSwitch2
0	0	0	0	1400	0	0	0	11	2	1	0	0	1	0	1	0	0	0	0	0	0	0	WeMoInsightSwitch2
0	0	0	0	20	0	0	0	11	1	2	0	0	1	0	1	0	0	0	0	0	0	0	WeMoInsightSwitch2
0	0	0	0	20	0	0	0	11	1	2	0	0	1	0	1	0	0	0	0	0	0	0	WeMoInsightSwitch2
0	0	0	0	1400	0	0	0	11	2	1	0	0	1	0	1	0	0	0	0	0	0	0	WeMoInsightSwitch2
0	0	0	0	1400	0	0	0	11	2	1	0	0	1	0	1	0	0	0	0	0	0	0	WeMoInsightSwitch2
0	0	0	0	1400	0	0	0	11	2	1	0	0	1	0	1	0	0	0	0	0	0	0	WeMoInsightSwitch2
0	0	0	0	20	0	0	0	11	1	2	0	0	1	0	1	0	0	0	0	0	0	0	WeMoInsightSwitch2
0	0	0	0	20	0	0	0	11	1	2	0	0	1	0	1	0	0	0	0	0	0	0	WeMoInsightSwitch2
0	0	0	0	1400	0	0	0	11	2	1	0	0	1	0	1	0	0	0	0	0	0	0	WeMoInsightSwitch2
0	0	0	0	1400	0	0	0	11	2	1	0	0	1	0	1	0	0	0	0	0	0	0	WeMoInsightSwitch2
0	0	0	0	54	0	0	0	11	2	1	0	0	1	0	1	0	0	0	0	0	0	0	WeMoInsightSwitch2
0	0	0	0	20	0	0	0	11	1	2	0	0	1	0	1	0	0	0	0	0	0	0	WeMoInsightSwitch2
0	0	0	0	1400	0	0	0	11	2	1	0	0	1	0	1	0	0	0	0	0	0	0	WeMoInsightSwitch2
0	0	0	0	20	0	0	0	11	1	2	0	0	1	0	1	0	0	0	0	0	0	0	WeMoInsightSwitch2
0	0	0	0	1400	0	0	0	11	2	1	0	0	1	0	1	0	0	0	0	0	0	0	WeMoInsightSwitch2
0	0	0	0	1400	0	0	0	11	2	1	0	0	1	0	1	0	0	0	0	0	0	0	WeMoInsightSwitch2
0	0	0	0	20	0	0	0	11	1	2	0	0	1	0	1	0	0	0	0	0	0	0	WeMoInsightSwitch2
0	0	0	0	20	0	0	0	11	1	2	0	0	1	0	1	0	0	0	0	0	0	0	WeMoInsightSwitch2
0	0	0	0	1400	0	0	0	11	2	1	0	0	1	0	1	0	0	0	0	0	0	0	WeMoInsightSwitch2
0	0	0	0	20	0	0	0	11	1	2	0	0	1	0	1	0	0	0	0	0	0	0	WeMoInsightSwitch2
0	0	0	0	1400	0	0	0	11	2	1	0	0	1	0	1	0	0	0	0	0	0	0	WeMoInsightSwitch2
0	0	0	0	1400	0	0	0	11	2	1	0	0	1	0	1	0	0	0	0	0	0	0	WeMoInsightSwitch2
0	0	0	0	1400	0	0	0	11	2	1	0	0	1	0	1	0	0	0	0	0	0	0	WeMoInsightSwitch2
0	0	0	0	20	0	0	0	11	1	2	0	0	1	0	1	0	0	0	0	0	0	0	WeMoInsightSwitch2
0	0	0	0	20	0	0	0	11	1	2	0	0	1	0	1	0	0	0	0	0	0	0	WeMoInsightSwitch2
0	0	0	0	20	0	0	0	11	1	2	0	0	1	0	1	0	0	0	0	0	0	0	WeMoInsightSwitch2
0	0	0	0	128	0	0	0	11	2	1	0	0	1	0	1	0	0	0	0	0	0	0	WeMoInsightSwitch2
0	0	0	0	1400	0	0	0	11	2	1	0	0	1	0	1	0	0	0	0	0	0	0	WeMoInsightSwitch2
0	0	0	0	20	0	0	0	11	1	2	0	0	1	0	1	0	0	0	0	0	0	0	WeMoInsightSwitch2
0	0	0	0	1400	0	0	0	11	2	1	0	0	1	0	1	0	0	0	0	0	0	0	WeMoInsightSwitch2
0	0	0	0	1400	0	0	0	11	2	1	0	0	1	0	1	0	0	0	0	0	0	0	WeMoInsightSwitch2
0	0	0	0	1400	0	0	0	11	2	1	0	0	1	0	1	0	0	0	0	0	0	0	WeMoInsightSwitch2
0	0	0	0	20	0	0	0	11	1	2	0	0	1	0	1	0	0	0	0	0	0	0	WeMoInsightSwitch2
0	0	0	0	1400	0	0	0	11	2	1	0	0	1	0	1	0	0	0	0	0	0	0	WeMoInsightSwitch2
0	0	0	0	32	0	0	0	12	2	2	0	0	1	0	0	0	0	0	0	0	0	0	WeMoInsightSwitch2
0	0	0	0	20	0	0	0	12	1	2	0	0	1	0	1	0	0	0	0	0	0	0	WeMoInsightSwitch2
0	0	0	0	1400	0	0	0	12	2	1	0	0	1	0	1	0	0	0	0	0	0	0	WeMoInsightSwitch2
0	0	0	0	20	0	0	0	12	1	2	0	0	1	0	1	0	0	0	0	0	0	0	WeMoInsightSwitch2
0	0	0	0	1400	0	0	0	12	2	1	0	0	1	0	1	0	0	0	0	0	0	0	WeMoInsightSwitch2
0	0	0	0	276	0	0	0	12	2	1	0	0	1	0	1	0	0	0	0	0	0	0	WeMoInsightSwitch2
0	0	0	0	1400	0	0	0	12	2	1	0	0	1	0	1	0	0	0	0	0	0	0	WeMoInsightSwitch2
0	0	0	0	20	0	0	0	12	1	2	0	0	1	0	1	0	0	0	0	0	0	0	WeMoInsightSwitch2
0	0	0	0	1400	0	0	0	12	2	1	0	0	1	0	1	0	0	0	0	0	0	0	WeMoInsightSwitch2
0	0	0	0	1400	0	0	0	12	2	1	0	0	1	0	1	0	0	0	0	0	0	0	WeMoInsightSwitch2
0	0	0	0	20	0	0	0	12	1	2	0	0	1	0	1	0	0	0	0	0	0	0	WeMoInsightSwitch2
0	0	0	0	1400	0	0	0	12	2	1	0	0	1	0	1	0	0	0	0	0	0	0	WeMoInsightSwitch2
0	0	0	0	32	0	0	0	12	2	2	0	0	1	0	0	0	0	0	0	0	0	0	WeMoInsightSwitch2
0	0	0	0	1400	0	0	0	12	2	1	0	0	1	0	1	0	0	0	0	0	0	0	WeMoInsightSwitch2
0	0	0	0	20	0	0	0	12	2	2	0	0	1	0	0	0	0	0	0	0	0	0	WeMoInsightSwitch2
0	0	0	0	20	0	0	0	12	1	2	0	0	1	0	1	0	0	0	0	0	0	0	WeMoInsightSwitch2
0	0	0	0	1400	0	0	0	12	2	1	0	0	1	0	1	0	0	0	0	0	0	0	WeMoInsightSwitch2
0	0	0	0	68	0	0	0	12	2	2	0	0	1	0	0	0	0	0	0	0	0	0	WeMoInsightSwitch2
0	0	0	0	1400	0	0	0	12	2	1	0	0	1	0	1	0	0	0	0	0	0	0	WeMoInsightSwitch2
0	0	0	0	20	0	0	0	12	1	2	0	0	1	0	1	0	0	0	0	0	0	0	WeMoInsightSwitch2
0	0	0	0	350	0	0	0	12	2	1	0	0	1	0	1	0	0	0	0	0	0	0	WeMoInsightSwitch2
0	0	0	0	1400	0	0	0	12	2	1	0	0	1	0	1	0	0	0	0	0	0	0	WeMoInsightSwitch2
0	0	0	0	20	0	0	0	12	1	2	0	0	1	0	1	0	0	0	0	0	0	0	WeMoInsightSwitch2
0	0	0	0	1400	0	0	0	12	2	1	0	0	1	0	1	0	0	0	0	0	0	0	WeMoInsightSwitch2
0	0	0	0	1400	0	0	0	12	2	1	0	0	1	0	1	0	0	0	0	0	0	0	WeMoInsightSwitch2
0	0	0	0	20	0	0	0	12	1	2	0	0	1	0	1	0	0	0	0	0	0	0	WeMoInsightSwitch2
0	0	0	0	1400	0	0	0	12	2	1	0	0	1	0	1	0	0	0	0	0	0	0	WeMoInsightSwitch2
0	0	0	0	1400	0	0	0	12	2	1	0	0	1	0	1	0	0	0	0	0	0	0	WeMoInsightSwitch2
0	0	0	0	20	0	0	0	12	2	2	0	0	1	0	0	0	0	0	0	0	0	0	WeMoInsightSwitch2
0	0	0	0	1400	0	0	0	12	2	1	0	0	1	0	1	0	0	0	0	0	0	0	WeMoInsightSwitch2
0	0	0	0	20	0	0	0	12	1	2	0	0	1	0	1	0	0	0	0	0	0	0	WeMoInsightSwitch2
0	0	0	0	1400	0	0	0	12	2	1	0	0	1	0	1	0	0	0	0	0	0	0	WeMoInsightSwitch2
0	0	0	0	20	0	0	0	12	1	2	0	0	1	0	1	0	0	0	0	0	0	0	WeMoInsightSwitch2
0	0	0	0	868	0	0	0	12	2	1	0	0	1	0	1	0	0	0	0	0	0	0	WeMoInsightSwitch2
0	0	0	0	1400	0	0	0	12	2	1	0	0	1	0	1	0	0	0	0	0	0	0	WeMoInsightSwitch2
0	0	0	0	20	0	0	0	12	1	2	0	0	1	0	1	0	0	0	0	0	0	0	WeMoInsightSwitch2
0	0	0	0	1400	0	0	0	12	2	1	0	0	1	0	1	0	0	0	0	0	0	0	WeMoInsightSwitch2
0	0	0	0	1400	0	0	0	12	2	1	0	0	1	0	1	0	0	0	0	0	0	0	WeMoInsightSwitch2
0	0	0	0	20	0	0	0	12	1	2	0	0	1	0	1	0	0	0	0	0	0	0	WeMoInsightSwitch2
0	0	0	0	1400	0	0	0	12	2	1	0	0	1	0	1	0	0	0	0	0	0	0	WeMoInsightSwitch2
0	0	0	0	20	0	0	0	12	1	2	0	0	1	0	1	0	0	0	0	0	0	0	WeMoInsightSwitch2
0	0	0	0	1400	0	0	0	12	2	1	0	0	1	0	1	0	0	0	0	0	0	0	WeMoInsightSwitch2
0	0	0	0	20	0	0	0	12	1	2	0	0	1	0	1	0	0	0	0	0	0	0	WeMoInsightSwitch2
0	0	0	0	1400	0	0	0	12	2	1	0	0	1	0	1	0	0	0	0	0	0	0	WeMoInsightSwitch2
0	0	0	0	1400	0	0	0	12	2	1	0	0	1	0	1	0	0	0	0	0	0	0	WeMoInsightSwitch2
0	0	0	0	20	0	0	0	12	1	2	0	0	1	0	1	0	0	0	0	0	0	0	WeMoInsightSwitch2
0	0	0	0	20	0	0	0	12	1	2	0	0	1	0	1	0	0	0	0	0	0	0	WeMoInsightSwitch2
0	0	0	0	1016	0	0	0	12	2	1	0	0	1	0	1	0	0	0	0	0	0	0	WeMoInsightSwitch2
0	0	0	0	20	0	0	0	12	1	2	0	0	1	0	1	0	0	0	0	0	0	0	WeMoInsightSwitch2
0	0	0	0	1400	0	0	0	12	2	1	0	0	1	0	1	0	0	0	0	0	0	0	WeMoInsightSwitch2
0	0	0	0	20	0	0	0	12	1	2	0	0	1	0	1	0	0	0	0	0	0	0	WeMoInsightSwitch2
0	0	0	0	1400	0	0	0	12	2	1	0	0	1	0	1	0	0	0	0	0	0	0	WeMoInsightSwitch2
0	0	0	0	20	0	0	0	12	1	2	0	0	1	0	1	0	0	0	0	0	0	0	WeMoInsightSwitch2
0	0	0	0	1400	0	0	0	12	2	1	0	0	1	0	1	0	0	0	0	0	0	0	WeMoInsightSwitch2
0	0	0	0	20	0	0	0	12	1	2	0	0	1	0	1	0	0	0	0	0	0	0	WeMoInsightSwitch2
0	0	0	0	1400	0	0	0	12	2	1	0	0	1	0	1	0	0	0	0	0	0	0	WeMoInsightSwitch2
0	0	0	0	20	0	0	0	12	1	2	0	0	1	0	1	0	0	0	0	0	0	0	WeMoInsightSwitch2
0	0	0	0	1400	0	0	0	12	2	1	0	0	1	0	1	0	0	0	0	0	0	0	WeMoInsightSwitch2
0	0	0	0	20	0	0	0	12	1	2	0	0	1	0	1	0	0	0	0	0	0	0	WeMoInsightSwitch2
0	0	0	0	1400	0	0	0	12	2	1	0	0	1	0	1	0	0	0	0	0	0	0	WeMoInsightSwitch2
0	0	0	0	20	0	0	0	12	1	2	0	0	1	0	1	0	0	0	0	0	0	0	WeMoInsightSwitch2
0	0	0	0	657	0	0	0	12	2	1	0	0	1	0	1	0	0	0	0	0	0	0	WeMoInsightSwitch2
0	0	0	0	20	0	0	0	12	1	2	0	0	1	0	1	0	0	0	0	0	0	0	WeMoInsightSwitch2
0	0	0	0	20	0	0	0	12	1	2	0	0	1	0	1	0	0	0	0	0	0	0	WeMoInsightSwitch2
0	0	0	0	20	0	0	0	12	1	2	0	0	1	0	1	0	0	0	0	0	0	0	WeMoInsightSwitch2
0	0	0	0	390	0	0	0	13	2	2	0	0	0	1	0	0	0	0	1	0	0	0	WeMoInsightSwitch2
0	0	0	0	389	0	0	0	13	2	2	0	0	0	1	0	0	0	0	1	0	0	0	WeMoInsightSwitch2
0	0	0	0	414	0	0	0	13	2	2	0	0	0	1	0	0	0	0	1	0	0	0	WeMoInsightSwitch2
0	0	0	0	20	0	0	0	13	1	2	0	0	1	0	1	0	0	0	0	0	0	0	WeMoInsightSwitch2
0	0	0	0	420	0	0	0	13	2	2	0	0	0	1	0	0	0	0	1	0	0	0	WeMoInsightSwitch2
0	0	0	0	418	0	0	0	13	2	2	0	0	0	1	0	0	0	0	1	0	0	0	WeMoInsightSwitch2
0	0	0	0	422	0	0	0	13	2	2	0	0	0	1	0	0	0	0	1	0	0	0	WeMoInsightSwitch2
0	0	0	0	430	0	0	0	13	2	2	0	0	0	1	0	0	0	0	1	0	0	0	WeMoInsightSwitch2
0	0	0	0	412	0	0	0	13	2	2	0	0	0	1	0	0	0	0	1	0	0	0	WeMoInsightSwitch2
0	0	0	0	20	0	0	0	13	1	2	0	0	1	0	1	0	0	0	0	0	0	0	WeMoInsightSwitch2
0	0	0	0	418	0	0	0	13	2	2	0	0	0	1	0	0	0	0	1	0	0	0	WeMoInsightSwitch2
0	0	0	0	426	0	0	0	13	2	2	0	0	0	1	0	0	0	0	1	0	0	0	WeMoInsightSwitch2
0	0	0	0	422	0	0	0	13	2	2	0	0	0	1	0	0	0	0	1	0	0	0	WeMoInsightSwitch2
0	0	0	0	57	0	0	0	13	1	2	0	0	1	0	1	0	0	0	0	0	0	0	WeMoInsightSwitch2
0	0	0	0	20	0	0	0	13	1	2	0	0	1	0	1	0	0	0	0	0	0	0	WeMoInsightSwitch2
0	0	0	0	416	0	0	0	13	2	2	0	0	0	1	0	0	0	0	1	0	0	0	WeMoInsightSwitch2
0	0	0	0	422	0	0	0	13	2	2	0	0	0	1	0	0	0	0	1	0	0	0	WeMoInsightSwitch2
0	0	0	0	424	0	0	0	13	2	2	0	0	0	1	0	0	0	0	1	0	0	0	WeMoInsightSwitch2
0	0	0	0	20	0	0	0	13	2	1	0	0	1	0	1	0	0	0	0	0	0	0	WeMoInsightSwitch2
0	0	0	0	20	0	0	0	13	2	1	0	0	1	0	1	0	0	0	0	0	0	0	WeMoInsightSwitch2
0	0	0	0	390	0	0	0	13	2	2	0	0	0	1	0	0	0	0	1	0	0	0	WeMoInsightSwitch2
0	0	0	0	389	0	0	0	13	2	2	0	0	0	1	0	0	0	0	1	0	0	0	WeMoInsightSwitch2
0	0	0	0	414	0	0	0	13	2	2	0	0	0	1	0	0	0	0	1	0	0	0	WeMoInsightSwitch2
0	0	0	0	420	0	0	0	13	2	2	0	0	0	1	0	0	0	0	1	0	0	0	WeMoInsightSwitch2
0	0	0	0	418	0	0	0	13	2	2	0	0	0	1	0	0	0	0	1	0	0	0	WeMoInsightSwitch2
0	0	0	0	422	0	0	0	13	2	2	0	0	0	1	0	0	0	0	1	0	0	0	WeMoInsightSwitch2
0	0	0	0	430	0	0	0	13	2	2	0	0	0	1	0	0	0	0	1	0	0	0	WeMoInsightSwitch2
0	0	0	0	412	0	0	0	13	2	2	0	0	0	1	0	0	0	0	1	0	0	0	WeMoInsightSwitch2
0	0	0	0	418	0	0	0	13	2	2	0	0	0	1	0	0	0	0	1	0	0	0	WeMoInsightSwitch2
0	0	0	0	426	0	0	0	13	2	2	0	0	0	1	0	0	0	0	1	0	0	0	WeMoInsightSwitch2
0	0	0	0	422	0	0	0	13	2	2	0	0	0	1	0	0	0	0	1	0	0	0	WeMoInsightSwitch2
0	0	0	0	416	0	0	0	13	2	2	0	0	0	1	0	0	0	0	1	0	0	0	WeMoInsightSwitch2
0	0	0	0	422	0	0	0	13	2	2	0	0	0	1	0	0	0	0	1	0	0	0	WeMoInsightSwitch2
0	0	0	0	424	0	0	0	13	2	2	0	0	0	1	0	0	0	0	1	0	0	0	WeMoInsightSwitch2
0	0	0	0	125	0	0	0	13	2	2	0	0	0	1	0	0	0	0	1	0	0	0	WeMoInsightSwitch2
0	0	0	0	38	0	0	0	13	2	1	0	0	0	1	0	0	0	0	0	1	0	0	WeMoInsightSwitch2
0	0	0	0	434	0	0	0	13	1	2	0	0	0	1	0	0	0	0	0	1	0	0	WeMoInsightSwitch2
0	0	0	0	32	0	0	0	14	2	2	0	0	1	0	0	0	0	0	0	0	0	0	WeMoInsightSwitch2
0	0	0	0	125	0	0	0	14	2	2	0	0	0	1	0	0	0	0	1	0	0	0	WeMoInsightSwitch2
0	0	0	0	32	0	0	0	14	2	2	0	0	1	0	0	0	0	0	0	0	0	0	WeMoInsightSwitch2
0	0	0	0	20	0	0	0	14	2	2	0	0	1	0	0	0	0	0	0	0	0	0	WeMoInsightSwitch2
0	0	0	0	137	0	0	0	14	2	2	0	0	1	0	0	0	0	0	0	0	0	0	WeMoInsightSwitch2
0	1	0	0	0	0	0	0	14	0	0	0	0	0	0	0	0	0	0	0	0	0	0	WeMoInsightSwitch2
0	1	0	0	0	0	0	0	14	0	0	0	0	0	0	0	0	0	0	0	0	0	0	WeMoInsightSwitch2
0	0	0	0	38	0	0	0	14	2	1	0	0	0	1	0	0	0	0	0	1	0	0	WeMoInsightSwitch2
0	0	0	0	434	0	0	0	14	1	2	0	0	0	1	0	0	0	0	0	1	0	0	WeMoInsightSwitch2
0	0	0	0	20	0	0	0	14	2	2	0	0	1	0	0	0	0	0	0	0	0	0	WeMoInsightSwitch2
0	0	0	0	1400	0	0	0	14	2	2	0	0	1	0	0	0	0	0	0	0	0	0	WeMoInsightSwitch2
0	0	0	0	1400	0	0	0	14	2	2	0	0	1	0	0	0	0	0	0	0	0	0	WeMoInsightSwitch2
0	0	0	0	1356	0	0	0	14	2	2	0	0	1	0	0	0	0	0	0	0	0	0	WeMoInsightSwitch2
0	0	0	0	823	0	0	0	14	2	2	0	0	1	0	0	0	0	0	0	0	0	0	WeMoInsightSwitch2
0	0	0	0	32	0	0	0	15	2	2	0	0	1	0	0	0	0	0	0	0	0	0	WeMoInsightSwitch2
0	0	0	0	20	0	0	0	15	2	2	0	0	1	0	0	0	0	0	0	0	0	0	WeMoInsightSwitch2
0	0	0	0	20	0	0	0	15	2	2	0	0	1	0	0	0	0	0	0	0	0	0	WeMoInsightSwitch2
0	0	0	0	20	0	0	0	15	2	2	0	0	1	0	0	0	0	0	0	0	0	0	WeMoInsightSwitch2
0	0	0	0	20	0	0	0	15	2	2	0	0	1	0	0	0	0	0	0	0	0	0	WeMoInsightSwitch2
0	0	0	0	346	0	0	0	15	2	2	0	0	1	0	0	0	0	0	0	0	0	0	WeMoInsightSwitch2
0	0	0	0	32	0	0	0	15	2	2	0	0	1	0	0	0	0	0	0	0	0	0	WeMoInsightSwitch2
0	0	0	0	20	0	0	0	15	2	2	0	0	1	0	0	0	0	0	0	0	0	0	WeMoInsightSwitch2
0	0	0	0	137	0	0	0	15	2	2	0	0	1	0	0	0	0	0	0	0	0	0	WeMoInsightSwitch2
0	0	0	0	79	0	0	0	15	2	2	0	0	1	0	0	0	0	0	0	0	0	0	WeMoInsightSwitch2
0	0	0	0	20	0	0	0	15	2	2	0	0	1	0	0	0	0	0	0	0	0	0	WeMoInsightSwitch2
0	0	0	0	398	0	0	0	15	2	2	0	0	1	0	0	0	0	0	0	0	0	0	WeMoInsightSwitch2
0	0	0	0	1400	0	0	0	15	2	2	0	0	1	0	0	0	0	0	0	0	0	0	WeMoInsightSwitch2
0	0	0	0	20	0	0	0	15	2	2	0	0	1	0	0	0	0	0	0	0	0	0	WeMoInsightSwitch2
0	0	0	0	1400	0	0	0	15	2	2	0	0	1	0	0	0	0	0	0	0	0	0	WeMoInsightSwitch2
0	0	0	0	1400	0	0	0	15	2	2	0	0	1	0	0	0	0	0	0	0	0	0	WeMoInsightSwitch2
0	0	0	0	1356	0	0	0	15	2	2	0	0	1	0	0	0	0	0	0	0	0	0	WeMoInsightSwitch2
0	0	0	0	823	0	0	0	15	2	2	0	0	1	0	0	0	0	0	0	0	0	0	WeMoInsightSwitch2
0	0	0	0	20	0	0	0	15	2	2	0	0	1	0	0	0	0	0	0	0	0	0	WeMoInsightSwitch2
0	0	0	0	20	0	0	0	15	2	2	0	0	1	0	0	0	0	0	0	0	0	0	WeMoInsightSwitch2
0	0	0	0	20	0	0	0	15	2	2	0	0	1	0	0	0	0	0	0	0	0	0	WeMoInsightSwitch2
0	0	0	0	20	0	0	0	15	2	2	0	0	1	0	0	0	0	0	0	0	0	0	WeMoInsightSwitch2
0	0	0	0	20	0	0	0	15	2	2	0	0	1	0	0	0	0	0	0	0	0	0	WeMoInsightSwitch2
0	0	0	0	1400	0	0	0	15	2	2	0	0	1	0	0	0	0	0	0	0	0	0	WeMoInsightSwitch2
0	0	0	0	1400	0	0	0	15	2	2	0	0	1	0	0	0	0	0	0	0	0	0	WeMoInsightSwitch2
0	0	0	0	1400	0	0	0	15	2	2	0	0	1	0	0	0	0	0	0	0	0	0	WeMoInsightSwitch2
0	0	0	0	346	0	0	0	15	2	2	0	0	1	0	0	0	0	0	0	0	0	0	WeMoInsightSwitch2
0	0	0	0	20	0	0	0	15	2	2	0	0	1	0	0	0	0	0	0	0	0	0	WeMoInsightSwitch2
0	0	0	0	1400	0	0	0	15	2	2	0	0	1	0	0	0	0	0	0	0	0	0	WeMoInsightSwitch2
0	0	0	0	1400	0	0	0	15	2	2	0	0	1	0	0	0	0	0	0	0	0	0	WeMoInsightSwitch2
0	0	0	0	1400	0	0	0	15	2	2	0	0	1	0	0	0	0	0	0	0	0	0	WeMoInsightSwitch2
0	0	0	0	79	0	0	0	15	2	2	0	0	1	0	0	0	0	0	0	0	0	0	WeMoInsightSwitch2
0	0	0	0	20	0	0	0	15	2	2	0	0	1	0	0	0	0	0	0	0	0	0	WeMoInsightSwitch2
0	0	0	0	414	0	0	0	15	2	2	0	0	1	0	0	0	0	0	0	0	0	0	WeMoInsightSwitch2
0	0	0	0	1400	0	0	0	15	2	2	0	0	1	0	0	0	0	0	0	0	0	0	WeMoInsightSwitch2
0	0	0	0	20	0	0	0	15	2	2	0	0	1	0	0	0	0	0	0	0	0	0	WeMoInsightSwitch2
0	0	0	0	1090	0	0	0	15	2	2	0	0	1	0	0	0	0	0	0	0	0	0	WeMoInsightSwitch2
0	0	0	0	1400	0	0	0	15	2	2	0	0	1	0	0	0	0	0	0	0	0	0	WeMoInsightSwitch2
0	0	0	0	20	0	0	0	15	2	2	0	0	1	0	0	0	0	0	0	0	0	0	WeMoInsightSwitch2
0	0	0	0	20	0	0	0	15	2	2	0	0	1	0	0	0	0	0	0	0	0	0	WeMoInsightSwitch2
0	0	0	0	20	0	0	0	15	2	2	0	0	1	0	0	0	0	0	0	0	0	0	WeMoInsightSwitch2
0	0	0	0	1400	0	0	0	15	2	2	0	0	1	0	0	0	0	0	0	0	0	0	WeMoInsightSwitch2
0	0	0	0	1400	0	0	0	15	2	2	0	0	1	0	0	0	0	0	0	0	0	0	WeMoInsightSwitch2
0	0	0	0	20	0	0	0	15	2	2	0	0	1	0	0	0	0	0	0	0	0	0	WeMoInsightSwitch2
0	0	0	0	1400	0	0	0	15	2	2	0	0	1	0	0	0	0	0	0	0	0	0	WeMoInsightSwitch2
0	0	0	0	1400	0	0	0	15	2	2	0	0	1	0	0	0	0	0	0	0	0	0	WeMoInsightSwitch2
0	0	0	0	1400	0	0	0	15	2	2	0	0	1	0	0	0	0	0	0	0	0	0	WeMoInsightSwitch2
0	0	0	0	20	0	0	0	15	2	2	0	0	1	0	0	0	0	0	0	0	0	0	WeMoInsightSwitch2
0	0	0	0	1060	0	0	0	15	2	2	0	0	1	0	0	0	0	0	0	0	0	0	WeMoInsightSwitch2
0	0	0	0	1400	0	0	0	15	2	2	0	0	1	0	0	0	0	0	0	0	0	0	WeMoInsightSwitch2
0	0	0	0	1400	0	0	0	15	2	2	0	0	1	0	0	0	0	0	0	0	0	0	WeMoInsightSwitch2
0	0	0	0	20	0	0	0	15	2	2	0	0	1	0	0	0	0	0	0	0	0	0	WeMoInsightSwitch2
0	0	0	0	1400	0	0	0	15	2	2	0	0	1	0	0	0	0	0	0	0	0	0	WeMoInsightSwitch2
0	0	0	0	20	0	0	0	15	2	2	0	0	1	0	0	0	0	0	0	0	0	0	WeMoInsightSwitch2
0	0	0	0	20	0	0	0	15	2	2	0	0	1	0	0	0	0	0	0	0	0	0	WeMoInsightSwitch2
0	0	0	0	20	0	0	0	15	2	2	0	0	1	0	0	0	0	0	0	0	0	0	WeMoInsightSwitch2
0	0	0	0	1400	0	0	0	15	2	2	0	0	1	0	0	0	0	0	0	0	0	0	WeMoInsightSwitch2
0	0	0	0	1400	0	0	0	15	2	2	0	0	1	0	0	0	0	0	0	0	0	0	WeMoInsightSwitch2
0	0	0	0	1400	0	0	0	15	2	2	0	0	1	0	0	0	0	0	0	0	0	0	WeMoInsightSwitch2
0	0	0	0	20	0	0	0	15	2	2	0	0	1	0	0	0	0	0	0	0	0	0	WeMoInsightSwitch2
0	0	0	0	468	0	0	0	15	2	2	0	0	1	0	0	0	0	0	0	0	0	0	WeMoInsightSwitch2
0	0	0	0	20	0	0	0	15	2	2	0	0	1	0	0	0	0	0	0	0	0	0	WeMoInsightSwitch2
0	0	0	0	20	0	0	0	15	2	2	0	0	1	0	0	0	0	0	0	0	0	0	WeMoInsightSwitch2
0	0	0	0	1400	0	0	0	15	2	2	0	0	1	0	0	0	0	0	0	0	0	0	WeMoInsightSwitch2
0	0	0	0	1400	0	0	0	15	2	2	0	0	1	0	0	0	0	0	0	0	0	0	WeMoInsightSwitch2
0	0	0	0	20	0	0	0	15	2	2	0	0	1	0	0	0	0	0	0	0	0	0	WeMoInsightSwitch2
0	0	0	0	20	0	0	0	15	2	2	0	0	1	0	0	0	0	0	0	0	0	0	WeMoInsightSwitch2
0	0	0	0	20	0	0	0	15	2	2	0	0	1	0	0	0	0	0	0	0	0	0	WeMoInsightSwitch2
0	0	0	0	20	0	0	0	15	2	2	0	0	1	0	0	0	0	0	0	0	0	0	WeMoInsightSwitch2
0	0	0	0	20	0	0	0	15	2	2	0	0	1	0	0	0	0	0	0	0	0	0	WeMoInsightSwitch2
0	0	0	0	1400	0	0	0	15	2	2	0	0	1	0	0	0	0	0	0	0	0	0	WeMoInsightSwitch2
0	0	0	0	58	0	0	0	15	2	2	0	0	1	0	0	0	0	0	0	0	0	0	WeMoInsightSwitch2
0	0	0	0	20	0	0	0	15	2	2	0	0	1	0	0	0	0	0	0	0	0	0	WeMoInsightSwitch2
0	0	0	0	1400	0	0	0	15	2	2	0	0	1	0	0	0	0	0	0	0	0	0	WeMoInsightSwitch2
0	0	0	0	825	0	0	0	15	2	2	0	0	1	0	0	0	0	0	0	0	0	0	WeMoInsightSwitch2
0	0	0	0	57	0	0	0	15	2	2	0	0	1	0	0	0	0	0	0	0	0	0	WeMoInsightSwitch2
0	0	0	0	20	0	0	0	15	2	2	0	0	1	0	0	0	0	0	0	0	0	0	WeMoInsightSwitch2
0	0	0	0	20	0	0	0	15	2	2	0	0	1	0	0	0	0	0	0	0	0	0	WeMoInsightSwitch2
0	0	0	0	20	0	0	0	15	2	2	0	0	1	0	0	0	0	0	0	0	0	0	WeMoInsightSwitch2
0	0	0	0	1400	0	0	0	15	2	2	0	0	1	0	0	0	0	0	0	0	0	0	WeMoInsightSwitch2
0	0	0	0	1400	0	0	0	15	2	2	0	0	1	0	0	0	0	0	0	0	0	0	WeMoInsightSwitch2
0	0	0	0	1400	0	0	0	15	2	2	0	0	1	0	0	0	0	0	0	0	0	0	WeMoInsightSwitch2
0	0	0	0	20	0	0	0	15	2	2	0	0	1	0	0	0	0	0	0	0	0	0	WeMoInsightSwitch2
0	0	0	0	50	0	0	0	15	2	2	0	0	1	0	0	0	0	0	0	0	0	0	WeMoInsightSwitch2
0	0	0	0	20	0	0	0	15	2	2	0	0	1	0	0	0	0	0	0	0	0	0	WeMoInsightSwitch2
0	0	0	0	1400	0	0	0	15	2	2	0	0	1	0	0	0	0	0	0	0	0	0	WeMoInsightSwitch2
0	0	0	0	1400	0	0	0	15	2	2	0	0	1	0	0	0	0	0	0	0	0	0	WeMoInsightSwitch2
0	0	0	0	57	0	0	0	15	2	2	0	0	1	0	0	0	0	0	0	0	0	0	WeMoInsightSwitch2
0	0	0	0	20	0	0	0	15	2	2	0	0	1	0	0	0	0	0	0	0	0	0	WeMoInsightSwitch2
0	0	0	0	20	0	0	0	15	2	2	0	0	1	0	0	0	0	0	0	0	0	0	WeMoInsightSwitch2
0	0	0	0	20	0	0	0	15	2	2	0	0	1	0	0	0	0	0	0	0	0	0	WeMoInsightSwitch2
0	0	0	0	20	0	0	0	15	2	2	0	0	1	0	0	0	0	0	0	0	0	0	WeMoInsightSwitch2
0	0	0	0	1400	0	0	0	15	2	2	0	0	1	0	0	0	0	0	0	0	0	0	WeMoInsightSwitch2
0	0	0	0	20	0	0	0	15	2	2	0	0	1	0	0	0	0	0	0	0	0	0	WeMoInsightSwitch2
0	0	0	0	1400	0	0	0	15	2	2	0	0	1	0	0	0	0	0	0	0	0	0	WeMoInsightSwitch2
0	0	0	0	1400	0	0	0	15	2	2	0	0	1	0	0	0	0	0	0	0	0	0	WeMoInsightSwitch2
0	0	0	0	20	0	0	0	15	2	2	0	0	1	0	0	0	0	0	0	0	0	0	WeMoInsightSwitch2
0	0	0	0	1400	0	0	0	15	2	2	0	0	1	0	0	0	0	0	0	0	0	0	WeMoInsightSwitch2
0	0	0	0	1400	0	0	0	15	2	2	0	0	1	0	0	0	0	0	0	0	0	0	WeMoInsightSwitch2
0	0	0	0	20	0	0	0	15	2	2	0	0	1	0	0	0	0	0	0	0	0	0	WeMoInsightSwitch2
0	0	0	0	646	0	0	0	15	2	2	0	0	1	0	0	0	0	0	0	0	0	0	WeMoInsightSwitch2
0	0	0	0	20	0	0	0	15	2	2	0	0	1	0	0	0	0	0	0	0	0	0	WeMoInsightSwitch2
0	0	0	0	1400	0	0	0	15	2	2	0	0	1	0	0	0	0	0	0	0	0	0	WeMoInsightSwitch2
0	0	0	0	20	0	0	0	15	2	2	0	0	1	0	0	0	0	0	0	0	0	0	WeMoInsightSwitch2
0	0	0	0	1400	0	0	0	15	2	2	0	0	1	0	0	0	0	0	0	0	0	0	WeMoInsightSwitch2
0	0	0	0	1400	0	0	0	15	2	2	0	0	1	0	0	0	0	0	0	0	0	0	WeMoInsightSwitch2
0	0	0	0	20	0	0	0	15	2	2	0	0	1	0	0	0	0	0	0	0	0	0	WeMoInsightSwitch2
0	0	0	0	1400	0	0	0	15	2	2	0	0	1	0	0	0	0	0	0	0	0	0	WeMoInsightSwitch2
0	0	0	0	20	0	0	0	15	2	2	0	0	1	0	0	0	0	0	0	0	0	0	WeMoInsightSwitch2
0	0	0	0	1400	0	0	0	15	2	2	0	0	1	0	0	0	0	0	0	0	0	0	WeMoInsightSwitch2
0	0	0	0	1400	0	0	0	15	2	2	0	0	1	0	0	0	0	0	0	0	0	0	WeMoInsightSwitch2
0	0	0	0	20	0	0	0	15	2	2	0	0	1	0	0	0	0	0	0	0	0	0	WeMoInsightSwitch2
0	0	0	0	694	0	0	0	15	2	2	0	0	1	0	0	0	0	0	0	0	0	0	WeMoInsightSwitch2
0	0	0	0	20	0	0	0	15	2	2	0	0	1	0	0	0	0	0	0	0	0	0	WeMoInsightSwitch2
0	0	0	0	20	0	0	0	15	2	2	0	0	1	0	0	0	0	0	0	0	0	0	WeMoInsightSwitch2
0	0	0	0	20	0	0	0	15	2	2	0	0	1	0	0	0	0	0	0	0	0	0	WeMoInsightSwitch2
0	0	0	0	20	0	0	0	15	2	2	0	0	1	0	0	0	0	0	0	0	0	0	WeMoInsightSwitch2
0	0	0	0	1278	0	0	0	15	2	2	0	0	1	0	0	0	0	0	0	0	0	0	WeMoInsightSwitch2
0	0	0	0	20	0	0	0	15	2	2	0	0	1	0	0	0	0	0	0	0	0	0	WeMoInsightSwitch2
0	0	0	0	1400	0	0	0	15	2	2	0	0	1	0	0	0	0	0	0	0	0	0	WeMoInsightSwitch2
0	0	0	0	325	0	0	0	15	2	2	0	0	1	0	0	0	0	0	0	0	0	0	WeMoInsightSwitch2
0	0	0	0	20	0	0	0	15	2	2	0	0	1	0	0	0	0	0	0	0	0	0	WeMoInsightSwitch2
0	0	0	0	57	0	0	0	15	2	2	0	0	1	0	0	0	0	0	0	0	0	0	WeMoInsightSwitch2
0	0	0	0	20	0	0	0	15	2	2	0	0	1	0	0	0	0	0	0	0	0	0	WeMoInsightSwitch2
0	0	0	0	20	0	0	0	15	2	2	0	0	1	0	0	0	0	0	0	0	0	0	WeMoInsightSwitch2
0	0	0	0	57	0	0	0	15	2	2	0	0	1	0	0	0	0	0	0	0	0	0	WeMoInsightSwitch2
0	0	0	0	20	0	0	0	15	2	2	0	0	1	0	0	0	0	0	0	0	0	0	WeMoInsightSwitch2
0	0	0	0	20	0	0	0	15	2	2	0	0	1	0	0	0	0	0	0	0	0	0	WeMoInsightSwitch2
0	0	0	0	20	0	0	0	15	2	2	0	0	1	0	0	0	0	0	0	0	0	0	WeMoInsightSwitch2
0	0	0	0	160	0	0	0	15	2	2	0	0	1	0	0	0	0	0	0	0	0	0	WeMoInsightSwitch2
0	0	0	0	20	0	0	0	15	2	2	0	0	1	0	0	0	0	0	0	0	0	0	WeMoInsightSwitch2
0	0	0	0	176	0	0	0	15	2	2	0	0	1	0	0	0	0	0	0	0	0	0	WeMoInsightSwitch2
0	0	0	0	20	0	0	0	15	2	2	0	0	1	0	0	0	0	0	0	0	0	0	WeMoInsightSwitch2
0	0	0	0	124	0	0	0	15	2	2	0	0	1	0	0	0	0	0	0	0	0	0	WeMoInsightSwitch2
0	0	0	0	20	0	0	0	15	2	2	0	0	1	0	0	0	0	0	0	0	0	0	WeMoInsightSwitch2
0	0	0	0	16	0	0	1	15	0	0	0	0	0	0	0	0	0	0	0	0	0	0	WeMoInsightSwitch2
0	0	0	0	38	0	0	0	15	2	1	0	0	0	1	0	0	0	0	0	1	0	0	WeMoInsightSwitch2
0	0	0	0	434	0	0	0	15	1	2	0	0	0	1	0	0	0	0	0	1	0	0	WeMoInsightSwitch2
0	0	0	0	32	0	0	0	16	2	2	0	0	1	0	0	0	0	0	0	0	0	0	WeMoInsightSwitch2
0	0	0	0	32	0	0	0	16	2	2	0	0	1	0	0	0	0	0	0	0	0	0	WeMoInsightSwitch2
0	0	0	0	20	0	0	0	16	2	2	0	0	1	0	0	0	0	0	0	0	0	0	WeMoInsightSwitch2
0	0	0	0	137	0	0	0	16	2	2	0	0	1	0	0	0	0	0	0	0	0	0	WeMoInsightSwitch2
0	0	0	0	20	0	0	0	16	2	2	0	0	1	0	0	0	0	0	0	0	0	0	WeMoInsightSwitch2
0	0	0	0	1400	0	0	0	16	2	2	0	0	1	0	0	0	0	0	0	0	0	0	WeMoInsightSwitch2
0	0	0	0	1400	0	0	0	16	2	2	0	0	1	0	0	0	0	0	0	0	0	0	WeMoInsightSwitch2
0	0	0	0	1356	0	0	0	16	2	2	0	0	1	0	0	0	0	0	0	0	0	0	WeMoInsightSwitch2
0	0	0	0	823	0	0	0	16	2	2	0	0	1	0	0	0	0	0	0	0	0	0	WeMoInsightSwitch2
0	0	0	0	20	0	0	0	16	2	2	0	0	1	0	0	0	0	0	0	0	0	0	WeMoInsightSwitch2
0	0	0	0	20	0	0	0	16	2	2	0	0	1	0	0	0	0	0	0	0	0	0	WeMoInsightSwitch2
0	0	0	0	20	0	0	0	16	2	2	0	0	1	0	0	0	0	0	0	0	0	0	WeMoInsightSwitch2
0	0	0	0	20	0	0	0	16	2	2	0	0	1	0	0	0	0	0	0	0	0	0	WeMoInsightSwitch2
0	0	0	0	346	0	0	0	16	2	2	0	0	1	0	0	0	0	0	0	0	0	0	WeMoInsightSwitch2
0	0	0	0	79	0	0	0	16	2	2	0	0	1	0	0	0	0	0	0	0	0	0	WeMoInsightSwitch2
0	0	0	0	20	0	0	0	16	2	2	0	0	1	0	0	0	0	0	0	0	0	0	WeMoInsightSwitch2
0	0	0	0	398	0	0	0	16	2	2	0	0	1	0	0	0	0	0	0	0	0	0	WeMoInsightSwitch2
0	0	0	0	1400	0	0	0	16	2	2	0	0	1	0	0	0	0	0	0	0	0	0	WeMoInsightSwitch2
0	0	0	0	20	0	0	0	16	2	2	0	0	1	0	0	0	0	0	0	0	0	0	WeMoInsightSwitch2
0	0	0	0	1400	0	0	0	16	2	2	0	0	1	0	0	0	0	0	0	0	0	0	WeMoInsightSwitch2
0	0	0	0	1400	0	0	0	16	2	2	0	0	1	0	0	0	0	0	0	0	0	0	WeMoInsightSwitch2
0	0	0	0	1400	0	0	0	16	2	2	0	0	1	0	0	0	0	0	0	0	0	0	WeMoInsightSwitch2
0	0	0	0	20	0	0	0	16	2	2	0	0	1	0	0	0	0	0	0	0	0	0	WeMoInsightSwitch2
0	0	0	0	1400	0	0	0	16	2	2	0	0	1	0	0	0	0	0	0	0	0	0	WeMoInsightSwitch2
0	0	0	0	1400	0	0	0	16	2	2	0	0	1	0	0	0	0	0	0	0	0	0	WeMoInsightSwitch2
0	0	0	0	1400	0	0	0	16	2	2	0	0	1	0	0	0	0	0	0	0	0	0	WeMoInsightSwitch2
0	0	0	0	20	0	0	0	16	2	2	0	0	1	0	0	0	0	0	0	0	0	0	WeMoInsightSwitch2
0	0	0	0	1400	0	0	0	16	2	2	0	0	1	0	0	0	0	0	0	0	0	0	WeMoInsightSwitch2
0	0	0	0	1400	0	0	0	16	2	2	0	0	1	0	0	0	0	0	0	0	0	0	WeMoInsightSwitch2
0	0	0	0	20	0	0	0	16	2	2	0	0	1	0	0	0	0	0	0	0	0	0	WeMoInsightSwitch2
0	0	0	0	20	0	0	0	16	2	2	0	0	1	0	0	0	0	0	0	0	0	0	WeMoInsightSwitch2
0	0	0	0	20	0	0	0	16	2	2	0	0	1	0	0	0	0	0	0	0	0	0	WeMoInsightSwitch2
0	0	0	0	1400	0	0	0	16	2	2	0	0	1	0	0	0	0	0	0	0	0	0	WeMoInsightSwitch2
0	0	0	0	58	0	0	0	16	2	2	0	0	1	0	0	0	0	0	0	0	0	0	WeMoInsightSwitch2
0	0	0	0	1400	0	0	0	16	2	2	0	0	1	0	0	0	0	0	0	0	0	0	WeMoInsightSwitch2
0	0	0	0	1400	0	0	0	16	2	2	0	0	1	0	0	0	0	0	0	0	0	0	WeMoInsightSwitch2
0	0	0	0	20	0	0	0	16	2	2	0	0	1	0	0	0	0	0	0	0	0	0	WeMoInsightSwitch2
0	0	0	0	20	0	0	0	16	2	2	0	0	1	0	0	0	0	0	0	0	0	0	WeMoInsightSwitch2
0	0	0	0	1400	0	0	0	16	2	2	0	0	1	0	0	0	0	0	0	0	0	0	WeMoInsightSwitch2
0	0	0	0	20	0	0	0	16	2	2	0	0	1	0	0	0	0	0	0	0	0	0	WeMoInsightSwitch2
0	0	0	0	172	0	0	0	16	2	2	0	0	1	0	0	0	0	0	0	0	0	0	WeMoInsightSwitch2
0	0	0	0	20	0	0	0	16	2	2	0	0	1	0	0	0	0	0	0	0	0	0	WeMoInsightSwitch2
0	0	0	0	20	0	0	0	16	2	2	0	0	1	0	0	0	0	0	0	0	0	0	WeMoInsightSwitch2
0	0	0	0	20	0	0	0	16	2	2	0	0	1	0	0	0	0	0	0	0	0	0	WeMoInsightSwitch2
0	0	0	0	20	0	0	0	16	2	2	0	0	1	0	0	0	0	0	0	0	0	0	WeMoInsightSwitch2
0	0	0	0	1400	0	0	0	16	2	2	0	0	1	0	0	0	0	0	0	0	0	0	WeMoInsightSwitch2
0	0	0	0	117	0	0	0	16	2	2	0	0	1	0	0	0	0	0	0	0	0	0	WeMoInsightSwitch2
0	0	0	0	20	0	0	0	16	2	2	0	0	1	0	0	0	0	0	0	0	0	0	WeMoInsightSwitch2
0	0	0	0	57	0	0	0	16	2	2	0	0	1	0	0	0	0	0	0	0	0	0	WeMoInsightSwitch2
0	0	0	0	20	0	0	0	16	2	2	0	0	1	0	0	0	0	0	0	0	0	0	WeMoInsightSwitch2
0	0	0	0	57	0	0	0	16	2	2	0	0	1	0	0	0	0	0	0	0	0	0	WeMoInsightSwitch2
0	0	0	0	20	0	0	0	16	2	2	0	0	1	0	0	0	0	0	0	0	0	0	WeMoInsightSwitch2
0	0	0	0	20	0	0	0	16	2	2	0	0	1	0	0	0	0	0	0	0	0	0	WeMoInsightSwitch2
0	0	0	0	20	0	0	0	16	2	2	0	0	1	0	0	0	0	0	0	0	0	0	WeMoInsightSwitch2
0	0	0	0	38	0	0	0	16	2	1	0	0	0	1	0	0	0	0	0	1	0	0	WeMoInsightSwitch2
0	0	0	0	434	0	0	0	16	1	2	0	0	0	1	0	0	0	0	0	1	0	0	WeMoInsightSwitch2
0	0	0	0	32	0	0	0	17	2	2	0	0	1	0	0	0	0	0	0	0	0	0	WeMoInsightSwitch2
0	0	0	0	32	0	0	0	17	2	2	0	0	1	0	0	0	0	0	0	0	0	0	WeMoInsightSwitch2
0	0	0	0	20	0	0	0	17	2	2	0	0	1	0	0	0	0	0	0	0	0	0	WeMoInsightSwitch2
0	0	0	0	137	0	0	0	17	2	2	0	0	1	0	0	0	0	0	0	0	0	0	WeMoInsightSwitch2
0	0	0	0	20	0	0	0	17	2	2	0	0	1	0	0	0	0	0	0	0	0	0	WeMoInsightSwitch2
0	0	0	0	1400	0	0	0	17	2	2	0	0	1	0	0	0	0	0	0	0	0	0	WeMoInsightSwitch2
0	0	0	0	1400	0	0	0	17	2	2	0	0	1	0	0	0	0	0	0	0	0	0	WeMoInsightSwitch2
0	0	0	0	1356	0	0	0	17	2	2	0	0	1	0	0	0	0	0	0	0	0	0	WeMoInsightSwitch2
0	0	0	0	823	0	0	0	17	2	2	0	0	1	0	0	0	0	0	0	0	0	0	WeMoInsightSwitch2
0	0	0	0	20	0	0	0	17	2	2	0	0	1	0	0	0	0	0	0	0	0	0	WeMoInsightSwitch2
0	0	0	0	20	0	0	0	17	2	2	0	0	1	0	0	0	0	0	0	0	0	0	WeMoInsightSwitch2
0	0	0	0	20	0	0	0	17	2	2	0	0	1	0	0	0	0	0	0	0	0	0	WeMoInsightSwitch2
0	0	0	0	20	0	0	0	17	2	2	0	0	1	0	0	0	0	0	0	0	0	0	WeMoInsightSwitch2
0	0	0	0	346	0	0	0	17	2	2	0	0	1	0	0	0	0	0	0	0	0	0	WeMoInsightSwitch2
0	0	0	0	79	0	0	0	17	2	2	0	0	1	0	0	0	0	0	0	0	0	0	WeMoInsightSwitch2
0	0	0	0	20	0	0	0	17	2	2	0	0	1	0	0	0	0	0	0	0	0	0	WeMoInsightSwitch2
0	0	0	0	430	0	0	0	17	2	2	0	0	1	0	0	0	0	0	0	0	0	0	WeMoInsightSwitch2
0	0	0	0	1400	0	0	0	17	2	2	0	0	1	0	0	0	0	0	0	0	0	0	WeMoInsightSwitch2
0	0	0	0	20	0	0	0	17	2	2	0	0	1	0	0	0	0	0	0	0	0	0	WeMoInsightSwitch2
0	0	0	0	1400	0	0	0	17	2	2	0	0	1	0	0	0	0	0	0	0	0	0	WeMoInsightSwitch2
0	0	0	0	1400	0	0	0	17	2	2	0	0	1	0	0	0	0	0	0	0	0	0	WeMoInsightSwitch2
0	0	0	0	1400	0	0	0	17	2	2	0	0	1	0	0	0	0	0	0	0	0	0	WeMoInsightSwitch2
0	0	0	0	20	0	0	0	17	2	2	0	0	1	0	0	0	0	0	0	0	0	0	WeMoInsightSwitch2
0	0	0	0	1400	0	0	0	17	2	2	0	0	1	0	0	0	0	0	0	0	0	0	WeMoInsightSwitch2
0	0	0	0	1400	0	0	0	17	2	2	0	0	1	0	0	0	0	0	0	0	0	0	WeMoInsightSwitch2
0	0	0	0	1400	0	0	0	17	2	2	0	0	1	0	0	0	0	0	0	0	0	0	WeMoInsightSwitch2
0	0	0	0	20	0	0	0	17	2	2	0	0	1	0	0	0	0	0	0	0	0	0	WeMoInsightSwitch2
0	0	0	0	1400	0	0	0	17	2	2	0	0	1	0	0	0	0	0	0	0	0	0	WeMoInsightSwitch2
0	0	0	0	1400	0	0	0	17	2	2	0	0	1	0	0	0	0	0	0	0	0	0	WeMoInsightSwitch2
0	0	0	0	20	0	0	0	17	2	2	0	0	1	0	0	0	0	0	0	0	0	0	WeMoInsightSwitch2
0	0	0	0	20	0	0	0	17	2	2	0	0	1	0	0	0	0	0	0	0	0	0	WeMoInsightSwitch2
0	0	0	0	20	0	0	0	17	2	2	0	0	1	0	0	0	0	0	0	0	0	0	WeMoInsightSwitch2
0	0	0	0	1400	0	0	0	17	2	2	0	0	1	0	0	0	0	0	0	0	0	0	WeMoInsightSwitch2
0	0	0	0	58	0	0	0	17	2	2	0	0	1	0	0	0	0	0	0	0	0	0	WeMoInsightSwitch2
0	0	0	0	1400	0	0	0	17	2	2	0	0	1	0	0	0	0	0	0	0	0	0	WeMoInsightSwitch2
0	0	0	0	1400	0	0	0	17	2	2	0	0	1	0	0	0	0	0	0	0	0	0	WeMoInsightSwitch2
0	0	0	0	20	0	0	0	17	2	2	0	0	1	0	0	0	0	0	0	0	0	0	WeMoInsightSwitch2
0	0	0	0	20	0	0	0	17	2	2	0	0	1	0	0	0	0	0	0	0	0	0	WeMoInsightSwitch2
0	0	0	0	1400	0	0	0	17	2	2	0	0	1	0	0	0	0	0	0	0	0	0	WeMoInsightSwitch2
0	0	0	0	1400	0	0	0	17	2	2	0	0	1	0	0	0	0	0	0	0	0	0	WeMoInsightSwitch2
0	0	0	0	1400	0	0	0	17	2	2	0	0	1	0	0	0	0	0	0	0	0	0	WeMoInsightSwitch2
0	0	0	0	20	0	0	0	17	2	2	0	0	1	0	0	0	0	0	0	0	0	0	WeMoInsightSwitch2
0	0	0	0	20	0	0	0	17	2	2	0	0	1	0	0	0	0	0	0	0	0	0	WeMoInsightSwitch2
0	0	0	0	1400	0	0	0	17	2	2	0	0	1	0	0	0	0	0	0	0	0	0	WeMoInsightSwitch2
0	0	0	0	1400	0	0	0	17	2	2	0	0	1	0	0	0	0	0	0	0	0	0	WeMoInsightSwitch2
0	0	0	0	276	0	0	0	17	2	2	0	0	1	0	0	0	0	0	0	0	0	0	WeMoInsightSwitch2
0	0	0	0	20	0	0	0	17	2	2	0	0	1	0	0	0	0	0	0	0	0	0	WeMoInsightSwitch2
0	0	0	0	1400	0	0	0	17	2	2	0	0	1	0	0	0	0	0	0	0	0	0	WeMoInsightSwitch2
0	0	0	0	20	0	0	0	17	2	2	0	0	1	0	0	0	0	0	0	0	0	0	WeMoInsightSwitch2
0	0	0	0	1400	0	0	0	17	2	2	0	0	1	0	0	0	0	0	0	0	0	0	WeMoInsightSwitch2
0	0	0	0	20	0	0	0	17	2	2	0	0	1	0	0	0	0	0	0	0	0	0	WeMoInsightSwitch2
0	0	0	0	1400	0	0	0	17	2	2	0	0	1	0	0	0	0	0	0	0	0	0	WeMoInsightSwitch2
0	0	0	0	20	0	0	0	17	2	2	0	0	1	0	0	0	0	0	0	0	0	0	WeMoInsightSwitch2
0	0	0	0	1400	0	0	0	17	2	2	0	0	1	0	0	0	0	0	0	0	0	0	WeMoInsightSwitch2
0	0	0	0	20	0	0	0	17	2	2	0	0	1	0	0	0	0	0	0	0	0	0	WeMoInsightSwitch2
0	0	0	0	1400	0	0	0	17	2	2	0	0	1	0	0	0	0	0	0	0	0	0	WeMoInsightSwitch2
0	0	0	0	1400	0	0	0	17	2	2	0	0	1	0	0	0	0	0	0	0	0	0	WeMoInsightSwitch2
0	0	0	0	20	0	0	0	17	2	2	0	0	1	0	0	0	0	0	0	0	0	0	WeMoInsightSwitch2
0	0	0	0	20	0	0	0	17	2	2	0	0	1	0	0	0	0	0	0	0	0	0	WeMoInsightSwitch2
0	0	0	0	398	0	0	0	17	2	2	0	0	1	0	0	0	0	0	0	0	0	0	WeMoInsightSwitch2
0	0	0	0	1400	0	0	0	17	2	2	0	0	1	0	0	0	0	0	0	0	0	0	WeMoInsightSwitch2
0	0	0	0	20	0	0	0	17	2	2	0	0	1	0	0	0	0	0	0	0	0	0	WeMoInsightSwitch2
0	0	0	0	1400	0	0	0	17	2	2	0	0	1	0	0	0	0	0	0	0	0	0	WeMoInsightSwitch2
0	0	0	0	1400	0	0	0	17	2	2	0	0	1	0	0	0	0	0	0	0	0	0	WeMoInsightSwitch2
0	0	0	0	20	0	0	0	17	2	2	0	0	1	0	0	0	0	0	0	0	0	0	WeMoInsightSwitch2
0	0	0	0	1400	0	0	0	17	2	2	0	0	1	0	0	0	0	0	0	0	0	0	WeMoInsightSwitch2
0	0	0	0	1400	0	0	0	17	2	2	0	0	1	0	0	0	0	0	0	0	0	0	WeMoInsightSwitch2
0	0	0	0	1400	0	0	0	17	2	2	0	0	1	0	0	0	0	0	0	0	0	0	WeMoInsightSwitch2
0	0	0	0	20	0	0	0	17	2	2	0	0	1	0	0	0	0	0	0	0	0	0	WeMoInsightSwitch2
0	0	0	0	1400	0	0	0	17	2	2	0	0	1	0	0	0	0	0	0	0	0	0	WeMoInsightSwitch2
0	0	0	0	20	0	0	0	17	2	2	0	0	1	0	0	0	0	0	0	0	0	0	WeMoInsightSwitch2
0	0	0	0	350	0	0	0	17	2	2	0	0	1	0	0	0	0	0	0	0	0	0	WeMoInsightSwitch2
0	0	0	0	1400	0	0	0	17	2	2	0	0	1	0	0	0	0	0	0	0	0	0	WeMoInsightSwitch2
0	0	0	0	1400	0	0	0	17	2	2	0	0	1	0	0	0	0	0	0	0	0	0	WeMoInsightSwitch2
0	0	0	0	20	0	0	0	17	2	2	0	0	1	0	0	0	0	0	0	0	0	0	WeMoInsightSwitch2
0	0	0	0	1400	0	0	0	17	2	2	0	0	1	0	0	0	0	0	0	0	0	0	WeMoInsightSwitch2
0	0	0	0	1400	0	0	0	17	2	2	0	0	1	0	0	0	0	0	0	0	0	0	WeMoInsightSwitch2
0	0	0	0	20	0	0	0	17	2	2	0	0	1	0	0	0	0	0	0	0	0	0	WeMoInsightSwitch2
0	0	0	0	1400	0	0	0	17	2	2	0	0	1	0	0	0	0	0	0	0	0	0	WeMoInsightSwitch2
0	0	0	0	20	0	0	0	17	2	2	0	0	1	0	0	0	0	0	0	0	0	0	WeMoInsightSwitch2
0	0	0	0	1400	0	0	0	17	2	2	0	0	1	0	0	0	0	0	0	0	0	0	WeMoInsightSwitch2
0	0	0	0	1400	0	0	0	17	2	2	0	0	1	0	0	0	0	0	0	0	0	0	WeMoInsightSwitch2
0	0	0	0	20	0	0	0	17	2	2	0	0	1	0	0	0	0	0	0	0	0	0	WeMoInsightSwitch2
0	0	0	0	350	0	0	0	17	2	2	0	0	1	0	0	0	0	0	0	0	0	0	WeMoInsightSwitch2
0	0	0	0	20	0	0	0	17	2	2	0	0	1	0	0	0	0	0	0	0	0	0	WeMoInsightSwitch2
0	0	0	0	20	0	0	0	17	2	2	0	0	1	0	0	0	0	0	0	0	0	0	WeMoInsightSwitch2
0	0	0	0	20	0	0	0	17	2	2	0	0	1	0	0	0	0	0	0	0	0	0	WeMoInsightSwitch2
0	0	0	0	20	0	0	0	17	2	2	0	0	1	0	0	0	0	0	0	0	0	0	WeMoInsightSwitch2
0	0	0	0	425	0	0	0	17	2	2	0	0	1	0	0	0	0	0	0	0	0	0	WeMoInsightSwitch2
0	0	0	0	446	0	0	0	17	2	2	0	0	1	0	0	0	0	0	0	0	0	0	WeMoInsightSwitch2
0	0	0	0	1400	0	0	0	17	2	2	0	0	1	0	0	0	0	0	0	0	0	0	WeMoInsightSwitch2
0	0	0	0	1400	0	0	0	17	2	2	0	0	1	0	0	0	0	0	0	0	0	0	WeMoInsightSwitch2
0	0	0	0	1400	0	0	0	17	2	2	0	0	1	0	0	0	0	0	0	0	0	0	WeMoInsightSwitch2
0	0	0	0	1400	0	0	0	17	2	2	0	0	1	0	0	0	0	0	0	0	0	0	WeMoInsightSwitch2
0	0	0	0	1400	0	0	0	17	2	2	0	0	1	0	0	0	0	0	0	0	0	0	WeMoInsightSwitch2
0	0	0	0	1400	0	0	0	17	2	2	0	0	1	0	0	0	0	0	0	0	0	0	WeMoInsightSwitch2
0	0	0	0	1400	0	0	0	17	2	2	0	0	1	0	0	0	0	0	0	0	0	0	WeMoInsightSwitch2
0	0	0	0	1400	0	0	0	17	2	2	0	0	1	0	0	0	0	0	0	0	0	0	WeMoInsightSwitch2
0	0	0	0	20	0	0	0	17	2	2	0	0	1	0	0	0	0	0	0	0	0	0	WeMoInsightSwitch2
0	0	0	0	746	0	0	0	17	2	2	0	0	1	0	0	0	0	0	0	0	0	0	WeMoInsightSwitch2
0	0	0	0	1400	0	0	0	17	2	2	0	0	1	0	0	0	0	0	0	0	0	0	WeMoInsightSwitch2
0	0	0	0	20	0	0	0	17	2	2	0	0	1	0	0	0	0	0	0	0	0	0	WeMoInsightSwitch2
0	0	0	0	1400	0	0	0	17	2	2	0	0	1	0	0	0	0	0	0	0	0	0	WeMoInsightSwitch2
0	0	0	0	1400	0	0	0	17	2	2	0	0	1	0	0	0	0	0	0	0	0	0	WeMoInsightSwitch2
0	0	0	0	20	0	0	0	17	2	2	0	0	1	0	0	0	0	0	0	0	0	0	WeMoInsightSwitch2
0	0	0	0	20	0	0	0	17	2	2	0	0	1	0	0	0	0	0	0	0	0	0	WeMoInsightSwitch2
0	0	0	0	20	0	0	0	17	2	2	0	0	1	0	0	0	0	0	0	0	0	0	WeMoInsightSwitch2
0	0	0	0	98	0	0	0	17	2	2	0	0	1	0	0	0	0	0	0	0	0	0	WeMoInsightSwitch2
0	0	0	0	20	0	0	0	17	2	2	0	0	1	0	0	0	0	0	0	0	0	0	WeMoInsightSwitch2
0	0	0	0	20	0	0	0	17	2	2	0	0	1	0	0	0	0	0	0	0	0	0	WeMoInsightSwitch2
0	0	0	0	20	0	0	0	17	2	2	0	0	1	0	0	0	0	0	0	0	0	0	WeMoInsightSwitch2
0	0	0	0	521	0	0	0	17	2	2	0	0	1	0	0	0	0	0	0	0	0	0	WeMoInsightSwitch2
0	0	0	0	446	0	0	0	17	2	2	0	0	1	0	0	0	0	0	0	0	0	0	WeMoInsightSwitch2
0	0	0	0	1400	0	0	0	17	2	2	0	0	1	0	0	0	0	0	0	0	0	0	WeMoInsightSwitch2
0	0	0	0	1400	0	0	0	17	2	2	0	0	1	0	0	0	0	0	0	0	0	0	WeMoInsightSwitch2
0	0	0	0	1400	0	0	0	17	2	2	0	0	1	0	0	0	0	0	0	0	0	0	WeMoInsightSwitch2
0	0	0	0	1400	0	0	0	17	2	2	0	0	1	0	0	0	0	0	0	0	0	0	WeMoInsightSwitch2
0	0	0	0	1400	0	0	0	17	2	2	0	0	1	0	0	0	0	0	0	0	0	0	WeMoInsightSwitch2
0	0	0	0	1400	0	0	0	17	2	2	0	0	1	0	0	0	0	0	0	0	0	0	WeMoInsightSwitch2
0	0	0	0	1400	0	0	0	17	2	2	0	0	1	0	0	0	0	0	0	0	0	0	WeMoInsightSwitch2
0	0	0	0	1400	0	0	0	17	2	2	0	0	1	0	0	0	0	0	0	0	0	0	WeMoInsightSwitch2
0	0	0	0	20	0	0	0	17	2	2	0	0	1	0	0	0	0	0	0	0	0	0	WeMoInsightSwitch2
0	0	0	0	746	0	0	0	17	2	2	0	0	1	0	0	0	0	0	0	0	0	0	WeMoInsightSwitch2
0	0	0	0	1400	0	0	0	17	2	2	0	0	1	0	0	0	0	0	0	0	0	0	WeMoInsightSwitch2
0	0	0	0	20	0	0	0	17	2	2	0	0	1	0	0	0	0	0	0	0	0	0	WeMoInsightSwitch2
0	0	0	0	1400	0	0	0	17	2	2	0	0	1	0	0	0	0	0	0	0	0	0	WeMoInsightSwitch2
0	0	0	0	1400	0	0	0	17	2	2	0	0	1	0	0	0	0	0	0	0	0	0	WeMoInsightSwitch2
0	0	0	0	20	0	0	0	17	2	2	0	0	1	0	0	0	0	0	0	0	0	0	WeMoInsightSwitch2
0	0	0	0	1400	0	0	0	17	2	2	0	0	1	0	0	0	0	0	0	0	0	0	WeMoInsightSwitch2
0	0	0	0	1400	0	0	0	17	2	2	0	0	1	0	0	0	0	0	0	0	0	0	WeMoInsightSwitch2
0	0	0	0	20	0	0	0	17	2	2	0	0	1	0	0	0	0	0	0	0	0	0	WeMoInsightSwitch2
0	0	0	0	1400	0	0	0	17	2	2	0	0	1	0	0	0	0	0	0	0	0	0	WeMoInsightSwitch2
0	0	0	0	1400	0	0	0	17	2	2	0	0	1	0	0	0	0	0	0	0	0	0	WeMoInsightSwitch2
0	0	0	0	20	0	0	0	17	2	2	0	0	1	0	0	0	0	0	0	0	0	0	WeMoInsightSwitch2
0	0	0	0	646	0	0	0	17	2	2	0	0	1	0	0	0	0	0	0	0	0	0	WeMoInsightSwitch2
0	0	0	0	1400	0	0	0	17	2	2	0	0	1	0	0	0	0	0	0	0	0	0	WeMoInsightSwitch2
0	0	0	0	1400	0	0	0	17	2	2	0	0	1	0	0	0	0	0	0	0	0	0	WeMoInsightSwitch2
0	0	0	0	20	0	0	0	17	2	2	0	0	1	0	0	0	0	0	0	0	0	0	WeMoInsightSwitch2
0	0	0	0	1400	0	0	0	17	2	2	0	0	1	0	0	0	0	0	0	0	0	0	WeMoInsightSwitch2
0	0	0	0	1400	0	0	0	17	2	2	0	0	1	0	0	0	0	0	0	0	0	0	WeMoInsightSwitch2
0	0	0	0	20	0	0	0	17	2	2	0	0	1	0	0	0	0	0	0	0	0	0	WeMoInsightSwitch2
0	0	0	0	1400	0	0	0	17	2	2	0	0	1	0	0	0	0	0	0	0	0	0	WeMoInsightSwitch2
0	0	0	0	20	0	0	0	17	2	2	0	0	1	0	0	0	0	0	0	0	0	0	WeMoInsightSwitch2
0	0	0	0	1400	0	0	0	17	2	2	0	0	1	0	0	0	0	0	0	0	0	0	WeMoInsightSwitch2
0	0	0	0	1400	0	0	0	17	2	2	0	0	1	0	0	0	0	0	0	0	0	0	WeMoInsightSwitch2
0	0	0	0	20	0	0	0	17	2	2	0	0	1	0	0	0	0	0	0	0	0	0	WeMoInsightSwitch2
0	0	0	0	646	0	0	0	17	2	2	0	0	1	0	0	0	0	0	0	0	0	0	WeMoInsightSwitch2
0	0	0	0	1400	0	0	0	17	2	2	0	0	1	0	0	0	0	0	0	0	0	0	WeMoInsightSwitch2
0	0	0	0	20	0	0	0	17	2	2	0	0	1	0	0	0	0	0	0	0	0	0	WeMoInsightSwitch2
0	0	0	0	1400	0	0	0	17	2	2	0	0	1	0	0	0	0	0	0	0	0	0	WeMoInsightSwitch2
0	0	0	0	1400	0	0	0	17	2	2	0	0	1	0	0	0	0	0	0	0	0	0	WeMoInsightSwitch2
0	0	0	0	20	0	0	0	17	2	2	0	0	1	0	0	0	0	0	0	0	0	0	WeMoInsightSwitch2
0	0	0	0	20	0	0	0	17	2	2	0	0	1	0	0	0	0	0	0	0	0	0	WeMoInsightSwitch2
0	0	0	0	20	0	0	0	17	2	2	0	0	1	0	0	0	0	0	0	0	0	0	WeMoInsightSwitch2
0	0	0	0	468	0	0	0	17	2	2	0	0	1	0	0	0	0	0	0	0	0	0	WeMoInsightSwitch2
0	0	0	0	20	0	0	0	17	2	2	0	0	1	0	0	0	0	0	0	0	0	0	WeMoInsightSwitch2
0	0	0	0	20	0	0	0	17	2	2	0	0	1	0	0	0	0	0	0	0	0	0	WeMoInsightSwitch2
0	0	0	0	20	0	0	0	17	2	2	0	0	1	0	0	0	0	0	0	0	0	0	WeMoInsightSwitch2
0	0	0	0	521	0	0	0	17	2	2	0	0	1	0	0	0	0	0	0	0	0	0	WeMoInsightSwitch2
0	0	0	0	20	0	0	0	17	2	2	0	0	1	0	0	0	0	0	0	0	0	0	WeMoInsightSwitch2
